iso3,country,n_draws,token_origin_demand_p05,token_origin_demand_p50,token_origin_demand_p95,compute_execution_received_p05,compute_execution_received_p50,compute_execution_received_p95,displacement_index_p05,displacement_index_p50,displacement_index_p95,outsourcing_ratio_p05,outsourcing_ratio_p50,outsourcing_ratio_p95,electricity_twh_p05,electricity_twh_p50,electricity_twh_p95,direct_co2_mt_p05,direct_co2_mt_p50,direct_co2_mt_p95,role_envelope,claim_boundary
ABW,Aruba,1000,6.585758428203803e-06,1.4236135472682143e-05,3.028881950591692e-05,0.0,0.0,0.0,-3.028881950591692e-05,-1.4236135472682143e-05,-6.585758428203806e-06,1.0,1.0,1.0,0.0,0.0,0.0,0.0,0.0,0.0,token_exporter_candidate,"Monte Carlo uncertainty envelope for modeled token execution flows. The envelope samples public-demand proxy weights, compute-capacity priors, routing-cost weights, entropic-routing temperature, total electricity scaling and carbon-intensity multipliers. It is not an observed provider-routing confidence interval, not measured token OD, not measured electricity procurement, and it is not a reconstruction of private provider routing or measured facility load."
AGO,Angola,1000,0.0004793874669044,0.0010626509431545,0.0023071867317807,0.0,0.0,0.0,-0.0023071867317807,-0.0010626509431545,-0.0004793874669044,1.0,1.0,1.0,0.0,0.0,0.0,0.0,0.0,0.0,token_exporter_candidate,"Monte Carlo uncertainty envelope for modeled token execution flows. The envelope samples public-demand proxy weights, compute-capacity priors, routing-cost weights, entropic-routing temperature, total electricity scaling and carbon-intensity multipliers. It is not an observed provider-routing confidence interval, not measured token OD, not measured electricity procurement, and it is not a reconstruction of private provider routing or measured facility load."
ALB,Albania,1000,0.0001253898255891,0.0002771750226996,0.000599989561529,0.0,0.0,0.0,-0.000599989561529,-0.0002771750226996,-0.0001253898255891,1.0,1.0,1.0,0.0,0.0,0.0,0.0,0.0,0.0,token_exporter_candidate,"Monte Carlo uncertainty envelope for modeled token execution flows. The envelope samples public-demand proxy weights, compute-capacity priors, routing-cost weights, entropic-routing temperature, total electricity scaling and carbon-intensity multipliers. It is not an observed provider-routing confidence interval, not measured token OD, not measured electricity procurement, and it is not a reconstruction of private provider routing or measured facility load."
AND,Andorra,1000,1.54102699547881e-05,3.39885794538261e-05,7.597977967638122e-05,0.0,0.0,0.0,-7.597977967638122e-05,-3.39885794538261e-05,-1.54102699547881e-05,1.0,1.0,1.0,0.0,0.0,0.0,0.0,0.0,0.0,token_exporter_candidate,"Monte Carlo uncertainty envelope for modeled token execution flows. The envelope samples public-demand proxy weights, compute-capacity priors, routing-cost weights, entropic-routing temperature, total electricity scaling and carbon-intensity multipliers. It is not an observed provider-routing confidence interval, not measured token OD, not measured electricity procurement, and it is not a reconstruction of private provider routing or measured facility load."
ARE,United Arab Emirates,1000,0.0029547916353711,0.0046581840605243,0.0073985971779681,0.0296906015679587,0.0479507943745564,0.0787617417503349,0.0241960873709273,0.0431121487670001,0.0746200450009861,0.6582909553921314,0.8114013486371854,0.8926898076441284,1.0071841884345527,2.130089905299749,4.641397787517477,0.4727195724075661,0.9865512923855422,2.219115149893598,compute_importer_candidate,"Monte Carlo uncertainty envelope for modeled token execution flows. The envelope samples public-demand proxy weights, compute-capacity priors, routing-cost weights, entropic-routing temperature, total electricity scaling and carbon-intensity multipliers. It is not an observed provider-routing confidence interval, not measured token OD, not measured electricity procurement, and it is not a reconstruction of private provider routing or measured facility load."
ARG,Argentina,1000,0.005097338799648,0.0081211325018251,0.0129940497582375,0.0,0.0,0.0,-0.0129940497582375,-0.0081211325018251,-0.005097338799648,1.0,1.0,1.0,0.0,0.0,0.0,0.0,0.0,0.0,token_exporter_candidate,"Monte Carlo uncertainty envelope for modeled token execution flows. The envelope samples public-demand proxy weights, compute-capacity priors, routing-cost weights, entropic-routing temperature, total electricity scaling and carbon-intensity multipliers. It is not an observed provider-routing confidence interval, not measured token OD, not measured electricity procurement, and it is not a reconstruction of private provider routing or measured facility load."
ARM,Armenia,1000,0.0001758278017986,0.0003899189667116,0.0008251483895198,0.0,0.0,0.0,-0.0008251483895198,-0.0003899189667116,-0.0001758278017986,1.0,1.0,1.0,0.0,0.0,0.0,0.0,0.0,0.0,token_exporter_candidate,"Monte Carlo uncertainty envelope for modeled token execution flows. The envelope samples public-demand proxy weights, compute-capacity priors, routing-cost weights, entropic-routing temperature, total electricity scaling and carbon-intensity multipliers. It is not an observed provider-routing confidence interval, not measured token OD, not measured electricity procurement, and it is not a reconstruction of private provider routing or measured facility load."
ATG,Antigua and Barbuda,1000,7.392851071100092e-06,1.5964620852778027e-05,3.573863940450645e-05,0.0,0.0,0.0,-3.5738639404506456e-05,-1.5964620852778027e-05,-7.392851071100092e-06,1.0,1.0,1.0,0.0,0.0,0.0,0.0,0.0,0.0,token_exporter_candidate,"Monte Carlo uncertainty envelope for modeled token execution flows. The envelope samples public-demand proxy weights, compute-capacity priors, routing-cost weights, entropic-routing temperature, total electricity scaling and carbon-intensity multipliers. It is not an observed provider-routing confidence interval, not measured token OD, not measured electricity procurement, and it is not a reconstruction of private provider routing or measured facility load."
AUS,Australia,1000,0.0062337356510574,0.0092099832362662,0.0144962993958709,0.0148366159082654,0.0248363758031276,0.0391004738659907,0.0041856078699218,0.0151700991137149,0.0299745327170722,0.7094873017975601,0.8446671839090624,0.920335235519825,0.5095898144678133,1.1005093216308397,2.353605751625145,0.2728970296514859,0.5699925243466915,1.2795807566747426,compute_importer_candidate,"Monte Carlo uncertainty envelope for modeled token execution flows. The envelope samples public-demand proxy weights, compute-capacity priors, routing-cost weights, entropic-routing temperature, total electricity scaling and carbon-intensity multipliers. It is not an observed provider-routing confidence interval, not measured token OD, not measured electricity procurement, and it is not a reconstruction of private provider routing or measured facility load."
AUT,Austria,1000,0.002260328507552,0.0036125893322529,0.0055833783372596,0.0,0.0,0.0,-0.0055833783372596,-0.0036125893322529,-0.002260328507552,1.0,1.0,1.0,0.0,0.0,0.0,0.0,0.0,0.0,token_exporter_candidate,"Monte Carlo uncertainty envelope for modeled token execution flows. The envelope samples public-demand proxy weights, compute-capacity priors, routing-cost weights, entropic-routing temperature, total electricity scaling and carbon-intensity multipliers. It is not an observed provider-routing confidence interval, not measured token OD, not measured electricity procurement, and it is not a reconstruction of private provider routing or measured facility load."
AZE,Azerbaijan,1000,0.0003832448591266,0.000806575467365,0.0017501453740349,0.0,0.0,0.0,-0.0017501453740349,-0.000806575467365,-0.0003832448591266,1.0,1.0,1.0,0.0,0.0,0.0,0.0,0.0,0.0,token_exporter_candidate,"Monte Carlo uncertainty envelope for modeled token execution flows. The envelope samples public-demand proxy weights, compute-capacity priors, routing-cost weights, entropic-routing temperature, total electricity scaling and carbon-intensity multipliers. It is not an observed provider-routing confidence interval, not measured token OD, not measured electricity procurement, and it is not a reconstruction of private provider routing or measured facility load."
BDI,Burundi,1000,4.984477314269645e-05,0.0001075839333731,0.000229219511929,0.0,0.0,0.0,-0.000229219511929,-0.0001075839333731,-4.984477314269647e-05,1.0,1.0,1.0,0.0,0.0,0.0,0.0,0.0,0.0,token_exporter_candidate,"Monte Carlo uncertainty envelope for modeled token execution flows. The envelope samples public-demand proxy weights, compute-capacity priors, routing-cost weights, entropic-routing temperature, total electricity scaling and carbon-intensity multipliers. It is not an observed provider-routing confidence interval, not measured token OD, not measured electricity procurement, and it is not a reconstruction of private provider routing or measured facility load."
BEL,Belgium,1000,0.0014153351592532,0.0029568665480971,0.0067244003917549,0.0116842382519094,0.019351435229989,0.031449649550713,0.0080854116932659,0.0160714640062864,0.028289670477763,0.9479784250429724,0.9691478040498248,0.981760289737908,0.4115082330927801,0.8642060345637851,1.8212432261192144,0.0594368970086945,0.1281913413312975,0.2836202541889597,compute_importer_candidate,"Monte Carlo uncertainty envelope for modeled token execution flows. The envelope samples public-demand proxy weights, compute-capacity priors, routing-cost weights, entropic-routing temperature, total electricity scaling and carbon-intensity multipliers. It is not an observed provider-routing confidence interval, not measured token OD, not measured electricity procurement, and it is not a reconstruction of private provider routing or measured facility load."
BEN,Benin,1000,0.0002386756366766,0.0005157633145671,0.0011264559264745,0.0,0.0,0.0,-0.0011264559264745,-0.0005157633145671,-0.0002386756366766,1.0,1.0,1.0,0.0,0.0,0.0,0.0,0.0,0.0,token_exporter_candidate,"Monte Carlo uncertainty envelope for modeled token execution flows. The envelope samples public-demand proxy weights, compute-capacity priors, routing-cost weights, entropic-routing temperature, total electricity scaling and carbon-intensity multipliers. It is not an observed provider-routing confidence interval, not measured token OD, not measured electricity procurement, and it is not a reconstruction of private provider routing or measured facility load."
BFA,Burkina Faso,1000,0.0002591320877293,0.0005637596811654,0.00128077109861,0.0,0.0,0.0,-0.00128077109861,-0.0005637596811654,-0.0002591320877293,1.0,1.0,1.0,0.0,0.0,0.0,0.0,0.0,0.0,token_exporter_candidate,"Monte Carlo uncertainty envelope for modeled token execution flows. The envelope samples public-demand proxy weights, compute-capacity priors, routing-cost weights, entropic-routing temperature, total electricity scaling and carbon-intensity multipliers. It is not an observed provider-routing confidence interval, not measured token OD, not measured electricity procurement, and it is not a reconstruction of private provider routing or measured facility load."
BGD,Bangladesh,1000,0.0077247340700807,0.0119574176774407,0.0181622601798447,0.0,0.0,0.0,-0.0181622601798447,-0.0119574176774407,-0.0077247340700807,1.0,1.0,1.0,0.0,0.0,0.0,0.0,0.0,0.0,token_exporter_candidate,"Monte Carlo uncertainty envelope for modeled token execution flows. The envelope samples public-demand proxy weights, compute-capacity priors, routing-cost weights, entropic-routing temperature, total electricity scaling and carbon-intensity multipliers. It is not an observed provider-routing confidence interval, not measured token OD, not measured electricity procurement, and it is not a reconstruction of private provider routing or measured facility load."
BGR,Bulgaria,1000,0.0005921359437364,0.0012880582491458,0.0027904349538456,0.0,0.0,0.0,-0.0027904349538456,-0.0012880582491458,-0.0005921359437364,1.0,1.0,1.0,0.0,0.0,0.0,0.0,0.0,0.0,token_exporter_candidate,"Monte Carlo uncertainty envelope for modeled token execution flows. The envelope samples public-demand proxy weights, compute-capacity priors, routing-cost weights, entropic-routing temperature, total electricity scaling and carbon-intensity multipliers. It is not an observed provider-routing confidence interval, not measured token OD, not measured electricity procurement, and it is not a reconstruction of private provider routing or measured facility load."
BHR,Bahrain,1000,0.0001100867097378,0.0002285476319993,0.0005133903821723,0.0019787523577412,0.0032631882774802,0.005289470247042,0.0017286237852091,0.0029927615522045,0.0050503105391838,0.9864426911104724,0.9923892856437996,0.9955378165935304,0.0677393064675618,0.1450022735236138,0.3127053072750986,0.0596857016737552,0.1306670952015715,0.2869938534431568,compute_importer_candidate,"Monte Carlo uncertainty envelope for modeled token execution flows. The envelope samples public-demand proxy weights, compute-capacity priors, routing-cost weights, entropic-routing temperature, total electricity scaling and carbon-intensity multipliers. It is not an observed provider-routing confidence interval, not measured token OD, not measured electricity procurement, and it is not a reconstruction of private provider routing or measured facility load."
BHS,"Bahamas, The",1000,1.945621147004109e-05,4.202064482784405e-05,9.519452863360034e-05,0.0,0.0,0.0,-9.519452863360038e-05,-4.202064482784405e-05,-1.9456211470041092e-05,1.0,1.0,1.0,0.0,0.0,0.0,0.0,0.0,0.0,token_exporter_candidate,"Monte Carlo uncertainty envelope for modeled token execution flows. The envelope samples public-demand proxy weights, compute-capacity priors, routing-cost weights, entropic-routing temperature, total electricity scaling and carbon-intensity multipliers. It is not an observed provider-routing confidence interval, not measured token OD, not measured electricity procurement, and it is not a reconstruction of private provider routing or measured facility load."
BIH,Bosnia and Herzegovina,1000,0.0001609771998064,0.0003351397836906,0.0007068296469853,0.0,0.0,0.0,-0.0007068296469853,-0.0003351397836906,-0.0001609771998064,1.0,1.0,1.0,0.0,0.0,0.0,0.0,0.0,0.0,token_exporter_candidate,"Monte Carlo uncertainty envelope for modeled token execution flows. The envelope samples public-demand proxy weights, compute-capacity priors, routing-cost weights, entropic-routing temperature, total electricity scaling and carbon-intensity multipliers. It is not an observed provider-routing confidence interval, not measured token OD, not measured electricity procurement, and it is not a reconstruction of private provider routing or measured facility load."
BLZ,Belize,1000,1.987170364003422e-05,4.346950841502922e-05,9.303546505990872e-05,0.0,0.0,0.0,-9.303546505990876e-05,-4.346950841502922e-05,-1.9871703640034226e-05,1.0,1.0,1.0,0.0,0.0,0.0,0.0,0.0,0.0,token_exporter_candidate,"Monte Carlo uncertainty envelope for modeled token execution flows. The envelope samples public-demand proxy weights, compute-capacity priors, routing-cost weights, entropic-routing temperature, total electricity scaling and carbon-intensity multipliers. It is not an observed provider-routing confidence interval, not measured token OD, not measured electricity procurement, and it is not a reconstruction of private provider routing or measured facility load."
BMU,Bermuda,1000,5.570482828582463e-06,1.2107141270848733e-05,2.777828970086029e-05,0.0,0.0,0.0,-2.7778289700860293e-05,-1.2107141270848733e-05,-5.570482828582463e-06,1.0,1.0,1.0,0.0,0.0,0.0,0.0,0.0,0.0,token_exporter_candidate,"Monte Carlo uncertainty envelope for modeled token execution flows. The envelope samples public-demand proxy weights, compute-capacity priors, routing-cost weights, entropic-routing temperature, total electricity scaling and carbon-intensity multipliers. It is not an observed provider-routing confidence interval, not measured token OD, not measured electricity procurement, and it is not a reconstruction of private provider routing or measured facility load."
BOL,Bolivia,1000,0.0003796147088635,0.0008297278929256,0.0018514652481079,0.0,0.0,0.0,-0.0018514652481079,-0.0008297278929256,-0.0003796147088635,1.0,1.0,1.0,0.0,0.0,0.0,0.0,0.0,0.0,token_exporter_candidate,"Monte Carlo uncertainty envelope for modeled token execution flows. The envelope samples public-demand proxy weights, compute-capacity priors, routing-cost weights, entropic-routing temperature, total electricity scaling and carbon-intensity multipliers. It is not an observed provider-routing confidence interval, not measured token OD, not measured electricity procurement, and it is not a reconstruction of private provider routing or measured facility load."
BRA,Brazil,1000,0.0178160236414999,0.0275987481682754,0.0412550548114007,0.0145536995712924,0.0232836079007506,0.0387473232099341,-0.0209773123241991,-0.0040945731966648,0.0140649006059225,0.6406234208422211,0.8156041100641703,0.9107009042532216,0.5133718873066404,1.051989159031108,2.2221976037146525,0.054287437942814,0.1160932299578159,0.2467220625803231,uncertain_or_near_balanced,"Monte Carlo uncertainty envelope for modeled token execution flows. The envelope samples public-demand proxy weights, compute-capacity priors, routing-cost weights, entropic-routing temperature, total electricity scaling and carbon-intensity multipliers. It is not an observed provider-routing confidence interval, not measured token OD, not measured electricity procurement, and it is not a reconstruction of private provider routing or measured facility load."
BRB,Barbados,1000,1.777529473057255e-05,3.972664972810494e-05,8.328502468169964e-05,0.0,0.0,0.0,-8.328502468169964e-05,-3.972664972810494e-05,-1.777529473057255e-05,1.0,1.0,1.0,0.0,0.0,0.0,0.0,0.0,0.0,token_exporter_candidate,"Monte Carlo uncertainty envelope for modeled token execution flows. The envelope samples public-demand proxy weights, compute-capacity priors, routing-cost weights, entropic-routing temperature, total electricity scaling and carbon-intensity multipliers. It is not an observed provider-routing confidence interval, not measured token OD, not measured electricity procurement, and it is not a reconstruction of private provider routing or measured facility load."
BRN,Brunei Darussalam,1000,2.564416047972544e-05,5.433952804976132e-05,0.0001163584574853,0.0,0.0,0.0,-0.0001163584574853,-5.433952804976132e-05,-2.564416047972544e-05,1.0,1.0,1.0,0.0,0.0,0.0,0.0,0.0,0.0,token_exporter_candidate,"Monte Carlo uncertainty envelope for modeled token execution flows. The envelope samples public-demand proxy weights, compute-capacity priors, routing-cost weights, entropic-routing temperature, total electricity scaling and carbon-intensity multipliers. It is not an observed provider-routing confidence interval, not measured token OD, not measured electricity procurement, and it is not a reconstruction of private provider routing or measured facility load."
BTN,Bhutan,1000,3.8221089894939696e-05,8.396743834857486e-05,0.0001825516699445,0.0,0.0,0.0,-0.0001825516699445,-8.396743834857486e-05,-3.822108989493971e-05,1.0,1.0,1.0,0.0,0.0,0.0,0.0,0.0,0.0,token_exporter_candidate,"Monte Carlo uncertainty envelope for modeled token execution flows. The envelope samples public-demand proxy weights, compute-capacity priors, routing-cost weights, entropic-routing temperature, total electricity scaling and carbon-intensity multipliers. It is not an observed provider-routing confidence interval, not measured token OD, not measured electricity procurement, and it is not a reconstruction of private provider routing or measured facility load."
BWA,Botswana,1000,7.380481185139662e-05,0.0001641468179184,0.0003434920255947,0.0,0.0,0.0,-0.0003434920255947,-0.0001641468179184,-7.380481185139663e-05,1.0,1.0,1.0,0.0,0.0,0.0,0.0,0.0,0.0,token_exporter_candidate,"Monte Carlo uncertainty envelope for modeled token execution flows. The envelope samples public-demand proxy weights, compute-capacity priors, routing-cost weights, entropic-routing temperature, total electricity scaling and carbon-intensity multipliers. It is not an observed provider-routing confidence interval, not measured token OD, not measured electricity procurement, and it is not a reconstruction of private provider routing or measured facility load."
CAN,Canada,1000,0.0137897727661823,0.0188346081345067,0.0260390474326736,0.0154235026542432,0.0251091852140277,0.0411810509508223,-0.0063044031348091,0.006305352282187,0.0230903310736936,0.8274170236401878,0.9067803419261092,0.9503812472671712,0.5397468249395705,1.1346953098910126,2.2949698422688884,0.099001386414945,0.2186012956469581,0.4536513706059355,uncertain_or_near_balanced,"Monte Carlo uncertainty envelope for modeled token execution flows. The envelope samples public-demand proxy weights, compute-capacity priors, routing-cost weights, entropic-routing temperature, total electricity scaling and carbon-intensity multipliers. It is not an observed provider-routing confidence interval, not measured token OD, not measured electricity procurement, and it is not a reconstruction of private provider routing or measured facility load."
CHE,Switzerland,1000,0.0033410155219402,0.0051210711039026,0.0075954776372175,0.0135208757458221,0.0219425832943324,0.0355609865094453,0.0078625174911507,0.016657120529468,0.0303230538982091,0.9497543291819388,0.9692897718984386,0.9811412660360528,0.4637632750719542,0.9930104217188296,2.0726675258169927,0.0174554061789616,0.0380265441409379,0.082823092010411,compute_importer_candidate,"Monte Carlo uncertainty envelope for modeled token execution flows. The envelope samples public-demand proxy weights, compute-capacity priors, routing-cost weights, entropic-routing temperature, total electricity scaling and carbon-intensity multipliers. It is not an observed provider-routing confidence interval, not measured token OD, not measured electricity procurement, and it is not a reconstruction of private provider routing or measured facility load."
CHL,Chile,1000,0.0026389097739443,0.0043435788883392,0.0072221038623639,0.0059392349393159,0.0099731097792184,0.0162317119218528,0.0004333235649534,0.0055204793215972,0.0119471311051561,0.8753200734813259,0.940805979566753,0.971921637536655,0.221184306311503,0.4455609735016834,0.9518557723993648,0.0606301316689723,0.1263392578291193,0.2834300232336136,compute_importer_candidate,"Monte Carlo uncertainty envelope for modeled token execution flows. The envelope samples public-demand proxy weights, compute-capacity priors, routing-cost weights, entropic-routing temperature, total electricity scaling and carbon-intensity multipliers. It is not an observed provider-routing confidence interval, not measured token OD, not measured electricity procurement, and it is not a reconstruction of private provider routing or measured facility load."
CHN,China,1000,0.0083169351974804,0.0149855178827507,0.025040747901391,0.0098513761454094,0.0157506373464135,0.0252928705619661,-0.0106002719072821,0.0007213849941456,0.0126329216309076,0.7857937017336267,0.8884834392069089,0.9420533651320884,0.3473258703753363,0.7243169081312519,1.4522838116299566,0.1671969740156959,0.3729334816907644,0.7980809985510804,uncertain_or_near_balanced,"Monte Carlo uncertainty envelope for modeled token execution flows. The envelope samples public-demand proxy weights, compute-capacity priors, routing-cost weights, entropic-routing temperature, total electricity scaling and carbon-intensity multipliers. It is not an observed provider-routing confidence interval, not measured token OD, not measured electricity procurement, and it is not a reconstruction of private provider routing or measured facility load."
CIV,Cote d'Ivoire,1000,0.0005170888878206,0.0011434422216341,0.0024264261761258,0.0,0.0,0.0,-0.0024264261761258,-0.0011434422216341,-0.0005170888878206,1.0,1.0,1.0,0.0,0.0,0.0,0.0,0.0,0.0,token_exporter_candidate,"Monte Carlo uncertainty envelope for modeled token execution flows. The envelope samples public-demand proxy weights, compute-capacity priors, routing-cost weights, entropic-routing temperature, total electricity scaling and carbon-intensity multipliers. It is not an observed provider-routing confidence interval, not measured token OD, not measured electricity procurement, and it is not a reconstruction of private provider routing or measured facility load."
CMR,Cameroon,1000,0.0005405705440673,0.0011571470453273,0.0024998193493188,0.0,0.0,0.0,-0.0024998193493188,-0.0011571470453273,-0.0005405705440673,1.0,1.0,1.0,0.0,0.0,0.0,0.0,0.0,0.0,token_exporter_candidate,"Monte Carlo uncertainty envelope for modeled token execution flows. The envelope samples public-demand proxy weights, compute-capacity priors, routing-cost weights, entropic-routing temperature, total electricity scaling and carbon-intensity multipliers. It is not an observed provider-routing confidence interval, not measured token OD, not measured electricity procurement, and it is not a reconstruction of private provider routing or measured facility load."
COG,"Congo, Rep.",1000,0.0001076568451931,0.0002296930824727,0.0004889453107711,0.0,0.0,0.0,-0.0004889453107711,-0.0002296930824727,-0.0001076568451931,1.0,1.0,1.0,0.0,0.0,0.0,0.0,0.0,0.0,token_exporter_candidate,"Monte Carlo uncertainty envelope for modeled token execution flows. The envelope samples public-demand proxy weights, compute-capacity priors, routing-cost weights, entropic-routing temperature, total electricity scaling and carbon-intensity multipliers. It is not an observed provider-routing confidence interval, not measured token OD, not measured electricity procurement, and it is not a reconstruction of private provider routing or measured facility load."
COL,Colombia,1000,0.0062162285284249,0.0097873601196585,0.0157303310903139,0.0,0.0,0.0,-0.0157303310903139,-0.0097873601196585,-0.0062162285284249,1.0,1.0,1.0,0.0,0.0,0.0,0.0,0.0,0.0,token_exporter_candidate,"Monte Carlo uncertainty envelope for modeled token execution flows. The envelope samples public-demand proxy weights, compute-capacity priors, routing-cost weights, entropic-routing temperature, total electricity scaling and carbon-intensity multipliers. It is not an observed provider-routing confidence interval, not measured token OD, not measured electricity procurement, and it is not a reconstruction of private provider routing or measured facility load."
COM,Comoros,1000,8.778159583897715e-06,1.9513745139876665e-05,4.045619989848072e-05,0.0,0.0,0.0,-4.045619989848073e-05,-1.9513745139876665e-05,-8.778159583897718e-06,1.0,1.0,1.0,0.0,0.0,0.0,0.0,0.0,0.0,token_exporter_candidate,"Monte Carlo uncertainty envelope for modeled token execution flows. The envelope samples public-demand proxy weights, compute-capacity priors, routing-cost weights, entropic-routing temperature, total electricity scaling and carbon-intensity multipliers. It is not an observed provider-routing confidence interval, not measured token OD, not measured electricity procurement, and it is not a reconstruction of private provider routing or measured facility load."
CPV,Cabo Verde,1000,1.7637379201437595e-05,4.009191951840112e-05,8.890907605786595e-05,0.0,0.0,0.0,-8.890907605786596e-05,-4.009191951840112e-05,-1.76373792014376e-05,1.0,1.0,1.0,0.0,0.0,0.0,0.0,0.0,0.0,token_exporter_candidate,"Monte Carlo uncertainty envelope for modeled token execution flows. The envelope samples public-demand proxy weights, compute-capacity priors, routing-cost weights, entropic-routing temperature, total electricity scaling and carbon-intensity multipliers. It is not an observed provider-routing confidence interval, not measured token OD, not measured electricity procurement, and it is not a reconstruction of private provider routing or measured facility load."
CRI,Costa Rica,1000,0.0002884677706171,0.0006123021104386,0.0013031275382912,0.0,0.0,0.0,-0.0013031275382912,-0.0006123021104386,-0.0002884677706171,1.0,1.0,1.0,0.0,0.0,0.0,0.0,0.0,0.0,token_exporter_candidate,"Monte Carlo uncertainty envelope for modeled token execution flows. The envelope samples public-demand proxy weights, compute-capacity priors, routing-cost weights, entropic-routing temperature, total electricity scaling and carbon-intensity multipliers. It is not an observed provider-routing confidence interval, not measured token OD, not measured electricity procurement, and it is not a reconstruction of private provider routing or measured facility load."
CUW,Curacao,1000,8.018208693752153e-06,1.7215452494934287e-05,3.703189712876208e-05,0.0,0.0,0.0,-3.7031897128762085e-05,-1.7215452494934287e-05,-8.018208693752155e-06,1.0,1.0,1.0,0.0,0.0,0.0,0.0,0.0,0.0,token_exporter_candidate,"Monte Carlo uncertainty envelope for modeled token execution flows. The envelope samples public-demand proxy weights, compute-capacity priors, routing-cost weights, entropic-routing temperature, total electricity scaling and carbon-intensity multipliers. It is not an observed provider-routing confidence interval, not measured token OD, not measured electricity procurement, and it is not a reconstruction of private provider routing or measured facility load."
CYM,Cayman Islands,1000,9.413233188044066e-06,2.119405234308542e-05,4.68508576691198e-05,0.0,0.0,0.0,-4.685085766911983e-05,-2.119405234308542e-05,-9.413233188044067e-06,1.0,1.0,1.0,0.0,0.0,0.0,0.0,0.0,0.0,token_exporter_candidate,"Monte Carlo uncertainty envelope for modeled token execution flows. The envelope samples public-demand proxy weights, compute-capacity priors, routing-cost weights, entropic-routing temperature, total electricity scaling and carbon-intensity multipliers. It is not an observed provider-routing confidence interval, not measured token OD, not measured electricity procurement, and it is not a reconstruction of private provider routing or measured facility load."
CYP,Cyprus,1000,0.0002864464698074,0.0006315473326676,0.0014131890625773,0.0,0.0,0.0,-0.0014131890625773,-0.0006315473326676,-0.0002864464698074,1.0,1.0,1.0,0.0,0.0,0.0,0.0,0.0,0.0,token_exporter_candidate,"Monte Carlo uncertainty envelope for modeled token execution flows. The envelope samples public-demand proxy weights, compute-capacity priors, routing-cost weights, entropic-routing temperature, total electricity scaling and carbon-intensity multipliers. It is not an observed provider-routing confidence interval, not measured token OD, not measured electricity procurement, and it is not a reconstruction of private provider routing or measured facility load."
CZE,Czechia,1000,0.0024993196178273,0.0039716221333793,0.0061481313151713,0.0,0.0,0.0,-0.0061481313151713,-0.0039716221333793,-0.0024993196178273,1.0,1.0,1.0,0.0,0.0,0.0,0.0,0.0,0.0,token_exporter_candidate,"Monte Carlo uncertainty envelope for modeled token execution flows. The envelope samples public-demand proxy weights, compute-capacity priors, routing-cost weights, entropic-routing temperature, total electricity scaling and carbon-intensity multipliers. It is not an observed provider-routing confidence interval, not measured token OD, not measured electricity procurement, and it is not a reconstruction of private provider routing or measured facility load."
DEU,Germany,1000,0.0334750780758527,0.0465307203782457,0.0641802547073973,0.0152612163730615,0.0256372895259999,0.0433699138241656,-0.0403062362495583,-0.0205181057789936,0.0007185948266871,0.9004251036909918,0.9410170959456736,0.96529526841754,0.5361689246484483,1.1517836322235526,2.526891915394584,0.1656439578189445,0.3825380298487499,0.8417793922954677,uncertain_or_near_balanced,"Monte Carlo uncertainty envelope for modeled token execution flows. The envelope samples public-demand proxy weights, compute-capacity priors, routing-cost weights, entropic-routing temperature, total electricity scaling and carbon-intensity multipliers. It is not an observed provider-routing confidence interval, not measured token OD, not measured electricity procurement, and it is not a reconstruction of private provider routing or measured facility load."
DJI,Djibouti,1000,3.187945445364112e-05,7.122278099265918e-05,0.0001476840986639,0.0,0.0,0.0,-0.0001476840986639,-7.122278099265918e-05,-3.1879454453641125e-05,1.0,1.0,1.0,0.0,0.0,0.0,0.0,0.0,0.0,token_exporter_candidate,"Monte Carlo uncertainty envelope for modeled token execution flows. The envelope samples public-demand proxy weights, compute-capacity priors, routing-cost weights, entropic-routing temperature, total electricity scaling and carbon-intensity multipliers. It is not an observed provider-routing confidence interval, not measured token OD, not measured electricity procurement, and it is not a reconstruction of private provider routing or measured facility load."
DNK,Denmark,1000,0.0008040771180754,0.0017883526797642,0.0037617853466079,0.0,0.0,0.0,-0.0037617853466079,-0.0017883526797642,-0.0008040771180754,1.0,1.0,1.0,0.0,0.0,0.0,0.0,0.0,0.0,token_exporter_candidate,"Monte Carlo uncertainty envelope for modeled token execution flows. The envelope samples public-demand proxy weights, compute-capacity priors, routing-cost weights, entropic-routing temperature, total electricity scaling and carbon-intensity multipliers. It is not an observed provider-routing confidence interval, not measured token OD, not measured electricity procurement, and it is not a reconstruction of private provider routing or measured facility load."
DOM,Dominican Republic,1000,0.0004487636573247,0.0010124572770939,0.0021534579413252,0.0,0.0,0.0,-0.0021534579413252,-0.0010124572770939,-0.0004487636573247,1.0,1.0,1.0,0.0,0.0,0.0,0.0,0.0,0.0,token_exporter_candidate,"Monte Carlo uncertainty envelope for modeled token execution flows. The envelope samples public-demand proxy weights, compute-capacity priors, routing-cost weights, entropic-routing temperature, total electricity scaling and carbon-intensity multipliers. It is not an observed provider-routing confidence interval, not measured token OD, not measured electricity procurement, and it is not a reconstruction of private provider routing or measured facility load."
DZA,Algeria,1000,0.0034645156001412,0.0054191288124459,0.0086873886357985,0.0,0.0,0.0,-0.0086873886357985,-0.0054191288124459,-0.0034645156001412,1.0,1.0,1.0,0.0,0.0,0.0,0.0,0.0,0.0,token_exporter_candidate,"Monte Carlo uncertainty envelope for modeled token execution flows. The envelope samples public-demand proxy weights, compute-capacity priors, routing-cost weights, entropic-routing temperature, total electricity scaling and carbon-intensity multipliers. It is not an observed provider-routing confidence interval, not measured token OD, not measured electricity procurement, and it is not a reconstruction of private provider routing or measured facility load."
ECU,Ecuador,1000,0.0019091922847105,0.0031981417705426,0.0053120395429589,0.0,0.0,0.0,-0.0053120395429589,-0.0031981417705426,-0.0019091922847105,1.0,1.0,1.0,0.0,0.0,0.0,0.0,0.0,0.0,token_exporter_candidate,"Monte Carlo uncertainty envelope for modeled token execution flows. The envelope samples public-demand proxy weights, compute-capacity priors, routing-cost weights, entropic-routing temperature, total electricity scaling and carbon-intensity multipliers. It is not an observed provider-routing confidence interval, not measured token OD, not measured electricity procurement, and it is not a reconstruction of private provider routing or measured facility load."
EGY,"Egypt, Arab Rep.",1000,0.0067772234459261,0.0104925499858495,0.0161167895117811,0.0,0.0,0.0,-0.0161167895117811,-0.0104925499858495,-0.0067772234459261,1.0,1.0,1.0,0.0,0.0,0.0,0.0,0.0,0.0,token_exporter_candidate,"Monte Carlo uncertainty envelope for modeled token execution flows. The envelope samples public-demand proxy weights, compute-capacity priors, routing-cost weights, entropic-routing temperature, total electricity scaling and carbon-intensity multipliers. It is not an observed provider-routing confidence interval, not measured token OD, not measured electricity procurement, and it is not a reconstruction of private provider routing or measured facility load."
ESP,Spain,1000,0.0085429803383505,0.0130766690077274,0.0202510633665254,0.0122330950618599,0.0201630902955498,0.032205872831,-0.0038451027126015,0.006875162891094,0.0198741894201331,0.9479150144311352,0.9687603215896812,0.9816922798281552,0.4240821795439805,0.901171617339563,1.993595012490774,0.0614640035642931,0.136788587602546,0.3059673912572974,uncertain_or_near_balanced,"Monte Carlo uncertainty envelope for modeled token execution flows. The envelope samples public-demand proxy weights, compute-capacity priors, routing-cost weights, entropic-routing temperature, total electricity scaling and carbon-intensity multipliers. It is not an observed provider-routing confidence interval, not measured token OD, not measured electricity procurement, and it is not a reconstruction of private provider routing or measured facility load."
EST,Estonia,1000,0.0002239026984304,0.0005040835536502,0.0010523579973916,0.0,0.0,0.0,-0.0010523579973916,-0.0005040835536502,-0.0002239026984304,1.0,1.0,1.0,0.0,0.0,0.0,0.0,0.0,0.0,token_exporter_candidate,"Monte Carlo uncertainty envelope for modeled token execution flows. The envelope samples public-demand proxy weights, compute-capacity priors, routing-cost weights, entropic-routing temperature, total electricity scaling and carbon-intensity multipliers. It is not an observed provider-routing confidence interval, not measured token OD, not measured electricity procurement, and it is not a reconstruction of private provider routing or measured facility load."
FIN,Finland,1000,0.0007249277016547,0.0016244956918134,0.0034151930964078,0.0106664941845151,0.0176128141754453,0.028814575940483,0.0088196010261768,0.0160357915586635,0.0267203801257732,0.9501531146340806,0.970312304295879,0.9826533560648238,0.3562213136675739,0.8092997138916064,1.661785469268651,0.0203183251895222,0.046933591907919,0.0984388738260124,compute_importer_candidate,"Monte Carlo uncertainty envelope for modeled token execution flows. The envelope samples public-demand proxy weights, compute-capacity priors, routing-cost weights, entropic-routing temperature, total electricity scaling and carbon-intensity multipliers. It is not an observed provider-routing confidence interval, not measured token OD, not measured electricity procurement, and it is not a reconstruction of private provider routing or measured facility load."
FJI,Fiji,1000,3.800597965394951e-05,7.67922443270878e-05,0.0001644721473178,0.0,0.0,0.0,-0.0001644721473178,-7.67922443270878e-05,-3.800597965394951e-05,1.0,1.0,1.0,0.0,0.0,0.0,0.0,0.0,0.0,token_exporter_candidate,"Monte Carlo uncertainty envelope for modeled token execution flows. The envelope samples public-demand proxy weights, compute-capacity priors, routing-cost weights, entropic-routing temperature, total electricity scaling and carbon-intensity multipliers. It is not an observed provider-routing confidence interval, not measured token OD, not measured electricity procurement, and it is not a reconstruction of private provider routing or measured facility load."
FRA,France,1000,0.0117111657833876,0.0193175821418538,0.0296538838884815,0.0504879045127531,0.0810289123853162,0.1279322584461268,0.0293985250872944,0.0608620403431256,0.1084632817476351,0.7106906666642645,0.8135766460243282,0.8884854072356033,1.7469455152563476,3.650223887000593,7.434949630557583,0.0689767639796772,0.1482296321757799,0.3168124847853005,compute_importer_candidate,"Monte Carlo uncertainty envelope for modeled token execution flows. The envelope samples public-demand proxy weights, compute-capacity priors, routing-cost weights, entropic-routing temperature, total electricity scaling and carbon-intensity multipliers. It is not an observed provider-routing confidence interval, not measured token OD, not measured electricity procurement, and it is not a reconstruction of private provider routing or measured facility load."
GAB,Gabon,1000,7.040187858674394e-05,0.0001546817484168,0.0003151033304687,0.0,0.0,0.0,-0.0003151033304687,-0.0001546817484168,-7.040187858674394e-05,1.0,1.0,1.0,0.0,0.0,0.0,0.0,0.0,0.0,token_exporter_candidate,"Monte Carlo uncertainty envelope for modeled token execution flows. The envelope samples public-demand proxy weights, compute-capacity priors, routing-cost weights, entropic-routing temperature, total electricity scaling and carbon-intensity multipliers. It is not an observed provider-routing confidence interval, not measured token OD, not measured electricity procurement, and it is not a reconstruction of private provider routing or measured facility load."
GBR,United Kingdom,1000,0.0208158533778399,0.0283220119782939,0.0383169946976555,0.019573337595076,0.0303138578837663,0.0490762438484292,-0.0126511215809119,0.0028191576760882,0.0223062854927441,0.8301160644697402,0.9042840573928114,0.94678735100549,0.6744244398709092,1.3858953578960458,2.953972345456205,0.1408114692699081,0.2936736391973841,0.6286915264584477,uncertain_or_near_balanced,"Monte Carlo uncertainty envelope for modeled token execution flows. The envelope samples public-demand proxy weights, compute-capacity priors, routing-cost weights, entropic-routing temperature, total electricity scaling and carbon-intensity multipliers. It is not an observed provider-routing confidence interval, not measured token OD, not measured electricity procurement, and it is not a reconstruction of private provider routing or measured facility load."
GEO,Georgia,1000,0.0003218442251283,0.000650624734214,0.0014896473074315,0.0,0.0,0.0,-0.0014896473074315,-0.000650624734214,-0.0003218442251283,1.0,1.0,1.0,0.0,0.0,0.0,0.0,0.0,0.0,token_exporter_candidate,"Monte Carlo uncertainty envelope for modeled token execution flows. The envelope samples public-demand proxy weights, compute-capacity priors, routing-cost weights, entropic-routing temperature, total electricity scaling and carbon-intensity multipliers. It is not an observed provider-routing confidence interval, not measured token OD, not measured electricity procurement, and it is not a reconstruction of private provider routing or measured facility load."
GHA,Ghana,1000,0.0012007691472591,0.0025708101452485,0.0056221472179032,0.0,0.0,0.0,-0.0056221472179032,-0.0025708101452485,-0.0012007691472591,1.0,1.0,1.0,0.0,0.0,0.0,0.0,0.0,0.0,token_exporter_candidate,"Monte Carlo uncertainty envelope for modeled token execution flows. The envelope samples public-demand proxy weights, compute-capacity priors, routing-cost weights, entropic-routing temperature, total electricity scaling and carbon-intensity multipliers. It is not an observed provider-routing confidence interval, not measured token OD, not measured electricity procurement, and it is not a reconstruction of private provider routing or measured facility load."
GIB,Gibraltar,1000,3.659413771679831e-06,7.957552707404802e-06,1.7644469624503252e-05,0.0,0.0,0.0,-1.764446962450326e-05,-7.957552707404802e-06,-3.6594137716798313e-06,1.0,1.0,1.0,0.0,0.0,0.0,0.0,0.0,0.0,token_exporter_candidate,"Monte Carlo uncertainty envelope for modeled token execution flows. The envelope samples public-demand proxy weights, compute-capacity priors, routing-cost weights, entropic-routing temperature, total electricity scaling and carbon-intensity multipliers. It is not an observed provider-routing confidence interval, not measured token OD, not measured electricity procurement, and it is not a reconstruction of private provider routing or measured facility load."
GIN,Guinea,1000,0.0001595160402789,0.0003223817175199,0.0006577620300178,0.0,0.0,0.0,-0.0006577620300178,-0.0003223817175199,-0.0001595160402789,1.0,1.0,1.0,0.0,0.0,0.0,0.0,0.0,0.0,token_exporter_candidate,"Monte Carlo uncertainty envelope for modeled token execution flows. The envelope samples public-demand proxy weights, compute-capacity priors, routing-cost weights, entropic-routing temperature, total electricity scaling and carbon-intensity multipliers. It is not an observed provider-routing confidence interval, not measured token OD, not measured electricity procurement, and it is not a reconstruction of private provider routing or measured facility load."
GMB,"Gambia, The",1000,3.9852844818549045e-05,8.335310062341636e-05,0.0001830028328906,0.0,0.0,0.0,-0.0001830028328906,-8.335310062341636e-05,-3.9852844818549045e-05,1.0,1.0,1.0,0.0,0.0,0.0,0.0,0.0,0.0,token_exporter_candidate,"Monte Carlo uncertainty envelope for modeled token execution flows. The envelope samples public-demand proxy weights, compute-capacity priors, routing-cost weights, entropic-routing temperature, total electricity scaling and carbon-intensity multipliers. It is not an observed provider-routing confidence interval, not measured token OD, not measured electricity procurement, and it is not a reconstruction of private provider routing or measured facility load."
GRC,Greece,1000,0.0007449832628003,0.0016065551394836,0.0034270286653121,0.0,0.0,0.0,-0.0034270286653121,-0.0016065551394836,-0.0007449832628003,1.0,1.0,1.0,0.0,0.0,0.0,0.0,0.0,0.0,token_exporter_candidate,"Monte Carlo uncertainty envelope for modeled token execution flows. The envelope samples public-demand proxy weights, compute-capacity priors, routing-cost weights, entropic-routing temperature, total electricity scaling and carbon-intensity multipliers. It is not an observed provider-routing confidence interval, not measured token OD, not measured electricity procurement, and it is not a reconstruction of private provider routing or measured facility load."
GRD,Grenada,1000,4.2054108416606334e-06,8.79403771675725e-06,1.877298164919465e-05,0.0,0.0,0.0,-1.877298164919465e-05,-8.79403771675725e-06,-4.205410841660634e-06,1.0,1.0,1.0,0.0,0.0,0.0,0.0,0.0,0.0,token_exporter_candidate,"Monte Carlo uncertainty envelope for modeled token execution flows. The envelope samples public-demand proxy weights, compute-capacity priors, routing-cost weights, entropic-routing temperature, total electricity scaling and carbon-intensity multipliers. It is not an observed provider-routing confidence interval, not measured token OD, not measured electricity procurement, and it is not a reconstruction of private provider routing or measured facility load."
GTM,Guatemala,1000,0.0004118636815182,0.0009470377102967,0.002133795478557,0.0,0.0,0.0,-0.002133795478557,-0.0009470377102967,-0.0004118636815182,1.0,1.0,1.0,0.0,0.0,0.0,0.0,0.0,0.0,token_exporter_candidate,"Monte Carlo uncertainty envelope for modeled token execution flows. The envelope samples public-demand proxy weights, compute-capacity priors, routing-cost weights, entropic-routing temperature, total electricity scaling and carbon-intensity multipliers. It is not an observed provider-routing confidence interval, not measured token OD, not measured electricity procurement, and it is not a reconstruction of private provider routing or measured facility load."
GUM,Guam,1000,6.37547530531994e-06,1.4024266400025015e-05,3.109017417949388e-05,0.0,0.0,0.0,-3.109017417949388e-05,-1.4024266400025015e-05,-6.375475305319942e-06,1.0,1.0,1.0,0.0,0.0,0.0,0.0,0.0,0.0,token_exporter_candidate,"Monte Carlo uncertainty envelope for modeled token execution flows. The envelope samples public-demand proxy weights, compute-capacity priors, routing-cost weights, entropic-routing temperature, total electricity scaling and carbon-intensity multipliers. It is not an observed provider-routing confidence interval, not measured token OD, not measured electricity procurement, and it is not a reconstruction of private provider routing or measured facility load."
GUY,Guyana,1000,2.6883726131201344e-05,5.843543496967594e-05,0.000123537663583,0.0,0.0,0.0,-0.000123537663583,-5.843543496967594e-05,-2.6883726131201344e-05,1.0,1.0,1.0,0.0,0.0,0.0,0.0,0.0,0.0,token_exporter_candidate,"Monte Carlo uncertainty envelope for modeled token execution flows. The envelope samples public-demand proxy weights, compute-capacity priors, routing-cost weights, entropic-routing temperature, total electricity scaling and carbon-intensity multipliers. It is not an observed provider-routing confidence interval, not measured token OD, not measured electricity procurement, and it is not a reconstruction of private provider routing or measured facility load."
HKG,Hong Kong,1000,0.0019480741025633,0.0045158981599227,0.0086516567890989,0.0062037407582284,0.0100269776719339,0.0162739511419891,-0.0004848550297139,0.0055155926487995,0.0117917037488642,0.9552448773218633,0.9741598567311088,0.9851718266859048,0.2114238166389481,0.4553440572066456,1.0091269275379788,0.1361734031000718,0.3021739894920465,0.7010043362063985,uncertain_or_near_balanced,"Monte Carlo uncertainty envelope for modeled token execution flows. The envelope samples public-demand proxy weights, compute-capacity priors, routing-cost weights, entropic-routing temperature, total electricity scaling and carbon-intensity multipliers. It is not an observed provider-routing confidence interval, not measured token OD, not measured electricity procurement, and it is not a reconstruction of private provider routing or measured facility load."
HND,Honduras,1000,0.0002147097340464,0.0004954252098198,0.0011235301522268,0.0,0.0,0.0,-0.0011235301522268,-0.0004954252098198,-0.0002147097340464,1.0,1.0,1.0,0.0,0.0,0.0,0.0,0.0,0.0,token_exporter_candidate,"Monte Carlo uncertainty envelope for modeled token execution flows. The envelope samples public-demand proxy weights, compute-capacity priors, routing-cost weights, entropic-routing temperature, total electricity scaling and carbon-intensity multipliers. It is not an observed provider-routing confidence interval, not measured token OD, not measured electricity procurement, and it is not a reconstruction of private provider routing or measured facility load."
HRV,Croatia,1000,0.0003386690898982,0.0006955119863843,0.0015446282562024,0.0,0.0,0.0,-0.0015446282562024,-0.0006955119863843,-0.0003386690898982,1.0,1.0,1.0,0.0,0.0,0.0,0.0,0.0,0.0,token_exporter_candidate,"Monte Carlo uncertainty envelope for modeled token execution flows. The envelope samples public-demand proxy weights, compute-capacity priors, routing-cost weights, entropic-routing temperature, total electricity scaling and carbon-intensity multipliers. It is not an observed provider-routing confidence interval, not measured token OD, not measured electricity procurement, and it is not a reconstruction of private provider routing or measured facility load."
HTI,Haiti,1000,0.0001927010728401,0.0003867664910171,0.0008389517063621,0.0,0.0,0.0,-0.0008389517063621,-0.0003867664910171,-0.0001927010728401,1.0,1.0,1.0,0.0,0.0,0.0,0.0,0.0,0.0,token_exporter_candidate,"Monte Carlo uncertainty envelope for modeled token execution flows. The envelope samples public-demand proxy weights, compute-capacity priors, routing-cost weights, entropic-routing temperature, total electricity scaling and carbon-intensity multipliers. It is not an observed provider-routing confidence interval, not measured token OD, not measured electricity procurement, and it is not a reconstruction of private provider routing or measured facility load."
HUN,Hungary,1000,0.0006582899457347,0.001448258131693,0.0031584350019361,0.0,0.0,0.0,-0.0031584350019361,-0.001448258131693,-0.0006582899457347,1.0,1.0,1.0,0.0,0.0,0.0,0.0,0.0,0.0,token_exporter_candidate,"Monte Carlo uncertainty envelope for modeled token execution flows. The envelope samples public-demand proxy weights, compute-capacity priors, routing-cost weights, entropic-routing temperature, total electricity scaling and carbon-intensity multipliers. It is not an observed provider-routing confidence interval, not measured token OD, not measured electricity procurement, and it is not a reconstruction of private provider routing or measured facility load."
IDN,Indonesia,1000,0.0175333304890852,0.0271053316316674,0.0425934979988392,0.0079067249626283,0.0128843709418625,0.0214076970762526,-0.0301137905447566,-0.0140114514857604,-0.0012988109896892,0.9351545651724872,0.9636832010173576,0.97931551969979,0.2638228153252135,0.5853953407264121,1.2244056174242108,0.1726950514709925,0.3876628620215325,0.8624520438973372,token_exporter_candidate,"Monte Carlo uncertainty envelope for modeled token execution flows. The envelope samples public-demand proxy weights, compute-capacity priors, routing-cost weights, entropic-routing temperature, total electricity scaling and carbon-intensity multipliers. It is not an observed provider-routing confidence interval, not measured token OD, not measured electricity procurement, and it is not a reconstruction of private provider routing or measured facility load."
IMN,Isle of Man,1000,9.29834562961716e-06,2.000958767339744e-05,4.166256816136209e-05,0.0,0.0,0.0,-4.1662568161362096e-05,-2.000958767339744e-05,-9.298345629617162e-06,1.0,1.0,1.0,0.0,0.0,0.0,0.0,0.0,0.0,token_exporter_candidate,"Monte Carlo uncertainty envelope for modeled token execution flows. The envelope samples public-demand proxy weights, compute-capacity priors, routing-cost weights, entropic-routing temperature, total electricity scaling and carbon-intensity multipliers. It is not an observed provider-routing confidence interval, not measured token OD, not measured electricity procurement, and it is not a reconstruction of private provider routing or measured facility load."
IND,India,1000,0.0965689018423554,0.1338984084747702,0.1793922424634509,0.0245362696728791,0.0405882044337662,0.0660038926160346,-0.1401204590449146,-0.09061975829316,-0.0471000230376495,0.7568350170918909,0.866972429301313,0.9248862889529578,0.8819621988700977,1.8501172189851247,3.794612553397264,0.5772035823533731,1.2114784845809683,2.6576047700212606,token_exporter_candidate,"Monte Carlo uncertainty envelope for modeled token execution flows. The envelope samples public-demand proxy weights, compute-capacity priors, routing-cost weights, entropic-routing temperature, total electricity scaling and carbon-intensity multipliers. It is not an observed provider-routing confidence interval, not measured token OD, not measured electricity procurement, and it is not a reconstruction of private provider routing or measured facility load."
IRL,Ireland,1000,0.0052707614840585,0.0115166017795309,0.0241640009220598,0.0188170972399462,0.0294183581828447,0.0486375807848974,0.0013571725243729,0.0175205034738965,0.0370564187742821,0.892592852805887,0.9354019654252098,0.9615735624052528,0.6085354192005403,1.3097870104693712,2.894373550513446,0.1582745333064427,0.3331197442524619,0.7335942239657871,compute_importer_candidate,"Monte Carlo uncertainty envelope for modeled token execution flows. The envelope samples public-demand proxy weights, compute-capacity priors, routing-cost weights, entropic-routing temperature, total electricity scaling and carbon-intensity multipliers. It is not an observed provider-routing confidence interval, not measured token OD, not measured electricity procurement, and it is not a reconstruction of private provider routing or measured facility load."
IRN,"Iran, Islamic Rep.",1000,0.0010212251598803,0.002290282443809,0.0044479342919883,0.0,0.0,0.0,-0.0044479342919883,-0.002290282443809,-0.0010212251598803,1.0,1.0,1.0,0.0,0.0,0.0,0.0,0.0,0.0,token_exporter_candidate,"Monte Carlo uncertainty envelope for modeled token execution flows. The envelope samples public-demand proxy weights, compute-capacity priors, routing-cost weights, entropic-routing temperature, total electricity scaling and carbon-intensity multipliers. It is not an observed provider-routing confidence interval, not measured token OD, not measured electricity procurement, and it is not a reconstruction of private provider routing or measured facility load."
IRQ,Iraq,1000,0.0012629472048537,0.002689442323442,0.0060388824068333,0.0,0.0,0.0,-0.0060388824068333,-0.002689442323442,-0.0012629472048537,1.0,1.0,1.0,0.0,0.0,0.0,0.0,0.0,0.0,token_exporter_candidate,"Monte Carlo uncertainty envelope for modeled token execution flows. The envelope samples public-demand proxy weights, compute-capacity priors, routing-cost weights, entropic-routing temperature, total electricity scaling and carbon-intensity multipliers. It is not an observed provider-routing confidence interval, not measured token OD, not measured electricity procurement, and it is not a reconstruction of private provider routing or measured facility load."
ISL,Iceland,1000,5.092580214142665e-05,0.0001101494657643,0.0002260224026894,0.0,0.0,0.0,-0.0002260224026894,-0.0001101494657643,-5.092580214142665e-05,1.0,1.0,1.0,0.0,0.0,0.0,0.0,0.0,0.0,token_exporter_candidate,"Monte Carlo uncertainty envelope for modeled token execution flows. The envelope samples public-demand proxy weights, compute-capacity priors, routing-cost weights, entropic-routing temperature, total electricity scaling and carbon-intensity multipliers. It is not an observed provider-routing confidence interval, not measured token OD, not measured electricity procurement, and it is not a reconstruction of private provider routing or measured facility load."
ISR,Israel,1000,0.0041521030596687,0.006496119449756,0.0099383305544272,0.0092162766412929,0.0150519560179549,0.0259274249169931,0.0017605347982627,0.008557824903645,0.0195318174770063,0.9349909864126376,0.9644710660008824,0.980375333516079,0.3186202901539743,0.6751802978410825,1.475944913871467,0.1563153317722414,0.3371965622418124,0.7370248462013786,compute_importer_candidate,"Monte Carlo uncertainty envelope for modeled token execution flows. The envelope samples public-demand proxy weights, compute-capacity priors, routing-cost weights, entropic-routing temperature, total electricity scaling and carbon-intensity multipliers. It is not an observed provider-routing confidence interval, not measured token OD, not measured electricity procurement, and it is not a reconstruction of private provider routing or measured facility load."
ITA,Italy,1000,0.0082962898599814,0.0132882731873405,0.0205427367539983,0.013323284887414,0.0216326548393817,0.0352683105278088,-0.0027669185965679,0.0080462411157005,0.0234072676706937,0.9368547374839556,0.9634376929893016,0.9779238142743384,0.459129832157294,0.9805074559959898,2.0580880230066483,0.1283004984279188,0.2760692826084442,0.6045008071490598,uncertain_or_near_balanced,"Monte Carlo uncertainty envelope for modeled token execution flows. The envelope samples public-demand proxy weights, compute-capacity priors, routing-cost weights, entropic-routing temperature, total electricity scaling and carbon-intensity multipliers. It is not an observed provider-routing confidence interval, not measured token OD, not measured electricity procurement, and it is not a reconstruction of private provider routing or measured facility load."
JAM,Jamaica,1000,0.0001192618915974,0.0002678551909066,0.0005505723474069,0.0,0.0,0.0,-0.0005505723474069,-0.0002678551909066,-0.0001192618915974,1.0,1.0,1.0,0.0,0.0,0.0,0.0,0.0,0.0,token_exporter_candidate,"Monte Carlo uncertainty envelope for modeled token execution flows. The envelope samples public-demand proxy weights, compute-capacity priors, routing-cost weights, entropic-routing temperature, total electricity scaling and carbon-intensity multipliers. It is not an observed provider-routing confidence interval, not measured token OD, not measured electricity procurement, and it is not a reconstruction of private provider routing or measured facility load."
JOR,Jordan,1000,0.0004864861030559,0.0010114693332819,0.0022125073377633,0.0,0.0,0.0,-0.0022125073377633,-0.0010114693332819,-0.0004864861030559,1.0,1.0,1.0,0.0,0.0,0.0,0.0,0.0,0.0,token_exporter_candidate,"Monte Carlo uncertainty envelope for modeled token execution flows. The envelope samples public-demand proxy weights, compute-capacity priors, routing-cost weights, entropic-routing temperature, total electricity scaling and carbon-intensity multipliers. It is not an observed provider-routing confidence interval, not measured token OD, not measured electricity procurement, and it is not a reconstruction of private provider routing or measured facility load."
JPN,Japan,1000,0.0168079141977495,0.0227233874099562,0.0317098359722594,0.0144322863310287,0.023723879032881,0.0386709098457214,-0.0116973693750356,0.0008167313886313,0.0166295470526639,0.7891816997146346,0.8844679529859171,0.9389334077366972,0.5215375263410915,1.0691791257577123,2.2435138922322517,0.2362786538285771,0.5085906067993894,1.0745810269281892,uncertain_or_near_balanced,"Monte Carlo uncertainty envelope for modeled token execution flows. The envelope samples public-demand proxy weights, compute-capacity priors, routing-cost weights, entropic-routing temperature, total electricity scaling and carbon-intensity multipliers. It is not an observed provider-routing confidence interval, not measured token OD, not measured electricity procurement, and it is not a reconstruction of private provider routing or measured facility load."
KAZ,Kazakhstan,1000,0.0020420907893377,0.0032999410482964,0.0053313267376242,0.0,0.0,0.0,-0.0053313267376242,-0.0032999410482964,-0.0020420907893377,1.0,1.0,1.0,0.0,0.0,0.0,0.0,0.0,0.0,token_exporter_candidate,"Monte Carlo uncertainty envelope for modeled token execution flows. The envelope samples public-demand proxy weights, compute-capacity priors, routing-cost weights, entropic-routing temperature, total electricity scaling and carbon-intensity multipliers. It is not an observed provider-routing confidence interval, not measured token OD, not measured electricity procurement, and it is not a reconstruction of private provider routing or measured facility load."
KEN,Kenya,1000,0.002891701273113,0.0044640914519961,0.0067855279908328,0.0,0.0,0.0,-0.0067855279908328,-0.0044640914519961,-0.002891701273113,1.0,1.0,1.0,0.0,0.0,0.0,0.0,0.0,0.0,token_exporter_candidate,"Monte Carlo uncertainty envelope for modeled token execution flows. The envelope samples public-demand proxy weights, compute-capacity priors, routing-cost weights, entropic-routing temperature, total electricity scaling and carbon-intensity multipliers. It is not an observed provider-routing confidence interval, not measured token OD, not measured electricity procurement, and it is not a reconstruction of private provider routing or measured facility load."
KGZ,Kyrgyz Republic,1000,0.0002282989232844,0.0004919087193136,0.0010397227005349,0.0,0.0,0.0,-0.0010397227005349,-0.0004919087193136,-0.0002282989232844,1.0,1.0,1.0,0.0,0.0,0.0,0.0,0.0,0.0,token_exporter_candidate,"Monte Carlo uncertainty envelope for modeled token execution flows. The envelope samples public-demand proxy weights, compute-capacity priors, routing-cost weights, entropic-routing temperature, total electricity scaling and carbon-intensity multipliers. It is not an observed provider-routing confidence interval, not measured token OD, not measured electricity procurement, and it is not a reconstruction of private provider routing or measured facility load."
KHM,Cambodia,1000,0.0004603005957415,0.0010234096012487,0.0021686414555297,0.0,0.0,0.0,-0.0021686414555297,-0.0010234096012487,-0.0004603005957415,1.0,1.0,1.0,0.0,0.0,0.0,0.0,0.0,0.0,token_exporter_candidate,"Monte Carlo uncertainty envelope for modeled token execution flows. The envelope samples public-demand proxy weights, compute-capacity priors, routing-cost weights, entropic-routing temperature, total electricity scaling and carbon-intensity multipliers. It is not an observed provider-routing confidence interval, not measured token OD, not measured electricity procurement, and it is not a reconstruction of private provider routing or measured facility load."
KOR,South Korea,1000,0.0172065152562416,0.0229506560390139,0.0316417145757815,0.0134739616255142,0.0221426799331335,0.0355390547674372,-0.013550855679729,-0.0007790628986437,0.0145301780577209,0.8040598048946519,0.8971031596455399,0.9463492588494948,0.468458352314694,0.9819302210375398,2.079939171816443,0.1887117684726576,0.4125340177507645,0.9095167943138512,uncertain_or_near_balanced,"Monte Carlo uncertainty envelope for modeled token execution flows. The envelope samples public-demand proxy weights, compute-capacity priors, routing-cost weights, entropic-routing temperature, total electricity scaling and carbon-intensity multipliers. It is not an observed provider-routing confidence interval, not measured token OD, not measured electricity procurement, and it is not a reconstruction of private provider routing or measured facility load."
KWT,Kuwait,1000,0.0002639848803397,0.0006297373304968,0.0013562428215739,0.0,0.0,0.0,-0.0013562428215739,-0.0006297373304968,-0.0002639848803397,1.0,1.0,1.0,0.0,0.0,0.0,0.0,0.0,0.0,token_exporter_candidate,"Monte Carlo uncertainty envelope for modeled token execution flows. The envelope samples public-demand proxy weights, compute-capacity priors, routing-cost weights, entropic-routing temperature, total electricity scaling and carbon-intensity multipliers. It is not an observed provider-routing confidence interval, not measured token OD, not measured electricity procurement, and it is not a reconstruction of private provider routing or measured facility load."
LAO,Lao PDR,1000,0.0001626593563503,0.0003566167053984,0.0007334815796642,0.0,0.0,0.0,-0.0007334815796642,-0.0003566167053984,-0.0001626593563503,1.0,1.0,1.0,0.0,0.0,0.0,0.0,0.0,0.0,token_exporter_candidate,"Monte Carlo uncertainty envelope for modeled token execution flows. The envelope samples public-demand proxy weights, compute-capacity priors, routing-cost weights, entropic-routing temperature, total electricity scaling and carbon-intensity multipliers. It is not an observed provider-routing confidence interval, not measured token OD, not measured electricity procurement, and it is not a reconstruction of private provider routing or measured facility load."
LBN,Lebanon,1000,0.0002589274617452,0.0005417146432845,0.0011401312311161,0.0,0.0,0.0,-0.0011401312311161,-0.0005417146432845,-0.0002589274617452,1.0,1.0,1.0,0.0,0.0,0.0,0.0,0.0,0.0,token_exporter_candidate,"Monte Carlo uncertainty envelope for modeled token execution flows. The envelope samples public-demand proxy weights, compute-capacity priors, routing-cost weights, entropic-routing temperature, total electricity scaling and carbon-intensity multipliers. It is not an observed provider-routing confidence interval, not measured token OD, not measured electricity procurement, and it is not a reconstruction of private provider routing or measured facility load."
LBR,Liberia,1000,5.678085651006271e-05,0.0001234152284645,0.0002697895995996,0.0,0.0,0.0,-0.0002697895995996,-0.0001234152284645,-5.678085651006272e-05,1.0,1.0,1.0,0.0,0.0,0.0,0.0,0.0,0.0,token_exporter_candidate,"Monte Carlo uncertainty envelope for modeled token execution flows. The envelope samples public-demand proxy weights, compute-capacity priors, routing-cost weights, entropic-routing temperature, total electricity scaling and carbon-intensity multipliers. It is not an observed provider-routing confidence interval, not measured token OD, not measured electricity procurement, and it is not a reconstruction of private provider routing or measured facility load."
LCA,St. Lucia,1000,8.16287551563005e-06,1.8002541785295814e-05,3.723677350337955e-05,0.0,0.0,0.0,-3.723677350337956e-05,-1.8002541785295814e-05,-8.162875515630054e-06,1.0,1.0,1.0,0.0,0.0,0.0,0.0,0.0,0.0,token_exporter_candidate,"Monte Carlo uncertainty envelope for modeled token execution flows. The envelope samples public-demand proxy weights, compute-capacity priors, routing-cost weights, entropic-routing temperature, total electricity scaling and carbon-intensity multipliers. It is not an observed provider-routing confidence interval, not measured token OD, not measured electricity procurement, and it is not a reconstruction of private provider routing or measured facility load."
LIE,Liechtenstein,1000,4.276309072128682e-06,9.511561797547694e-06,2.103071091574165e-05,0.0,0.0,0.0,-2.103071091574166e-05,-9.511561797547694e-06,-4.276309072128683e-06,1.0,1.0,1.0,0.0,0.0,0.0,0.0,0.0,0.0,token_exporter_candidate,"Monte Carlo uncertainty envelope for modeled token execution flows. The envelope samples public-demand proxy weights, compute-capacity priors, routing-cost weights, entropic-routing temperature, total electricity scaling and carbon-intensity multipliers. It is not an observed provider-routing confidence interval, not measured token OD, not measured electricity procurement, and it is not a reconstruction of private provider routing or measured facility load."
LKA,Sri Lanka,1000,0.0009936653212737,0.0021715670534573,0.0047526861299238,0.0,0.0,0.0,-0.0047526861299238,-0.0021715670534573,-0.0009936653212737,1.0,1.0,1.0,0.0,0.0,0.0,0.0,0.0,0.0,token_exporter_candidate,"Monte Carlo uncertainty envelope for modeled token execution flows. The envelope samples public-demand proxy weights, compute-capacity priors, routing-cost weights, entropic-routing temperature, total electricity scaling and carbon-intensity multipliers. It is not an observed provider-routing confidence interval, not measured token OD, not measured electricity procurement, and it is not a reconstruction of private provider routing or measured facility load."
LSO,Lesotho,1000,4.728708535945885e-05,0.0001045342075664,0.000225214552022,0.0,0.0,0.0,-0.000225214552022,-0.0001045342075664,-4.728708535945885e-05,1.0,1.0,1.0,0.0,0.0,0.0,0.0,0.0,0.0,token_exporter_candidate,"Monte Carlo uncertainty envelope for modeled token execution flows. The envelope samples public-demand proxy weights, compute-capacity priors, routing-cost weights, entropic-routing temperature, total electricity scaling and carbon-intensity multipliers. It is not an observed provider-routing confidence interval, not measured token OD, not measured electricity procurement, and it is not a reconstruction of private provider routing or measured facility load."
LTU,Lithuania,1000,0.0003281951021917,0.0006812500747268,0.001463828259714,0.0,0.0,0.0,-0.001463828259714,-0.0006812500747268,-0.0003281951021917,1.0,1.0,1.0,0.0,0.0,0.0,0.0,0.0,0.0,token_exporter_candidate,"Monte Carlo uncertainty envelope for modeled token execution flows. The envelope samples public-demand proxy weights, compute-capacity priors, routing-cost weights, entropic-routing temperature, total electricity scaling and carbon-intensity multipliers. It is not an observed provider-routing confidence interval, not measured token OD, not measured electricity procurement, and it is not a reconstruction of private provider routing or measured facility load."
LUX,Luxembourg,1000,0.0001815429122937,0.0003967497738607,0.0008325959689817,0.0,0.0,0.0,-0.0008325959689817,-0.0003967497738607,-0.0001815429122937,1.0,1.0,1.0,0.0,0.0,0.0,0.0,0.0,0.0,token_exporter_candidate,"Monte Carlo uncertainty envelope for modeled token execution flows. The envelope samples public-demand proxy weights, compute-capacity priors, routing-cost weights, entropic-routing temperature, total electricity scaling and carbon-intensity multipliers. It is not an observed provider-routing confidence interval, not measured token OD, not measured electricity procurement, and it is not a reconstruction of private provider routing or measured facility load."
LVA,Latvia,1000,0.0002027290138278,0.0004350282730588,0.0009052571343669,0.0,0.0,0.0,-0.0009052571343669,-0.0004350282730588,-0.0002027290138278,1.0,1.0,1.0,0.0,0.0,0.0,0.0,0.0,0.0,token_exporter_candidate,"Monte Carlo uncertainty envelope for modeled token execution flows. The envelope samples public-demand proxy weights, compute-capacity priors, routing-cost weights, entropic-routing temperature, total electricity scaling and carbon-intensity multipliers. It is not an observed provider-routing confidence interval, not measured token OD, not measured electricity procurement, and it is not a reconstruction of private provider routing or measured facility load."
MAF,St. Martin (French part),1000,1.830597888567636e-06,4.137371180757498e-06,8.492946653176888e-06,0.0,0.0,0.0,-8.492946653176888e-06,-4.137371180757498e-06,-1.8305978885676369e-06,1.0,1.0,1.0,0.0,0.0,0.0,0.0,0.0,0.0,token_exporter_candidate,"Monte Carlo uncertainty envelope for modeled token execution flows. The envelope samples public-demand proxy weights, compute-capacity priors, routing-cost weights, entropic-routing temperature, total electricity scaling and carbon-intensity multipliers. It is not an observed provider-routing confidence interval, not measured token OD, not measured electricity procurement, and it is not a reconstruction of private provider routing or measured facility load."
MAR,Morocco,1000,0.0038378542688161,0.0060509717781818,0.0092209866699581,0.0,0.0,0.0,-0.0092209866699581,-0.0060509717781818,-0.0038378542688161,1.0,1.0,1.0,0.0,0.0,0.0,0.0,0.0,0.0,token_exporter_candidate,"Monte Carlo uncertainty envelope for modeled token execution flows. The envelope samples public-demand proxy weights, compute-capacity priors, routing-cost weights, entropic-routing temperature, total electricity scaling and carbon-intensity multipliers. It is not an observed provider-routing confidence interval, not measured token OD, not measured electricity procurement, and it is not a reconstruction of private provider routing or measured facility load."
MCO,Monaco,1000,5.559712049087205e-06,1.2448085929091538e-05,2.7197767939815204e-05,0.0,0.0,0.0,-2.7197767939815207e-05,-1.2448085929091538e-05,-5.559712049087207e-06,1.0,1.0,1.0,0.0,0.0,0.0,0.0,0.0,0.0,token_exporter_candidate,"Monte Carlo uncertainty envelope for modeled token execution flows. The envelope samples public-demand proxy weights, compute-capacity priors, routing-cost weights, entropic-routing temperature, total electricity scaling and carbon-intensity multipliers. It is not an observed provider-routing confidence interval, not measured token OD, not measured electricity procurement, and it is not a reconstruction of private provider routing or measured facility load."
MDA,Moldova,1000,0.0001489075222963,0.0003093978007828,0.0006953329061999,0.0,0.0,0.0,-0.0006953329061999,-0.0003093978007828,-0.0001489075222963,1.0,1.0,1.0,0.0,0.0,0.0,0.0,0.0,0.0,token_exporter_candidate,"Monte Carlo uncertainty envelope for modeled token execution flows. The envelope samples public-demand proxy weights, compute-capacity priors, routing-cost weights, entropic-routing temperature, total electricity scaling and carbon-intensity multipliers. It is not an observed provider-routing confidence interval, not measured token OD, not measured electricity procurement, and it is not a reconstruction of private provider routing or measured facility load."
MDG,Madagascar,1000,0.0003755213117527,0.0007918620807498,0.0017335024954352,0.0,0.0,0.0,-0.0017335024954352,-0.0007918620807498,-0.0003755213117527,1.0,1.0,1.0,0.0,0.0,0.0,0.0,0.0,0.0,token_exporter_candidate,"Monte Carlo uncertainty envelope for modeled token execution flows. The envelope samples public-demand proxy weights, compute-capacity priors, routing-cost weights, entropic-routing temperature, total electricity scaling and carbon-intensity multipliers. It is not an observed provider-routing confidence interval, not measured token OD, not measured electricity procurement, and it is not a reconstruction of private provider routing or measured facility load."
MDV,Maldives,1000,3.7678952949691374e-05,8.554277752375933e-05,0.0001858944021934,0.0,0.0,0.0,-0.0001858944021934,-8.554277752375933e-05,-3.767895294969138e-05,1.0,1.0,1.0,0.0,0.0,0.0,0.0,0.0,0.0,token_exporter_candidate,"Monte Carlo uncertainty envelope for modeled token execution flows. The envelope samples public-demand proxy weights, compute-capacity priors, routing-cost weights, entropic-routing temperature, total electricity scaling and carbon-intensity multipliers. It is not an observed provider-routing confidence interval, not measured token OD, not measured electricity procurement, and it is not a reconstruction of private provider routing or measured facility load."
MEX,Mexico,1000,0.008892417674267,0.0140898861024776,0.0214496213621872,0.0090763481656994,0.0152238164659985,0.0253165864286318,-0.0087124929380281,0.001195357497707,0.013282348965526,0.8764849615096361,0.9390867359470064,0.9685558655253488,0.3328398093459012,0.6903260040529168,1.4644868143783474,0.1522763650341113,0.3246225064742751,0.702918117240595,uncertain_or_near_balanced,"Monte Carlo uncertainty envelope for modeled token execution flows. The envelope samples public-demand proxy weights, compute-capacity priors, routing-cost weights, entropic-routing temperature, total electricity scaling and carbon-intensity multipliers. It is not an observed provider-routing confidence interval, not measured token OD, not measured electricity procurement, and it is not a reconstruction of private provider routing or measured facility load."
MKD,North Macedonia,1000,0.0001326951946441,0.0002801637467648,0.0005828152619517,0.0,0.0,0.0,-0.0005828152619517,-0.0002801637467648,-0.0001326951946441,1.0,1.0,1.0,0.0,0.0,0.0,0.0,0.0,0.0,token_exporter_candidate,"Monte Carlo uncertainty envelope for modeled token execution flows. The envelope samples public-demand proxy weights, compute-capacity priors, routing-cost weights, entropic-routing temperature, total electricity scaling and carbon-intensity multipliers. It is not an observed provider-routing confidence interval, not measured token OD, not measured electricity procurement, and it is not a reconstruction of private provider routing or measured facility load."
MLT,Malta,1000,8.104768836560842e-05,0.0001749488224824,0.0003824454135264,0.0,0.0,0.0,-0.0003824454135264,-0.0001749488224824,-8.104768836560845e-05,1.0,1.0,1.0,0.0,0.0,0.0,0.0,0.0,0.0,token_exporter_candidate,"Monte Carlo uncertainty envelope for modeled token execution flows. The envelope samples public-demand proxy weights, compute-capacity priors, routing-cost weights, entropic-routing temperature, total electricity scaling and carbon-intensity multipliers. It is not an observed provider-routing confidence interval, not measured token OD, not measured electricity procurement, and it is not a reconstruction of private provider routing or measured facility load."
MNE,Montenegro,1000,5.119257505932775e-05,0.0001127056089693,0.0002323102368111,0.0,0.0,0.0,-0.0002323102368111,-0.0001127056089693,-5.119257505932775e-05,1.0,1.0,1.0,0.0,0.0,0.0,0.0,0.0,0.0,token_exporter_candidate,"Monte Carlo uncertainty envelope for modeled token execution flows. The envelope samples public-demand proxy weights, compute-capacity priors, routing-cost weights, entropic-routing temperature, total electricity scaling and carbon-intensity multipliers. It is not an observed provider-routing confidence interval, not measured token OD, not measured electricity procurement, and it is not a reconstruction of private provider routing or measured facility load."
MNG,Mongolia,1000,0.0001371252427711,0.0003046144256258,0.000601466115513,0.0,0.0,0.0,-0.000601466115513,-0.0003046144256258,-0.0001371252427711,1.0,1.0,1.0,0.0,0.0,0.0,0.0,0.0,0.0,token_exporter_candidate,"Monte Carlo uncertainty envelope for modeled token execution flows. The envelope samples public-demand proxy weights, compute-capacity priors, routing-cost weights, entropic-routing temperature, total electricity scaling and carbon-intensity multipliers. It is not an observed provider-routing confidence interval, not measured token OD, not measured electricity procurement, and it is not a reconstruction of private provider routing or measured facility load."
MOZ,Mozambique,1000,0.000234949351064,0.0004847067088689,0.0010550283928173,0.0,0.0,0.0,-0.0010550283928173,-0.0004847067088689,-0.000234949351064,1.0,1.0,1.0,0.0,0.0,0.0,0.0,0.0,0.0,token_exporter_candidate,"Monte Carlo uncertainty envelope for modeled token execution flows. The envelope samples public-demand proxy weights, compute-capacity priors, routing-cost weights, entropic-routing temperature, total electricity scaling and carbon-intensity multipliers. It is not an observed provider-routing confidence interval, not measured token OD, not measured electricity procurement, and it is not a reconstruction of private provider routing or measured facility load."
MRT,Mauritania,1000,7.972883066888652e-05,0.0001625103975985,0.0003422722110936,0.0,0.0,0.0,-0.0003422722110936,-0.0001625103975985,-7.972883066888652e-05,1.0,1.0,1.0,0.0,0.0,0.0,0.0,0.0,0.0,token_exporter_candidate,"Monte Carlo uncertainty envelope for modeled token execution flows. The envelope samples public-demand proxy weights, compute-capacity priors, routing-cost weights, entropic-routing temperature, total electricity scaling and carbon-intensity multipliers. It is not an observed provider-routing confidence interval, not measured token OD, not measured electricity procurement, and it is not a reconstruction of private provider routing or measured facility load."
MUS,Mauritius,1000,8.188770100891424e-05,0.0001693973455673,0.000378577928047,0.0,0.0,0.0,-0.000378577928047,-0.0001693973455673,-8.188770100891426e-05,1.0,1.0,1.0,0.0,0.0,0.0,0.0,0.0,0.0,token_exporter_candidate,"Monte Carlo uncertainty envelope for modeled token execution flows. The envelope samples public-demand proxy weights, compute-capacity priors, routing-cost weights, entropic-routing temperature, total electricity scaling and carbon-intensity multipliers. It is not an observed provider-routing confidence interval, not measured token OD, not measured electricity procurement, and it is not a reconstruction of private provider routing or measured facility load."
MWI,Malawi,1000,0.0001577360002844,0.0003335852947697,0.0007404680088436,0.0,0.0,0.0,-0.0007404680088436,-0.0003335852947697,-0.0001577360002844,1.0,1.0,1.0,0.0,0.0,0.0,0.0,0.0,0.0,token_exporter_candidate,"Monte Carlo uncertainty envelope for modeled token execution flows. The envelope samples public-demand proxy weights, compute-capacity priors, routing-cost weights, entropic-routing temperature, total electricity scaling and carbon-intensity multipliers. It is not an observed provider-routing confidence interval, not measured token OD, not measured electricity procurement, and it is not a reconstruction of private provider routing or measured facility load."
MYS,Malaysia,1000,0.0042985346545084,0.0065892406080182,0.0104538281787749,0.0405246217542488,0.0659325722184677,0.1039688997561882,0.0337576353851375,0.0586519161075732,0.0975750414917182,0.7346975823411953,0.8358643304074637,0.9038744945862732,1.3368722487111635,2.9978790153844166,6.033858477486117,0.7992696010989545,1.7893391881067249,3.816813372905429,compute_importer_candidate,"Monte Carlo uncertainty envelope for modeled token execution flows. The envelope samples public-demand proxy weights, compute-capacity priors, routing-cost weights, entropic-routing temperature, total electricity scaling and carbon-intensity multipliers. It is not an observed provider-routing confidence interval, not measured token OD, not measured electricity procurement, and it is not a reconstruction of private provider routing or measured facility load."
NCL,New Caledonia,1000,1.1972988641336884e-05,2.46518588427576e-05,5.410877619333008e-05,0.0,0.0,0.0,-5.410877619333008e-05,-2.46518588427576e-05,-1.1972988641336894e-05,1.0,1.0,1.0,0.0,0.0,0.0,0.0,0.0,0.0,token_exporter_candidate,"Monte Carlo uncertainty envelope for modeled token execution flows. The envelope samples public-demand proxy weights, compute-capacity priors, routing-cost weights, entropic-routing temperature, total electricity scaling and carbon-intensity multipliers. It is not an observed provider-routing confidence interval, not measured token OD, not measured electricity procurement, and it is not a reconstruction of private provider routing or measured facility load."
NER,Niger,1000,0.0001261580219993,0.0002735709978859,0.0006079337128702,0.0,0.0,0.0,-0.0006079337128702,-0.0002735709978859,-0.0001261580219993,1.0,1.0,1.0,0.0,0.0,0.0,0.0,0.0,0.0,token_exporter_candidate,"Monte Carlo uncertainty envelope for modeled token execution flows. The envelope samples public-demand proxy weights, compute-capacity priors, routing-cost weights, entropic-routing temperature, total electricity scaling and carbon-intensity multipliers. It is not an observed provider-routing confidence interval, not measured token OD, not measured electricity procurement, and it is not a reconstruction of private provider routing or measured facility load."
NGA,Nigeria,1000,0.0085706783119271,0.0131867152062496,0.0199393523984546,0.0,0.0,0.0,-0.0199393523984546,-0.0131867152062496,-0.0085706783119271,1.0,1.0,1.0,0.0,0.0,0.0,0.0,0.0,0.0,token_exporter_candidate,"Monte Carlo uncertainty envelope for modeled token execution flows. The envelope samples public-demand proxy weights, compute-capacity priors, routing-cost weights, entropic-routing temperature, total electricity scaling and carbon-intensity multipliers. It is not an observed provider-routing confidence interval, not measured token OD, not measured electricity procurement, and it is not a reconstruction of private provider routing or measured facility load."
NLD,Netherlands,1000,0.010816903326608,0.0147938488551856,0.0205951734756148,0.013558310926323,0.0222512908389019,0.0372376914039043,-0.0029622189199377,0.007415850607163,0.0227343684290621,0.913009496502232,0.9487696426966552,0.9694209877898372,0.4534856299492713,0.9952108913306346,2.1857072783208813,0.1126254188985614,0.2502234847269974,0.5677407747755029,uncertain_or_near_balanced,"Monte Carlo uncertainty envelope for modeled token execution flows. The envelope samples public-demand proxy weights, compute-capacity priors, routing-cost weights, entropic-routing temperature, total electricity scaling and carbon-intensity multipliers. It is not an observed provider-routing confidence interval, not measured token OD, not measured electricity procurement, and it is not a reconstruction of private provider routing or measured facility load."
NOR,Norway,1000,0.0006807272212999,0.0014938223912823,0.0030923674318765,0.0309306700209269,0.0517822950928651,0.0826691511109353,0.029450477811045,0.050124426798601,0.0810263049367239,0.7981498434799975,0.87730769874521,0.9268826486741544,1.1004399914221297,2.382696879262616,4.792314274290082,0.0304194362948491,0.0660614021576626,0.1375361939144142,compute_importer_candidate,"Monte Carlo uncertainty envelope for modeled token execution flows. The envelope samples public-demand proxy weights, compute-capacity priors, routing-cost weights, entropic-routing temperature, total electricity scaling and carbon-intensity multipliers. It is not an observed provider-routing confidence interval, not measured token OD, not measured electricity procurement, and it is not a reconstruction of private provider routing or measured facility load."
NPL,Nepal,1000,0.0008108996930212,0.0018475293948247,0.003950824085894,0.0,0.0,0.0,-0.003950824085894,-0.0018475293948247,-0.0008108996930212,1.0,1.0,1.0,0.0,0.0,0.0,0.0,0.0,0.0,token_exporter_candidate,"Monte Carlo uncertainty envelope for modeled token execution flows. The envelope samples public-demand proxy weights, compute-capacity priors, routing-cost weights, entropic-routing temperature, total electricity scaling and carbon-intensity multipliers. It is not an observed provider-routing confidence interval, not measured token OD, not measured electricity procurement, and it is not a reconstruction of private provider routing or measured facility load."
NZL,New Zealand,1000,0.0006256571582952,0.0013499761561954,0.003120830630649,0.0109082070877041,0.0177712337394002,0.0286055019833976,0.00890088011537,0.0162673075620186,0.0272388734808812,0.7749934631359477,0.8920881957119446,0.9488015096160192,0.3795475695019892,0.8014309286865926,1.63694236603463,0.0335659834742948,0.0747934260897399,0.153976558871699,compute_importer_candidate,"Monte Carlo uncertainty envelope for modeled token execution flows. The envelope samples public-demand proxy weights, compute-capacity priors, routing-cost weights, entropic-routing temperature, total electricity scaling and carbon-intensity multipliers. It is not an observed provider-routing confidence interval, not measured token OD, not measured electricity procurement, and it is not a reconstruction of private provider routing or measured facility load."
OMN,Oman,1000,0.0001972227195939,0.0004214809701245,0.0009123458231002,0.0,0.0,0.0,-0.0009123458231002,-0.0004214809701245,-0.0001972227195939,1.0,1.0,1.0,0.0,0.0,0.0,0.0,0.0,0.0,token_exporter_candidate,"Monte Carlo uncertainty envelope for modeled token execution flows. The envelope samples public-demand proxy weights, compute-capacity priors, routing-cost weights, entropic-routing temperature, total electricity scaling and carbon-intensity multipliers. It is not an observed provider-routing confidence interval, not measured token OD, not measured electricity procurement, and it is not a reconstruction of private provider routing or measured facility load."
PAK,Pakistan,1000,0.012708284367609,0.0202926135521071,0.0304340509827269,0.0,0.0,0.0,-0.0304340509827269,-0.0202926135521071,-0.012708284367609,1.0,1.0,1.0,0.0,0.0,0.0,0.0,0.0,0.0,token_exporter_candidate,"Monte Carlo uncertainty envelope for modeled token execution flows. The envelope samples public-demand proxy weights, compute-capacity priors, routing-cost weights, entropic-routing temperature, total electricity scaling and carbon-intensity multipliers. It is not an observed provider-routing confidence interval, not measured token OD, not measured electricity procurement, and it is not a reconstruction of private provider routing or measured facility load."
PAN,Panama,1000,0.0001833287427076,0.0003883279480171,0.0008487903501295,0.0,0.0,0.0,-0.0008487903501295,-0.0003883279480171,-0.0001833287427076,1.0,1.0,1.0,0.0,0.0,0.0,0.0,0.0,0.0,token_exporter_candidate,"Monte Carlo uncertainty envelope for modeled token execution flows. The envelope samples public-demand proxy weights, compute-capacity priors, routing-cost weights, entropic-routing temperature, total electricity scaling and carbon-intensity multipliers. It is not an observed provider-routing confidence interval, not measured token OD, not measured electricity procurement, and it is not a reconstruction of private provider routing or measured facility load."
PER,Peru,1000,0.0039051359722463,0.0063422789710976,0.0099670056749319,0.0,0.0,0.0,-0.0099670056749319,-0.0063422789710976,-0.0039051359722463,1.0,1.0,1.0,0.0,0.0,0.0,0.0,0.0,0.0,token_exporter_candidate,"Monte Carlo uncertainty envelope for modeled token execution flows. The envelope samples public-demand proxy weights, compute-capacity priors, routing-cost weights, entropic-routing temperature, total electricity scaling and carbon-intensity multipliers. It is not an observed provider-routing confidence interval, not measured token OD, not measured electricity procurement, and it is not a reconstruction of private provider routing or measured facility load."
PHL,Philippines,1000,0.0088653979692202,0.0134735473551117,0.0203403508723585,0.0,0.0,0.0,-0.0203403508723585,-0.0134735473551117,-0.0088653979692202,1.0,1.0,1.0,0.0,0.0,0.0,0.0,0.0,0.0,token_exporter_candidate,"Monte Carlo uncertainty envelope for modeled token execution flows. The envelope samples public-demand proxy weights, compute-capacity priors, routing-cost weights, entropic-routing temperature, total electricity scaling and carbon-intensity multipliers. It is not an observed provider-routing confidence interval, not measured token OD, not measured electricity procurement, and it is not a reconstruction of private provider routing or measured facility load."
PNG,Papua New Guinea,1000,7.318830408239996e-05,0.0001605010367153,0.0003301079463843,0.0,0.0,0.0,-0.0003301079463843,-0.0001605010367153,-7.318830408239996e-05,1.0,1.0,1.0,0.0,0.0,0.0,0.0,0.0,0.0,token_exporter_candidate,"Monte Carlo uncertainty envelope for modeled token execution flows. The envelope samples public-demand proxy weights, compute-capacity priors, routing-cost weights, entropic-routing temperature, total electricity scaling and carbon-intensity multipliers. It is not an observed provider-routing confidence interval, not measured token OD, not measured electricity procurement, and it is not a reconstruction of private provider routing or measured facility load."
POL,Poland,1000,0.0062520756266397,0.0101120402920855,0.016102830104498,0.0098738965021554,0.016606821666339,0.0272516168789558,-0.0018326623722703,0.0066227255728707,0.0174604513384236,0.9543749105710736,0.9728480359756684,0.9840545966962632,0.3573901013425259,0.7469186253062974,1.5743223236252442,0.2030635112219661,0.4387990956208652,0.919407656492899,uncertain_or_near_balanced,"Monte Carlo uncertainty envelope for modeled token execution flows. The envelope samples public-demand proxy weights, compute-capacity priors, routing-cost weights, entropic-routing temperature, total electricity scaling and carbon-intensity multipliers. It is not an observed provider-routing confidence interval, not measured token OD, not measured electricity procurement, and it is not a reconstruction of private provider routing or measured facility load."
PRI,Puerto Rico (US),1000,0.0001369996851115,0.0003117630815524,0.0006679179854004,0.0,0.0,0.0,-0.0006679179854004,-0.0003117630815524,-0.0001369996851115,1.0,1.0,1.0,0.0,0.0,0.0,0.0,0.0,0.0,token_exporter_candidate,"Monte Carlo uncertainty envelope for modeled token execution flows. The envelope samples public-demand proxy weights, compute-capacity priors, routing-cost weights, entropic-routing temperature, total electricity scaling and carbon-intensity multipliers. It is not an observed provider-routing confidence interval, not measured token OD, not measured electricity procurement, and it is not a reconstruction of private provider routing or measured facility load."
PRT,Portugal,1000,0.0025668694129798,0.0039912477064593,0.0060743232703644,0.0,0.0,0.0,-0.0060743232703644,-0.0039912477064593,-0.0025668694129798,1.0,1.0,1.0,0.0,0.0,0.0,0.0,0.0,0.0,token_exporter_candidate,"Monte Carlo uncertainty envelope for modeled token execution flows. The envelope samples public-demand proxy weights, compute-capacity priors, routing-cost weights, entropic-routing temperature, total electricity scaling and carbon-intensity multipliers. It is not an observed provider-routing confidence interval, not measured token OD, not measured electricity procurement, and it is not a reconstruction of private provider routing or measured facility load."
PRY,Paraguay,1000,0.0002394369886515,0.0004898078723097,0.001104965402766,0.0,0.0,0.0,-0.001104965402766,-0.0004898078723097,-0.0002394369886515,1.0,1.0,1.0,0.0,0.0,0.0,0.0,0.0,0.0,token_exporter_candidate,"Monte Carlo uncertainty envelope for modeled token execution flows. The envelope samples public-demand proxy weights, compute-capacity priors, routing-cost weights, entropic-routing temperature, total electricity scaling and carbon-intensity multipliers. It is not an observed provider-routing confidence interval, not measured token OD, not measured electricity procurement, and it is not a reconstruction of private provider routing or measured facility load."
PSE,West Bank and Gaza,1000,0.00017588092027,0.0003806975544776,0.0007642557965338,0.0,0.0,0.0,-0.0007642557965338,-0.0003806975544776,-0.00017588092027,1.0,1.0,1.0,0.0,0.0,0.0,0.0,0.0,0.0,token_exporter_candidate,"Monte Carlo uncertainty envelope for modeled token execution flows. The envelope samples public-demand proxy weights, compute-capacity priors, routing-cost weights, entropic-routing temperature, total electricity scaling and carbon-intensity multipliers. It is not an observed provider-routing confidence interval, not measured token OD, not measured electricity procurement, and it is not a reconstruction of private provider routing or measured facility load."
PYF,French Polynesia,1000,1.4547024744481197e-05,3.116302237262658e-05,6.535728519153259e-05,0.0,0.0,0.0,-6.535728519153261e-05,-3.116302237262658e-05,-1.4547024744481198e-05,1.0,1.0,1.0,0.0,0.0,0.0,0.0,0.0,0.0,token_exporter_candidate,"Monte Carlo uncertainty envelope for modeled token execution flows. The envelope samples public-demand proxy weights, compute-capacity priors, routing-cost weights, entropic-routing temperature, total electricity scaling and carbon-intensity multipliers. It is not an observed provider-routing confidence interval, not measured token OD, not measured electricity procurement, and it is not a reconstruction of private provider routing or measured facility load."
QAT,Qatar,1000,0.0001747168493237,0.0003936918505787,0.0008617124123439,0.0050683809268466,0.0081435731482752,0.0134282970433808,0.0045718912407071,0.0077597059196199,0.0129700322778405,0.964817923151642,0.9811346306761024,0.989074413743373,0.1760589021623751,0.3663755375292026,0.8070956010164475,0.099608871750086,0.2167869659333284,0.4727183586963063,compute_importer_candidate,"Monte Carlo uncertainty envelope for modeled token execution flows. The envelope samples public-demand proxy weights, compute-capacity priors, routing-cost weights, entropic-routing temperature, total electricity scaling and carbon-intensity multipliers. It is not an observed provider-routing confidence interval, not measured token OD, not measured electricity procurement, and it is not a reconstruction of private provider routing or measured facility load."
ROU,Romania,1000,0.0027442451327838,0.0043066856619982,0.006744413345426,0.0,0.0,0.0,-0.006744413345426,-0.0043066856619982,-0.0027442451327838,1.0,1.0,1.0,0.0,0.0,0.0,0.0,0.0,0.0,token_exporter_candidate,"Monte Carlo uncertainty envelope for modeled token execution flows. The envelope samples public-demand proxy weights, compute-capacity priors, routing-cost weights, entropic-routing temperature, total electricity scaling and carbon-intensity multipliers. It is not an observed provider-routing confidence interval, not measured token OD, not measured electricity procurement, and it is not a reconstruction of private provider routing or measured facility load."
RUS,Russian Federation,1000,0.0017557209938661,0.0039251703904157,0.007627154684545,0.0,0.0,0.0,-0.007627154684545,-0.0039251703904157,-0.0017557209938661,1.0,1.0,1.0,0.0,0.0,0.0,0.0,0.0,0.0,token_exporter_candidate,"Monte Carlo uncertainty envelope for modeled token execution flows. The envelope samples public-demand proxy weights, compute-capacity priors, routing-cost weights, entropic-routing temperature, total electricity scaling and carbon-intensity multipliers. It is not an observed provider-routing confidence interval, not measured token OD, not measured electricity procurement, and it is not a reconstruction of private provider routing or measured facility load."
RWA,Rwanda,1000,0.0002816511834232,0.0006005048908507,0.0013209685917356,0.0,0.0,0.0,-0.0013209685917356,-0.0006005048908507,-0.0002816511834232,1.0,1.0,1.0,0.0,0.0,0.0,0.0,0.0,0.0,token_exporter_candidate,"Monte Carlo uncertainty envelope for modeled token execution flows. The envelope samples public-demand proxy weights, compute-capacity priors, routing-cost weights, entropic-routing temperature, total electricity scaling and carbon-intensity multipliers. It is not an observed provider-routing confidence interval, not measured token OD, not measured electricity procurement, and it is not a reconstruction of private provider routing or measured facility load."
SAU,Saudi Arabia,1000,0.0036917639113817,0.0057655356036636,0.008929458070523,0.0231822785404084,0.0398279827862384,0.0638131258459645,0.0169054877612796,0.0335980559280788,0.057740335917279,0.6495002019778253,0.8092728594307795,0.9020214354096998,0.8370523864644052,1.7541528116993197,3.765599670421494,0.5483369856845799,1.2161788037990673,2.685019414062407,compute_importer_candidate,"Monte Carlo uncertainty envelope for modeled token execution flows. The envelope samples public-demand proxy weights, compute-capacity priors, routing-cost weights, entropic-routing temperature, total electricity scaling and carbon-intensity multipliers. It is not an observed provider-routing confidence interval, not measured token OD, not measured electricity procurement, and it is not a reconstruction of private provider routing or measured facility load."
SEN,Senegal,1000,0.0004661347220446,0.0009731399549811,0.0021047723564465,0.0,0.0,0.0,-0.0021047723564465,-0.0009731399549811,-0.0004661347220446,1.0,1.0,1.0,0.0,0.0,0.0,0.0,0.0,0.0,token_exporter_candidate,"Monte Carlo uncertainty envelope for modeled token execution flows. The envelope samples public-demand proxy weights, compute-capacity priors, routing-cost weights, entropic-routing temperature, total electricity scaling and carbon-intensity multipliers. It is not an observed provider-routing confidence interval, not measured token OD, not measured electricity procurement, and it is not a reconstruction of private provider routing or measured facility load."
SGP,Singapore,1000,0.0131988587605017,0.0235747021828882,0.0379463442639923,0.0206857404248708,0.0327803304758172,0.0538351949906089,-0.0096039915254118,0.0097098383991213,0.0318201874463943,0.772703964700077,0.8713368674556095,0.9277416429850568,0.721016477364906,1.4978880853065644,3.085585238406161,0.3601945665940726,0.7350397199212404,1.5406902916703684,uncertain_or_near_balanced,"Monte Carlo uncertainty envelope for modeled token execution flows. The envelope samples public-demand proxy weights, compute-capacity priors, routing-cost weights, entropic-routing temperature, total electricity scaling and carbon-intensity multipliers. It is not an observed provider-routing confidence interval, not measured token OD, not measured electricity procurement, and it is not a reconstruction of private provider routing or measured facility load."
SLE,Sierra Leone,1000,7.427771039878466e-05,0.0001579979911438,0.000327672942698,0.0,0.0,0.0,-0.000327672942698,-0.0001579979911438,-7.427771039878466e-05,1.0,1.0,1.0,0.0,0.0,0.0,0.0,0.0,0.0,token_exporter_candidate,"Monte Carlo uncertainty envelope for modeled token execution flows. The envelope samples public-demand proxy weights, compute-capacity priors, routing-cost weights, entropic-routing temperature, total electricity scaling and carbon-intensity multipliers. It is not an observed provider-routing confidence interval, not measured token OD, not measured electricity procurement, and it is not a reconstruction of private provider routing or measured facility load."
SLV,El Salvador,1000,0.000190878549922,0.0003990672369891,0.0009108386792047,0.0,0.0,0.0,-0.0009108386792047,-0.0003990672369891,-0.000190878549922,1.0,1.0,1.0,0.0,0.0,0.0,0.0,0.0,0.0,token_exporter_candidate,"Monte Carlo uncertainty envelope for modeled token execution flows. The envelope samples public-demand proxy weights, compute-capacity priors, routing-cost weights, entropic-routing temperature, total electricity scaling and carbon-intensity multipliers. It is not an observed provider-routing confidence interval, not measured token OD, not measured electricity procurement, and it is not a reconstruction of private provider routing or measured facility load."
SMR,San Marino,1000,3.389163089187281e-06,7.508692493991009e-06,1.5795327081157037e-05,0.0,0.0,0.0,-1.579532708115704e-05,-7.508692493991009e-06,-3.389163089187281e-06,1.0,1.0,1.0,0.0,0.0,0.0,0.0,0.0,0.0,token_exporter_candidate,"Monte Carlo uncertainty envelope for modeled token execution flows. The envelope samples public-demand proxy weights, compute-capacity priors, routing-cost weights, entropic-routing temperature, total electricity scaling and carbon-intensity multipliers. It is not an observed provider-routing confidence interval, not measured token OD, not measured electricity procurement, and it is not a reconstruction of private provider routing or measured facility load."
SRB,Serbia,1000,0.0005588348413199,0.0012122484917267,0.0027557015548449,0.0,0.0,0.0,-0.0027557015548449,-0.0012122484917267,-0.0005588348413199,1.0,1.0,1.0,0.0,0.0,0.0,0.0,0.0,0.0,token_exporter_candidate,"Monte Carlo uncertainty envelope for modeled token execution flows. The envelope samples public-demand proxy weights, compute-capacity priors, routing-cost weights, entropic-routing temperature, total electricity scaling and carbon-intensity multipliers. It is not an observed provider-routing confidence interval, not measured token OD, not measured electricity procurement, and it is not a reconstruction of private provider routing or measured facility load."
SUR,Suriname,1000,2.1989779628310832e-05,4.779708508619478e-05,0.0001102577963812,0.0,0.0,0.0,-0.0001102577963812,-4.779708508619478e-05,-2.1989779628310832e-05,1.0,1.0,1.0,0.0,0.0,0.0,0.0,0.0,0.0,token_exporter_candidate,"Monte Carlo uncertainty envelope for modeled token execution flows. The envelope samples public-demand proxy weights, compute-capacity priors, routing-cost weights, entropic-routing temperature, total electricity scaling and carbon-intensity multipliers. It is not an observed provider-routing confidence interval, not measured token OD, not measured electricity procurement, and it is not a reconstruction of private provider routing or measured facility load."
SVK,Slovak Republic,1000,0.0004249646161419,0.0008889698563415,0.0019090818787493,0.0,0.0,0.0,-0.0019090818787493,-0.0008889698563415,-0.0004249646161419,1.0,1.0,1.0,0.0,0.0,0.0,0.0,0.0,0.0,token_exporter_candidate,"Monte Carlo uncertainty envelope for modeled token execution flows. The envelope samples public-demand proxy weights, compute-capacity priors, routing-cost weights, entropic-routing temperature, total electricity scaling and carbon-intensity multipliers. It is not an observed provider-routing confidence interval, not measured token OD, not measured electricity procurement, and it is not a reconstruction of private provider routing or measured facility load."
SVN,Slovenia,1000,0.0002202112068567,0.0004619620724504,0.0010170550001531,0.0,0.0,0.0,-0.0010170550001531,-0.0004619620724504,-0.0002202112068567,1.0,1.0,1.0,0.0,0.0,0.0,0.0,0.0,0.0,token_exporter_candidate,"Monte Carlo uncertainty envelope for modeled token execution flows. The envelope samples public-demand proxy weights, compute-capacity priors, routing-cost weights, entropic-routing temperature, total electricity scaling and carbon-intensity multipliers. It is not an observed provider-routing confidence interval, not measured token OD, not measured electricity procurement, and it is not a reconstruction of private provider routing or measured facility load."
SWE,Sweden,1000,0.0032029884092266,0.0050839608134728,0.007816308847107,0.0129461324295529,0.0210048343537089,0.0339673385299793,0.007067896855106,0.0159381369101161,0.0290117385666658,0.9432088135448444,0.9652045183300392,0.9794679194216016,0.4484927882272733,0.9638482558519776,1.9941447952617255,0.015092554755989,0.0335067827594406,0.0700598479611884,compute_importer_candidate,"Monte Carlo uncertainty envelope for modeled token execution flows. The envelope samples public-demand proxy weights, compute-capacity priors, routing-cost weights, entropic-routing temperature, total electricity scaling and carbon-intensity multipliers. It is not an observed provider-routing confidence interval, not measured token OD, not measured electricity procurement, and it is not a reconstruction of private provider routing or measured facility load."
SWZ,Eswatini,1000,3.524482542590371e-05,7.522511147763878e-05,0.000164041058038,0.0,0.0,0.0,-0.000164041058038,-7.522511147763878e-05,-3.524482542590372e-05,1.0,1.0,1.0,0.0,0.0,0.0,0.0,0.0,0.0,token_exporter_candidate,"Monte Carlo uncertainty envelope for modeled token execution flows. The envelope samples public-demand proxy weights, compute-capacity priors, routing-cost weights, entropic-routing temperature, total electricity scaling and carbon-intensity multipliers. It is not an observed provider-routing confidence interval, not measured token OD, not measured electricity procurement, and it is not a reconstruction of private provider routing or measured facility load."
TCD,Chad,1000,7.753466194438289e-05,0.0001656857299496,0.0003709432090241,0.0,0.0,0.0,-0.0003709432090241,-0.0001656857299496,-7.75346619443829e-05,1.0,1.0,1.0,0.0,0.0,0.0,0.0,0.0,0.0,token_exporter_candidate,"Monte Carlo uncertainty envelope for modeled token execution flows. The envelope samples public-demand proxy weights, compute-capacity priors, routing-cost weights, entropic-routing temperature, total electricity scaling and carbon-intensity multipliers. It is not an observed provider-routing confidence interval, not measured token OD, not measured electricity procurement, and it is not a reconstruction of private provider routing or measured facility load."
TGO,Togo,1000,0.0001636699136733,0.0003482878530386,0.000750785952567,0.0,0.0,0.0,-0.000750785952567,-0.0003482878530386,-0.0001636699136733,1.0,1.0,1.0,0.0,0.0,0.0,0.0,0.0,0.0,token_exporter_candidate,"Monte Carlo uncertainty envelope for modeled token execution flows. The envelope samples public-demand proxy weights, compute-capacity priors, routing-cost weights, entropic-routing temperature, total electricity scaling and carbon-intensity multipliers. It is not an observed provider-routing confidence interval, not measured token OD, not measured electricity procurement, and it is not a reconstruction of private provider routing or measured facility load."
THA,Thailand,1000,0.0058645089262612,0.0093762788659682,0.014345526050157,0.0,0.0,0.0,-0.014345526050157,-0.0093762788659682,-0.0058645089262612,1.0,1.0,1.0,0.0,0.0,0.0,0.0,0.0,0.0,token_exporter_candidate,"Monte Carlo uncertainty envelope for modeled token execution flows. The envelope samples public-demand proxy weights, compute-capacity priors, routing-cost weights, entropic-routing temperature, total electricity scaling and carbon-intensity multipliers. It is not an observed provider-routing confidence interval, not measured token OD, not measured electricity procurement, and it is not a reconstruction of private provider routing or measured facility load."
TJK,Tajikistan,1000,0.000159847894697,0.0003433379959779,0.0007248761105767,0.0,0.0,0.0,-0.0007248761105767,-0.0003433379959779,-0.000159847894697,1.0,1.0,1.0,0.0,0.0,0.0,0.0,0.0,0.0,token_exporter_candidate,"Monte Carlo uncertainty envelope for modeled token execution flows. The envelope samples public-demand proxy weights, compute-capacity priors, routing-cost weights, entropic-routing temperature, total electricity scaling and carbon-intensity multipliers. It is not an observed provider-routing confidence interval, not measured token OD, not measured electricity procurement, and it is not a reconstruction of private provider routing or measured facility load."
TLS,Timor-Leste,1000,2.538611497927851e-05,5.13991862559879e-05,0.0001136901235623,0.0,0.0,0.0,-0.0001136901235623,-5.13991862559879e-05,-2.538611497927852e-05,1.0,1.0,1.0,0.0,0.0,0.0,0.0,0.0,0.0,token_exporter_candidate,"Monte Carlo uncertainty envelope for modeled token execution flows. The envelope samples public-demand proxy weights, compute-capacity priors, routing-cost weights, entropic-routing temperature, total electricity scaling and carbon-intensity multipliers. It is not an observed provider-routing confidence interval, not measured token OD, not measured electricity procurement, and it is not a reconstruction of private provider routing or measured facility load."
TTO,Trinidad and Tobago,1000,6.025234371834645e-05,0.0001266012414413,0.0002800141653714,0.0,0.0,0.0,-0.0002800141653714,-0.0001266012414413,-6.025234371834648e-05,1.0,1.0,1.0,0.0,0.0,0.0,0.0,0.0,0.0,token_exporter_candidate,"Monte Carlo uncertainty envelope for modeled token execution flows. The envelope samples public-demand proxy weights, compute-capacity priors, routing-cost weights, entropic-routing temperature, total electricity scaling and carbon-intensity multipliers. It is not an observed provider-routing confidence interval, not measured token OD, not measured electricity procurement, and it is not a reconstruction of private provider routing or measured facility load."
TUN,Tunisia,1000,0.0006427913711438,0.0013167954765176,0.0029953113527686,0.0,0.0,0.0,-0.0029953113527686,-0.0013167954765176,-0.0006427913711438,1.0,1.0,1.0,0.0,0.0,0.0,0.0,0.0,0.0,token_exporter_candidate,"Monte Carlo uncertainty envelope for modeled token execution flows. The envelope samples public-demand proxy weights, compute-capacity priors, routing-cost weights, entropic-routing temperature, total electricity scaling and carbon-intensity multipliers. It is not an observed provider-routing confidence interval, not measured token OD, not measured electricity procurement, and it is not a reconstruction of private provider routing or measured facility load."
TUR,Turkiye,1000,0.0079120931429379,0.0127639258849823,0.0190473328141179,0.0,0.0,0.0,-0.0190473328141179,-0.0127639258849823,-0.0079120931429379,1.0,1.0,1.0,0.0,0.0,0.0,0.0,0.0,0.0,token_exporter_candidate,"Monte Carlo uncertainty envelope for modeled token execution flows. The envelope samples public-demand proxy weights, compute-capacity priors, routing-cost weights, entropic-routing temperature, total electricity scaling and carbon-intensity multipliers. It is not an observed provider-routing confidence interval, not measured token OD, not measured electricity procurement, and it is not a reconstruction of private provider routing or measured facility load."
TWN,Taiwan,1000,0.0024642823558302,0.0042197099699836,0.0072898192267925,0.0069485628391744,0.0113716964438406,0.0183663257296457,0.00181652230156,0.007024441418023,0.0141637553143761,0.9746606267122312,0.9846243245261252,0.9908159080396206,0.243341974667719,0.5078333510732849,1.0656481114562293,0.148033447046354,0.3168244776860371,0.7094434240179859,compute_importer_candidate,"Monte Carlo uncertainty envelope for modeled token execution flows. The envelope samples public-demand proxy weights, compute-capacity priors, routing-cost weights, entropic-routing temperature, total electricity scaling and carbon-intensity multipliers. It is not an observed provider-routing confidence interval, not measured token OD, not measured electricity procurement, and it is not a reconstruction of private provider routing or measured facility load."
TZA,Tanzania,1000,0.0006580120288027,0.001455266472196,0.003257146988504,0.0,0.0,0.0,-0.003257146988504,-0.001455266472196,-0.0006580120288027,1.0,1.0,1.0,0.0,0.0,0.0,0.0,0.0,0.0,token_exporter_candidate,"Monte Carlo uncertainty envelope for modeled token execution flows. The envelope samples public-demand proxy weights, compute-capacity priors, routing-cost weights, entropic-routing temperature, total electricity scaling and carbon-intensity multipliers. It is not an observed provider-routing confidence interval, not measured token OD, not measured electricity procurement, and it is not a reconstruction of private provider routing or measured facility load."
UGA,Uganda,1000,0.0002067971382992,0.0004387286242359,0.000973518305139,0.0,0.0,0.0,-0.000973518305139,-0.0004387286242359,-0.0002067971382992,1.0,1.0,1.0,0.0,0.0,0.0,0.0,0.0,0.0,token_exporter_candidate,"Monte Carlo uncertainty envelope for modeled token execution flows. The envelope samples public-demand proxy weights, compute-capacity priors, routing-cost weights, entropic-routing temperature, total electricity scaling and carbon-intensity multipliers. It is not an observed provider-routing confidence interval, not measured token OD, not measured electricity procurement, and it is not a reconstruction of private provider routing or measured facility load."
UKR,Ukraine,1000,0.0052834710344022,0.0087451612119966,0.0136409841539998,0.0,0.0,0.0,-0.0136409841539998,-0.0087451612119966,-0.0052834710344022,1.0,1.0,1.0,0.0,0.0,0.0,0.0,0.0,0.0,token_exporter_candidate,"Monte Carlo uncertainty envelope for modeled token execution flows. The envelope samples public-demand proxy weights, compute-capacity priors, routing-cost weights, entropic-routing temperature, total electricity scaling and carbon-intensity multipliers. It is not an observed provider-routing confidence interval, not measured token OD, not measured electricity procurement, and it is not a reconstruction of private provider routing or measured facility load."
URY,Uruguay,1000,0.0002147613606104,0.0004650800490671,0.0010562880620891,0.0,0.0,0.0,-0.0010562880620891,-0.0004650800490671,-0.0002147613606104,1.0,1.0,1.0,0.0,0.0,0.0,0.0,0.0,0.0,token_exporter_candidate,"Monte Carlo uncertainty envelope for modeled token execution flows. The envelope samples public-demand proxy weights, compute-capacity priors, routing-cost weights, entropic-routing temperature, total electricity scaling and carbon-intensity multipliers. It is not an observed provider-routing confidence interval, not measured token OD, not measured electricity procurement, and it is not a reconstruction of private provider routing or measured facility load."
USA,United States,1000,0.140602750866775,0.1965829046532086,0.2819972484255057,0.0601757646057885,0.0967889876469828,0.1508237117187269,-0.1897722732986329,-0.0999731578769199,-0.0255274537571559,0.5750728114246453,0.735770823609549,0.8431312274565361,2.0778141315375183,4.3358852518813,9.073399333533397,0.776679556428824,1.6387486959811004,3.604738927754484,token_exporter_candidate,"Monte Carlo uncertainty envelope for modeled token execution flows. The envelope samples public-demand proxy weights, compute-capacity priors, routing-cost weights, entropic-routing temperature, total electricity scaling and carbon-intensity multipliers. It is not an observed provider-routing confidence interval, not measured token OD, not measured electricity procurement, and it is not a reconstruction of private provider routing or measured facility load."
UZB,Uzbekistan,1000,0.0011383730290131,0.0024515828660956,0.0053606048800545,0.0,0.0,0.0,-0.0053606048800545,-0.0024515828660956,-0.0011383730290131,1.0,1.0,1.0,0.0,0.0,0.0,0.0,0.0,0.0,token_exporter_candidate,"Monte Carlo uncertainty envelope for modeled token execution flows. The envelope samples public-demand proxy weights, compute-capacity priors, routing-cost weights, entropic-routing temperature, total electricity scaling and carbon-intensity multipliers. It is not an observed provider-routing confidence interval, not measured token OD, not measured electricity procurement, and it is not a reconstruction of private provider routing or measured facility load."
VCT,St. Vincent and the Grenadines,1000,4.371783083806247e-06,9.07382731256618e-06,1.9363609780945973e-05,0.0,0.0,0.0,-1.9363609780945983e-05,-9.07382731256618e-06,-4.371783083806248e-06,1.0,1.0,1.0,0.0,0.0,0.0,0.0,0.0,0.0,token_exporter_candidate,"Monte Carlo uncertainty envelope for modeled token execution flows. The envelope samples public-demand proxy weights, compute-capacity priors, routing-cost weights, entropic-routing temperature, total electricity scaling and carbon-intensity multipliers. It is not an observed provider-routing confidence interval, not measured token OD, not measured electricity procurement, and it is not a reconstruction of private provider routing or measured facility load."
VIR,Virgin Islands (U.S.),1000,3.644097088507249e-06,7.886531707616973e-06,1.7220726845966306e-05,0.0,0.0,0.0,-1.722072684596631e-05,-7.886531707616973e-06,-3.644097088507249e-06,1.0,1.0,1.0,0.0,0.0,0.0,0.0,0.0,0.0,token_exporter_candidate,"Monte Carlo uncertainty envelope for modeled token execution flows. The envelope samples public-demand proxy weights, compute-capacity priors, routing-cost weights, entropic-routing temperature, total electricity scaling and carbon-intensity multipliers. It is not an observed provider-routing confidence interval, not measured token OD, not measured electricity procurement, and it is not a reconstruction of private provider routing or measured facility load."
VNM,Viet Nam,1000,0.0089846053902187,0.014330650976656,0.0221708045251063,0.0,0.0,0.0,-0.0221708045251063,-0.014330650976656,-0.0089846053902187,1.0,1.0,1.0,0.0,0.0,0.0,0.0,0.0,0.0,token_exporter_candidate,"Monte Carlo uncertainty envelope for modeled token execution flows. The envelope samples public-demand proxy weights, compute-capacity priors, routing-cost weights, entropic-routing temperature, total electricity scaling and carbon-intensity multipliers. It is not an observed provider-routing confidence interval, not measured token OD, not measured electricity procurement, and it is not a reconstruction of private provider routing or measured facility load."
XKX,Kosovo,1000,7.393460982821808e-05,0.0001586721535074,0.0003435504283427,0.0,0.0,0.0,-0.0003435504283427,-0.0001586721535074,-7.393460982821808e-05,1.0,1.0,1.0,0.0,0.0,0.0,0.0,0.0,0.0,token_exporter_candidate,"Monte Carlo uncertainty envelope for modeled token execution flows. The envelope samples public-demand proxy weights, compute-capacity priors, routing-cost weights, entropic-routing temperature, total electricity scaling and carbon-intensity multipliers. It is not an observed provider-routing confidence interval, not measured token OD, not measured electricity procurement, and it is not a reconstruction of private provider routing or measured facility load."
ZAF,South Africa,1000,0.0022650318708893,0.0047641437783047,0.0101795537137522,0.0107714584666766,0.0175803152502625,0.0293270363519726,0.0042115593292465,0.0127439886338289,0.0250024958533432,0.8234231050229064,0.9143993276915154,0.9575382551160015,0.3811935694533235,0.7987576798484648,1.7550411393479326,0.2634152393476085,0.5631589764708123,1.2620880456113757,compute_importer_candidate,"Monte Carlo uncertainty envelope for modeled token execution flows. The envelope samples public-demand proxy weights, compute-capacity priors, routing-cost weights, entropic-routing temperature, total electricity scaling and carbon-intensity multipliers. It is not an observed provider-routing confidence interval, not measured token OD, not measured electricity procurement, and it is not a reconstruction of private provider routing or measured facility load."
ZMB,Zambia,1000,0.0001529793517196,0.0003224819841623,0.0007049476005936,0.0,0.0,0.0,-0.0007049476005936,-0.0003224819841623,-0.0001529793517196,1.0,1.0,1.0,0.0,0.0,0.0,0.0,0.0,0.0,token_exporter_candidate,"Monte Carlo uncertainty envelope for modeled token execution flows. The envelope samples public-demand proxy weights, compute-capacity priors, routing-cost weights, entropic-routing temperature, total electricity scaling and carbon-intensity multipliers. It is not an observed provider-routing confidence interval, not measured token OD, not measured electricity procurement, and it is not a reconstruction of private provider routing or measured facility load."
ZWE,Zimbabwe,1000,0.0002943682445645,0.0006167306177827,0.0014396920605542,0.0,0.0,0.0,-0.0014396920605542,-0.0006167306177827,-0.0002943682445645,1.0,1.0,1.0,0.0,0.0,0.0,0.0,0.0,0.0,token_exporter_candidate,"Monte Carlo uncertainty envelope for modeled token execution flows. The envelope samples public-demand proxy weights, compute-capacity priors, routing-cost weights, entropic-routing temperature, total electricity scaling and carbon-intensity multipliers. It is not an observed provider-routing confidence interval, not measured token OD, not measured electricity procurement, and it is not a reconstruction of private provider routing or measured facility load."
