metric,bootstrap_spearman
capacity-prior consistency,0.3640073167299846
capacity-prior consistency,0.7861157953906689
capacity-prior consistency,0.6793035664139286
capacity-prior consistency,0.409250667791368
capacity-prior consistency,0.35391523996632046
capacity-prior consistency,0.03964014619061008
capacity-prior consistency,0.49177330895795246
capacity-prior consistency,0.5815324165029468
capacity-prior consistency,0.5277582572030921
capacity-prior consistency,0.30377252252252246
capacity-prior consistency,0.45454545454545453
capacity-prior consistency,0.5041391889995791
capacity-prior consistency,0.727604605447908
capacity-prior consistency,0.718587308287604
capacity-prior consistency,0.6520275010523363
capacity-prior consistency,0.3130434782608696
capacity-prior consistency,0.6422947131608548
capacity-prior consistency,0.5769014084507041
capacity-prior consistency,0.7320399268944189
capacity-prior consistency,0.8005050505050505
capacity-prior consistency,0.6066816395283547
capacity-prior consistency,0.519371139809096
capacity-prior consistency,0.5892530595020397
capacity-prior consistency,0.4321855235418131
capacity-prior consistency,0.15060410227592022
capacity-prior consistency,0.600280504908836
capacity-prior consistency,0.5592123769338958
capacity-prior consistency,0.500491090220289
capacity-prior consistency,0.4633253554835985
capacity-prior consistency,0.217745332023024
capacity-prior consistency,0.48850252383623116
capacity-prior consistency,0.35782657657657657
capacity-prior consistency,0.7334269662921348
capacity-prior consistency,0.6569824561403509
capacity-prior consistency,0.5453776775648252
capacity-prior consistency,0.1441011235955056
capacity-prior consistency,0.5568677070153242
capacity-prior consistency,0.4792633206804444
capacity-prior consistency,0.6240516999157067
capacity-prior consistency,0.6425962348974432
capacity-prior consistency,0.5930248910139221
capacity-prior consistency,0.5685229344929162
capacity-prior consistency,0.38271604938271603
capacity-prior consistency,0.5216779279279279
capacity-prior consistency,0.733464401067266
capacity-prior consistency,0.4833450456781448
capacity-prior consistency,0.6697195998309146
capacity-prior consistency,0.6141632710411691
capacity-prior consistency,0.6901052631578948
capacity-prior consistency,0.6654964190422694
capacity-prior consistency,0.7486292703500634
capacity-prior consistency,0.3193937692955374
capacity-prior consistency,0.5451862262825019
capacity-prior consistency,0.42219727795706474
capacity-prior consistency,0.24736620311841556
capacity-prior consistency,0.4471727234460503
capacity-prior consistency,0.32771219786396855
capacity-prior consistency,0.5080078673784771
capacity-prior consistency,0.5829691244889327
capacity-prior consistency,0.39390535037213875
capacity-prior consistency,0.5066835514281695
capacity-prior consistency,0.5334736842105263
capacity-prior consistency,0.6418539325842696
capacity-prior consistency,0.3487849417052958
capacity-prior consistency,0.6870153672634992
capacity-prior consistency,0.7224409448818898
capacity-prior consistency,0.3942456140350876
capacity-prior consistency,0.18910571388459918
capacity-prior consistency,0.6207478211976386
capacity-prior consistency,0.09241573033707863
capacity-prior consistency,0.3226576766399776
capacity-prior consistency,0.5336700336700336
capacity-prior consistency,0.5199214365881032
capacity-prior consistency,0.4016278417064271
capacity-prior consistency,0.5410573678290214
capacity-prior consistency,0.5127017543859649
capacity-prior consistency,0.23726673214536276
capacity-prior consistency,0.4785172704296546
capacity-prior consistency,0.2931107057668023
capacity-prior consistency,0.6406008704197671
capacity-prior consistency,0.5360448807854138
capacity-prior consistency,0.5419182699059121
capacity-prior consistency,0.4747928661704816
capacity-prior consistency,0.20882518268690273
capacity-prior consistency,0.41604608683434036
capacity-prior consistency,0.547562175073767
capacity-prior consistency,0.5264193367060146
capacity-prior consistency,0.3820887142055025
capacity-prior consistency,0.1808480763830385
capacity-prior consistency,0.5887640449438202
capacity-prior consistency,0.46951992116007324
capacity-prior consistency,0.3884436946436104
capacity-prior consistency,0.3158411673916094
capacity-prior consistency,0.45523541813070983
capacity-prior consistency,0.5192469794886205
capacity-prior consistency,0.33651685393258424
capacity-prior consistency,0.31784909909909903
capacity-prior consistency,0.39907420395567395
capacity-prior consistency,0.6253164556962023
capacity-prior consistency,0.40134717934325
capacity-prior consistency,0.7840190984412303
capacity-prior consistency,0.46457134839343345
capacity-prior consistency,0.5724912280701754
capacity-prior consistency,0.6601600898750175
capacity-prior consistency,0.47691441441441434
capacity-prior consistency,0.6705088557773405
capacity-prior consistency,0.43819278798933636
capacity-prior consistency,0.6324066273518675
capacity-prior consistency,0.15867884750527056
capacity-prior consistency,0.6282663669570105
capacity-prior consistency,0.33576539918619336
capacity-prior consistency,0.16414141414141417
capacity-prior consistency,0.7159746657283603
capacity-prior consistency,0.34306569343065685
capacity-prior consistency,0.5803370786516854
capacity-prior consistency,0.6940382452193476
capacity-prior consistency,0.39912958023304784
capacity-prior consistency,0.29327530534886986
capacity-prior consistency,0.4536270520555635
capacity-prior consistency,0.22899690924416974
capacity-prior consistency,0.31938202247191005
capacity-prior consistency,0.7707865168539324
capacity-prior consistency,0.23167649536647011
capacity-prior consistency,0.5695029486099411
capacity-prior consistency,0.2832467350091279
capacity-prior consistency,0.6664326828583462
capacity-prior consistency,0.3988195615514334
capacity-prior consistency,0.2728804042672655
capacity-prior consistency,0.32340963347844404
capacity-prior consistency,0.5014753407334551
capacity-prior consistency,0.3751578947368421
capacity-prior consistency,0.4582221598090156
capacity-prior consistency,0.16383068485445088
capacity-prior consistency,0.5732770745428972
capacity-prior consistency,0.4198258916034822
capacity-prior consistency,0.6617895329206527
capacity-prior consistency,0.4625315745158573
capacity-prior consistency,0.3885296598256959
capacity-prior consistency,0.5243714004775953
capacity-prior consistency,0.7380685008422234
capacity-prior consistency,0.5137265943967337
capacity-prior consistency,0.47828531271960656
capacity-prior consistency,0.6597894736842104
capacity-prior consistency,0.6774284505850838
capacity-prior consistency,0.5937149270482603
capacity-prior consistency,0.2998593530239099
capacity-prior consistency,0.449108521690299
capacity-prior consistency,0.7326413241688876
capacity-prior consistency,0.3406377300182611
capacity-prior consistency,0.6266329540665825
capacity-prior consistency,0.754006184987349
capacity-prior consistency,0.6192090395480225
capacity-prior consistency,0.6039325842696629
capacity-prior consistency,0.18668352296670881
capacity-prior consistency,0.36608646827624924
capacity-prior consistency,0.6355979786636721
capacity-prior consistency,0.32134326261065055
capacity-prior consistency,0.5293456894130862
capacity-prior consistency,0.19044272663387213
capacity-prior consistency,0.47097680955727345
capacity-prior consistency,0.769317223939309
capacity-prior consistency,0.759898904802022
capacity-prior consistency,0.40708462187236444
capacity-prior consistency,0.6161843214386065
capacity-prior consistency,0.517618980766531
capacity-prior consistency,0.48862039898848
capacity-prior consistency,0.3342712436691052
capacity-prior consistency,0.48349950849599777
capacity-prior consistency,0.2525678908118757
capacity-prior consistency,0.6150063228888576
capacity-prior consistency,0.7060640089837169
capacity-prior consistency,0.6542411028274018
capacity-prior consistency,0.3684800897363994
capacity-prior consistency,0.5749158249158249
capacity-prior consistency,0.6825530718402925
capacity-prior consistency,0.4322616874912256
capacity-prior consistency,0.4245574599606632
capacity-prior consistency,0.6456051670878966
capacity-prior consistency,0.7095050618672666
capacity-prior consistency,0.5477160927617709
capacity-prior consistency,0.5564606741573034
capacity-prior consistency,0.5191902150991144
capacity-prior consistency,0.4200701754385965
capacity-prior consistency,0.6490242875193037
capacity-prior consistency,0.5763781736568943
capacity-prior consistency,0.27170711179688595
capacity-prior consistency,0.5681754287320776
capacity-prior consistency,0.6255797610681658
capacity-prior consistency,0.9101376017972481
capacity-prior consistency,0.34568941308621176
capacity-prior consistency,0.21399466067163134
capacity-prior consistency,0.47830985915492946
capacity-prior consistency,-0.26453611150218215
capacity-prior consistency,0.5440123543450793
capacity-prior consistency,0.38679775280898876
capacity-prior consistency,0.4745263157894737
capacity-prior consistency,0.7459292532285232
capacity-prior consistency,0.6705023856300869
capacity-prior consistency,0.30904487269658176
capacity-prior consistency,0.5217513331462249
capacity-prior consistency,0.34673225579761074
capacity-prior consistency,0.6926747123210777
capacity-prior consistency,0.3279864921907979
capacity-prior consistency,0.9134588367518967
capacity-prior consistency,0.4409658851607468
capacity-prior consistency,0.34044943820224716
capacity-prior consistency,0.2595398428731762
capacity-prior consistency,0.4403592478248666
capacity-prior consistency,0.47242879191805814
capacity-prior consistency,0.5288664138221661
capacity-prior consistency,0.526788218793829
capacity-prior consistency,0.40769879179544827
capacity-prior consistency,0.4881303553869926
capacity-prior consistency,0.6516980072972214
capacity-prior consistency,0.2794262410350162
capacity-prior consistency,0.5876983569723354
capacity-prior consistency,0.5619208087615839
capacity-prior consistency,0.6606741573033706
capacity-prior consistency,0.46378439079169
capacity-prior consistency,0.5867397106335159
capacity-prior consistency,0.6927397837382391
capacity-prior consistency,0.558113419427288
capacity-prior consistency,0.5002105854274884
capacity-prior consistency,0.6437315322921064
capacity-prior consistency,0.298876404494382
capacity-prior consistency,0.6293794850147743
capacity-prior consistency,0.39208532135840574
capacity-prior consistency,0.47520719202135137
capacity-prior consistency,0.4792633206804444
capacity-prior consistency,0.5413904949936538
capacity-prior consistency,0.34945178521225756
capacity-prior consistency,0.710307973562087
capacity-prior consistency,0.5256950294860994
capacity-prior consistency,0.4945209328463053
capacity-prior consistency,0.5573078006195437
capacity-prior consistency,0.6613355780022447
capacity-prior consistency,0.4394152375597414
capacity-prior consistency,0.48080438756855576
capacity-prior consistency,0.33717174554135654
capacity-prior consistency,0.5418947368421052
capacity-prior consistency,0.19201574360416088
capacity-prior consistency,0.3547752808988764
capacity-prior consistency,0.5468991702995359
capacity-prior consistency,0.7018406632007869
capacity-prior consistency,0.40448807854137453
capacity-prior consistency,0.7068239258635215
capacity-prior consistency,0.2851326688193177
capacity-prior consistency,0.3813273340832396
capacity-prior consistency,0.4209047485248666
capacity-prior consistency,0.26858749121574144
capacity-prior consistency,0.6361594609769791
capacity-prior consistency,0.14827295703454088
capacity-prior consistency,0.6236816200253129
capacity-prior consistency,0.3498452012383901
capacity-prior consistency,0.36128306133933596
capacity-prior consistency,0.5047136625861827
capacity-prior consistency,0.6759572072072071
capacity-prior consistency,0.3135795534335065
capacity-prior consistency,0.5385913116828344
capacity-prior consistency,0.5901179112857945
capacity-prior consistency,0.6653565412689499
capacity-prior consistency,0.4867256637168142
capacity-prior consistency,0.48547368421052634
capacity-prior consistency,0.28794047451916327
capacity-prior consistency,0.7261586138892802
capacity-prior consistency,0.4245998315080034
capacity-prior consistency,0.08504646578428611
capacity-prior consistency,0.5089887640449439
capacity-prior consistency,0.5612703766160765
capacity-prior consistency,0.4493608652900689
capacity-prior consistency,0.6259820426487093
capacity-prior consistency,0.5495647290087055
capacity-prior consistency,0.2663485826550659
capacity-prior consistency,0.1979195951644645
capacity-prior consistency,0.47371380376721967
capacity-prior consistency,0.5538094569945279
capacity-prior consistency,0.3909014321819713
capacity-prior consistency,0.3399775407074677
capacity-prior consistency,0.738359825573217
capacity-prior consistency,0.5880454609232496
capacity-prior consistency,0.09918516437201465
capacity-prior consistency,0.4998594321057072
capacity-prior consistency,0.4002248454187746
capacity-prior consistency,0.5987610868647051
capacity-prior consistency,0.5065992698680146
capacity-prior consistency,0.38416175231676497
capacity-prior consistency,0.5024609759527494
capacity-prior consistency,0.6415599042658031
capacity-prior consistency,0.20953859178778048
capacity-prior consistency,0.4456844187032067
capacity-prior consistency,0.6042164441321153
capacity-prior consistency,0.455770850884583
capacity-prior consistency,0.6361594609769791
capacity-prior consistency,0.3731807262964533
capacity-prior consistency,0.4509254066180596
capacity-prior consistency,0.32846099789177796
capacity-prior consistency,0.5910175438596491
capacity-prior consistency,0.7535132096683531
capacity-prior consistency,0.4088227030064626
capacity-prior consistency,0.4002248454187746
capacity-prior consistency,0.4111703620544484
capacity-prior consistency,0.17898286035403205
capacity-prior consistency,0.47283985364480724
capacity-prior consistency,0.5037276691517795
capacity-prior consistency,0.39735658042744654
capacity-prior consistency,0.49325463743676223
capacity-prior consistency,0.613767809281986
capacity-prior consistency,0.5346353800758747
capacity-prior consistency,0.41857524237740623
capacity-prior consistency,0.5584852734922863
capacity-prior consistency,0.5767611563289362
capacity-prior consistency,0.22731104242764827
capacity-prior consistency,0.2379881989322844
capacity-prior consistency,0.48428731762065097
capacity-prior consistency,0.5124210526315789
capacity-prior consistency,0.5934822306503724
capacity-prior consistency,0.5705263157894737
capacity-prior consistency,0.40885453267744204
capacity-prior consistency,0.5924304476768818
capacity-prior consistency,0.621507791660817
capacity-prior consistency,0.48991963908078384
capacity-prior consistency,0.3426966292134831
capacity-prior consistency,0.5097571248069633
capacity-prior consistency,0.5716893694705799
capacity-prior consistency,0.5902054601745004
capacity-prior consistency,0.5369928400954654
capacity-prior consistency,0.7088714205502527
capacity-prior consistency,0.5888873298723166
capacity-prior consistency,0.8126845731964563
capacity-prior consistency,0.4320606400898372
capacity-prior consistency,0.6648390271334179
capacity-prior consistency,0.2793374508702976
capacity-prior consistency,0.5802642676412708
capacity-prior consistency,0.5946097697922516
capacity-prior consistency,0.3853275354187123
capacity-prior consistency,0.08156078320890266
capacity-prior consistency,0.44729824561403503
capacity-prior consistency,0.48428731762065097
capacity-prior consistency,0.566109315722917
capacity-prior consistency,0.46838999719022206
capacity-prior consistency,0.46159247296727984
capacity-prior consistency,0.4072512647554806
capacity-prior consistency,0.5306351883080382
capacity-prior consistency,0.5893835135514675
capacity-prior consistency,0.08397805598537066
capacity-prior consistency,0.28278573434428533
capacity-prior consistency,0.40981301841698303
capacity-prior consistency,0.598536036036036
capacity-prior consistency,0.6856017997750281
capacity-prior consistency,0.6327104116903189
capacity-prior consistency,0.6671344372719618
capacity-prior consistency,0.574037651025569
capacity-prior consistency,0.5118863412575608
capacity-prior consistency,0.731926863572433
capacity-prior consistency,0.7665074459117731
capacity-prior consistency,0.5194038245219348
capacity-prior consistency,0.10118376550169109
capacity-prior consistency,0.2517904788653279
capacity-prior consistency,0.6162184992256792
capacity-prior consistency,0.25506756756756754
capacity-prior consistency,0.42138541520303496
capacity-prior consistency,0.23472397808681
capacity-prior consistency,0.29963493400730135
capacity-prior consistency,0.3860412863361888
capacity-prior consistency,0.4090014064697608
capacity-prior consistency,-0.009143339428892951
capacity-prior consistency,0.48337308825592823
capacity-prior consistency,0.4513498312710911
capacity-prior consistency,0.5024554511014453
capacity-prior consistency,0.7225189766657297
capacity-prior consistency,0.6185798484423238
capacity-prior consistency,0.02485605954219913
capacity-prior consistency,0.4832374807125824
capacity-prior consistency,0.8823198988906052
capacity-prior consistency,0.5866816521494803
capacity-prior consistency,0.5296098793151838
capacity-prior consistency,0.5791842475386778
capacity-prior consistency,0.040011231222799384
capacity-prior consistency,0.24311410905002814
capacity-prior consistency,0.3116370808678501
capacity-prior consistency,0.47140649149922725
capacity-prior consistency,0.7242060691601976
capacity-prior consistency,0.34002544889014563
capacity-prior consistency,0.6585571649557024
capacity-prior consistency,0.48272957034540864
capacity-prior consistency,0.48568220101066817
capacity-prior consistency,0.643620011242271
capacity-prior consistency,0.6506108692599354
capacity-prior consistency,0.4628459053237815
capacity-prior consistency,0.5057568098848638
capacity-prior consistency,0.575
capacity-prior consistency,0.6822587442056469
capacity-prior consistency,0.5254522507362221
capacity-prior consistency,0.7920247992109344
capacity-prior consistency,0.39783738239011374
capacity-prior consistency,0.4670969552406342
capacity-prior consistency,0.4154494382022471
capacity-prior consistency,0.5417895771878074
capacity-prior consistency,0.45451993262212237
capacity-prior consistency,0.4761235955056179
capacity-prior consistency,0.5843754390895041
capacity-prior consistency,0.4853374491370844
capacity-prior consistency,0.2997474038731406
capacity-prior consistency,0.7731234186111893
capacity-prior consistency,0.6517343069793569
capacity-prior consistency,0.320892381086011
capacity-prior consistency,0.46752881641833016
capacity-prior consistency,0.5657672849915683
capacity-prior consistency,0.5093543395695597
capacity-prior consistency,0.7659783677482793
capacity-prior consistency,0.519157894736842
capacity-prior consistency,0.3516853932584269
capacity-prior consistency,0.37573715248525696
capacity-prior consistency,0.49305263157894735
capacity-prior consistency,0.5262195979193028
capacity-prior consistency,0.6375914462577377
capacity-prior consistency,0.4675834970530451
capacity-prior consistency,0.568858909499719
capacity-prior consistency,0.35243714004775956
capacity-prior consistency,0.3107027633609201
capacity-prior consistency,0.27844900252880034
capacity-prior consistency,0.7153705526648855
capacity-prior consistency,0.6227368421052631
capacity-prior consistency,0.3398848799663063
capacity-prior consistency,0.5309859154929577
capacity-prior consistency,0.67036361083813
capacity-prior consistency,-0.017292281737663437
capacity-prior consistency,0.5214275677954194
capacity-prior consistency,0.7937535171637591
capacity-prior consistency,0.6727528089887639
capacity-prior consistency,0.4458473625140292
capacity-prior consistency,0.35281719825769287
capacity-prior consistency,0.07396491228070175
capacity-prior consistency,0.5400168491996631
capacity-prior consistency,0.6724719101123594
capacity-prior consistency,0.49810313334270057
capacity-prior consistency,0.4816790678085076
capacity-prior consistency,0.6889824561403508
capacity-prior consistency,0.357403765102557
capacity-prior consistency,0.2858349760630808
capacity-prior consistency,0.1425364758698092
capacity-prior consistency,0.12905490801853672
capacity-prior consistency,0.6335019673974144
capacity-prior consistency,0.3822621386472073
capacity-prior consistency,0.34129548967261486
capacity-prior consistency,0.5509688289806235
capacity-prior consistency,0.6433389544688027
capacity-prior consistency,0.3207970811114229
capacity-prior consistency,0.6479842674532942
capacity-prior consistency,0.5297426522289411
capacity-prior consistency,0.4963442069741283
capacity-prior consistency,0.7031008839623966
capacity-prior consistency,0.6461668070766639
capacity-prior consistency,0.4316587145663766
capacity-prior consistency,0.4652076318742986
capacity-prior consistency,0.738567609399184
capacity-prior consistency,0.4440858706328049
capacity-prior consistency,0.4460542973695316
capacity-prior consistency,0.45908771929824554
capacity-prior consistency,0.6226468109019389
capacity-prior consistency,0.5851018973998595
capacity-prior consistency,0.43266395169217803
capacity-prior consistency,0.2660395900603678
capacity-prior consistency,0.2850513289270145
capacity-prior consistency,0.22556179775280896
capacity-prior consistency,0.48799999999999993
capacity-prior consistency,0.30360398261113447
capacity-prior consistency,0.4672292545710266
capacity-prior consistency,0.5786075238629983
capacity-prior consistency,0.5438596491228069
capacity-prior consistency,0.22350295192578018
capacity-prior consistency,0.6016865776528462
capacity-prior consistency,0.43447113358617795
capacity-prior consistency,0.7405481377371751
capacity-prior consistency,0.18481012658227847
capacity-prior consistency,0.21598877980364664
capacity-prior consistency,0.4604023069348713
capacity-prior consistency,0.7242445537596628
capacity-prior consistency,0.33323975294778213
capacity-prior consistency,0.8027535824669852
capacity-prior consistency,0.7682463788496696
capacity-prior consistency,0.7560084328882644
capacity-prior consistency,0.579109925593149
capacity-prior consistency,0.4427244582043344
capacity-prior consistency,0.5442043222003928
capacity-prior consistency,0.5423109361821761
capacity-prior consistency,0.3860857343640197
capacity-prior consistency,0.5877069884928431
capacity-prior consistency,0.3523702349134899
capacity-prior consistency,0.6493397021635292
capacity-prior consistency,0.6811349908695044
capacity-prior consistency,0.6172665916760406
capacity-prior consistency,0.65819407386603
capacity-prior consistency,0.2847719298245614
capacity-prior consistency,0.8436052225186016
capacity-prior consistency,0.41008002246244557
capacity-prior consistency,0.44406970207982016
capacity-prior consistency,0.39187860053393286
capacity-prior consistency,0.11934849761303006
capacity-prior consistency,0.3669428451060245
capacity-prior consistency,0.3985089323392883
capacity-prior consistency,0.5580840005618767
capacity-prior consistency,0.5962890075906664
capacity-prior consistency,0.5426084514951565
capacity-prior consistency,0.7059071137926196
capacity-prior consistency,0.3451776649746193
capacity-prior consistency,0.551123595505618
capacity-prior consistency,0.33239674065748814
capacity-prior consistency,0.44575604272062963
capacity-prior consistency,0.514904386951631
capacity-prior consistency,0.2019095759618085
capacity-prior consistency,0.5770256986378318
capacity-prior consistency,0.48259404828747887
capacity-prior consistency,0.5462845905323782
capacity-prior consistency,0.4186569261028379
capacity-prior consistency,0.6538839724680433
capacity-prior consistency,0.626614261650758
capacity-prior consistency,0.3907545314036813
capacity-prior consistency,0.4771131704577366
capacity-prior consistency,0.4562587904360055
capacity-prior consistency,0.32715268998454844
capacity-prior consistency,0.49424319011513623
capacity-prior consistency,0.7200281096275475
capacity-prior consistency,0.1332394366197183
capacity-prior consistency,0.5388935692221286
capacity-prior consistency,0.5349492671927847
capacity-prior consistency,0.3050799887735054
capacity-prior consistency,0.4950495049504951
capacity-prior consistency,0.5510948905109488
capacity-prior consistency,0.5947198427187192
capacity-prior consistency,0.8751757098678663
capacity-prior consistency,0.46361337454341117
capacity-prior consistency,0.47623066104078754
capacity-prior consistency,0.4076361594609769
capacity-prior consistency,0.3988439306358382
capacity-prior consistency,0.6995080815179199
capacity-prior consistency,0.2183197527395336
capacity-prior consistency,0.5307983723866986
capacity-prior consistency,0.3486869821654262
capacity-prior consistency,0.5359100491918483
capacity-prior consistency,0.6241930957058658
capacity-prior consistency,0.8238021638330757
capacity-prior consistency,0.7227221597300337
capacity-prior consistency,0.47653835347007595
capacity-prior consistency,0.3103835885906983
capacity-prior consistency,0.343627175743964
capacity-prior consistency,0.8344342937456081
capacity-prior consistency,0.34807096592509146
capacity-prior consistency,0.5794051627384961
capacity-prior consistency,0.5934822306503724
capacity-prior consistency,0.6463948073938197
capacity-prior consistency,0.56188605108055
capacity-prior consistency,0.4102600140548138
capacity-prior consistency,0.41906500070195146
capacity-prior consistency,0.34645115952213634
capacity-prior consistency,0.2545710267229254
capacity-prior consistency,0.5515543677029118
capacity-prior consistency,0.34166198764738914
capacity-prior consistency,0.48330058939096265
capacity-prior consistency,0.3162777621591229
capacity-prior consistency,0.47065431058691387
capacity-prior consistency,0.31442213172307265
capacity-prior consistency,0.4407303370786516
capacity-prior consistency,0.3816493104418801
capacity-prior consistency,0.46863157894736834
capacity-prior consistency,0.5741573033707865
capacity-prior consistency,0.5937675463222908
capacity-prior consistency,0.7450815064643057
capacity-prior consistency,0.6044880785413745
capacity-prior consistency,0.35017543859649114
capacity-prior consistency,0.3359539519865225
capacity-prior consistency,0.7938781241224376
capacity-prior consistency,0.2622559348223066
capacity-prior consistency,0.5128457110767936
capacity-prior consistency,0.29630150471101113
capacity-prior consistency,0.4943141934578128
capacity-prior consistency,0.11906767761864646
capacity-prior consistency,0.6945964912280702
capacity-prior consistency,0.30271105492344436
capacity-prior consistency,0.35150323124473176
capacity-prior consistency,0.19303664186438296
capacity-prior consistency,0.09392575928008999
capacity-prior consistency,0.5906465699394281
capacity-prior consistency,0.3420350877192982
capacity-prior consistency,0.5322376738305943
capacity-prior consistency,0.5191657271702368
capacity-prior consistency,0.5681371171677438
capacity-prior consistency,0.61672278338945
capacity-prior consistency,0.5793461484495581
capacity-prior consistency,0.49247856038239857
capacity-prior consistency,0.30216231395675375
capacity-prior consistency,0.5747433553649276
capacity-prior consistency,0.4847762031710397
capacity-prior consistency,0.2708889200954922
capacity-prior consistency,0.06777277840269967
capacity-prior consistency,0.4166900814835629
capacity-prior consistency,0.4364889576593051
capacity-prior consistency,0.5164835164835164
capacity-prior consistency,0.5075842696629213
capacity-prior consistency,0.5861681192015744
capacity-prior consistency,0.710555867490174
capacity-prior consistency,0.577615298087739
capacity-prior consistency,0.3572030328559394
capacity-prior consistency,0.7478944413250982
capacity-prior consistency,0.07252499647936912
capacity-prior consistency,0.513278066601096
capacity-prior consistency,0.6590781337830242
capacity-prior consistency,0.6085489313835771
capacity-prior consistency,0.4624139384572152
capacity-prior consistency,0.30644934663481804
capacity-prior consistency,0.5630440887391183
capacity-prior consistency,0.23575638506876226
capacity-prior consistency,0.2576013513513513
capacity-prior consistency,0.18466507512989752
capacity-prior consistency,0.6491080207894367
capacity-prior consistency,0.31451839370963214
capacity-prior consistency,0.3353958655603994
capacity-prior consistency,0.28940713683618996
capacity-prior consistency,0.5647653835347008
capacity-prior consistency,0.6284707540521496
capacity-prior consistency,0.6051670878966583
capacity-prior consistency,0.40432098765432095
capacity-prior consistency,0.695053400786959
capacity-prior consistency,0.4928350660297837
capacity-prior consistency,0.28693940672009005
capacity-prior consistency,0.6514896008993816
capacity-prior consistency,0.4398649599099732
capacity-prior consistency,0.6715789473684209
capacity-prior consistency,0.583157894736842
capacity-prior consistency,0.5540882270300648
capacity-prior consistency,0.11136076393764922
capacity-prior consistency,0.546617915904936
capacity-prior consistency,0.4643610291016449
capacity-prior consistency,0.37958151944951557
capacity-prior consistency,0.36247364722417436
capacity-prior consistency,0.5575868372943328
capacity-prior consistency,0.418829802160797
capacity-prior consistency,0.2260600954787981
capacity-prior consistency,0.3139404159640247
capacity-prior consistency,0.6310025273799496
capacity-prior consistency,0.5152960987931517
capacity-prior consistency,0.26827896512935884
capacity-prior consistency,0.36796171171171166
capacity-prior consistency,0.669523675706056
capacity-prior consistency,0.5410112359550562
capacity-prior consistency,0.5832748702118704
capacity-prior consistency,0.36039325842696623
capacity-prior consistency,0.47133220910623946
capacity-prior consistency,0.7595720720720721
capacity-prior consistency,0.4947960618846694
capacity-prior consistency,0.36348314606741566
capacity-prior consistency,0.5186745296265095
capacity-prior consistency,0.5673848753696663
capacity-prior consistency,0.4843881856540083
capacity-prior consistency,0.543298245614035
capacity-prior consistency,0.5366610265087423
capacity-prior consistency,0.3417543859649122
capacity-prior consistency,0.5163969035890218
capacity-prior consistency,0.36040466488689055
capacity-prior consistency,0.39651783206964347
capacity-prior consistency,0.397610681658468
capacity-prior consistency,0.40120769554837804
capacity-prior consistency,0.1831578947368421
capacity-prior consistency,0.5882022471910111
capacity-prior consistency,0.3881625193308028
capacity-prior consistency,0.5245878540228267
capacity-prior consistency,0.3909256918106477
capacity-prior consistency,0.5681594833637512
capacity-prior consistency,0.5861875350926445
capacity-prior consistency,0.12310286677908938
capacity-prior consistency,0.6242270938729624
capacity-prior consistency,0.4372719618299185
capacity-prior consistency,0.5204941044357103
capacity-prior consistency,0.5015462468372225
capacity-prior consistency,0.5360202218789496
capacity-prior consistency,0.5511578947368421
capacity-prior consistency,0.413982275988184
capacity-prior consistency,0.28812131423757376
capacity-prior consistency,0.5842223469960696
capacity-prior consistency,0.6598372158293572
capacity-prior consistency,0.7107554057848919
capacity-prior consistency,0.49662921348314604
capacity-prior consistency,0.6605311226640438
capacity-prior consistency,0.22191011235955052
capacity-prior consistency,0.6587970770095559
capacity-prior consistency,0.5368391451068617
capacity-prior consistency,0.36141533277169335
capacity-prior consistency,0.6161077592254807
capacity-prior consistency,0.48019106490587254
capacity-prior consistency,0.5049838551172259
capacity-prior consistency,0.42528089887640447
capacity-prior consistency,0.23130972456436202
capacity-prior consistency,0.5631054331040293
capacity-prior consistency,0.41786015164279705
capacity-prior consistency,0.6584680252986648
capacity-prior consistency,0.44003366531070276
capacity-prior consistency,0.08150646430578977
capacity-prior consistency,0.45352429092951424
capacity-prior consistency,0.5892606128760193
capacity-prior consistency,0.5504922644163149
capacity-prior consistency,0.37822671156004495
capacity-prior consistency,0.4437104708362615
capacity-prior consistency,0.5980350877192983
capacity-prior consistency,0.6558414171235767
capacity-prior consistency,0.6755236890201042
capacity-prior consistency,0.6217660292463443
capacity-prior consistency,0.48574638393484065
capacity-prior consistency,0.16252282623964043
capacity-prior consistency,0.5698017714044709
capacity-prior consistency,0.6886765945490309
capacity-prior consistency,0.45845030881527227
capacity-prior consistency,0.32292984675945463
capacity-prior consistency,0.7530933633295838
capacity-prior consistency,0.37268128161888703
capacity-prior consistency,0.5835793617320402
capacity-prior consistency,0.6168001123753337
capacity-prior consistency,0.49177330895795246
capacity-prior consistency,0.5989890480202191
capacity-prior consistency,0.2922169148637258
capacity-prior consistency,0.4452554744525547
capacity-prior consistency,0.547562175073767
capacity-prior consistency,0.6278153153153153
capacity-prior consistency,0.5580840005618767
capacity-prior consistency,0.4734774066797642
capacity-prior consistency,0.39068200954252025
capacity-prior consistency,0.3760179724796406
capacity-prior consistency,0.3619114546732256
capacity-prior consistency,0.20736679319555748
capacity-prior consistency,0.3856300870053325
capacity-prior consistency,0.6058476244025865
capacity-prior consistency,0.3148148148148148
capacity-prior consistency,0.41267387944358574
capacity-prior consistency,0.6494035087719298
capacity-prior consistency,0.32827431141090496
capacity-prior consistency,0.5382452193475815
capacity-prior consistency,0.5517774343122103
capacity-prior consistency,0.4360342648504424
capacity-prior consistency,0.6879213483146066
capacity-prior consistency,0.5745755577381788
capacity-prior consistency,0.3573539760731879
capacity-prior consistency,0.6786617936463313
capacity-prior consistency,0.6452745400926836
capacity-prior consistency,0.7062385579495847
capacity-prior consistency,0.5039325842696629
capacity-prior consistency,0.5538375035141975
capacity-prior consistency,0.4283709835835556
capacity-prior consistency,0.7300561797752808
capacity-prior consistency,0.09420188122981889
capacity-prior consistency,0.3158857464471648
capacity-prior consistency,0.6450252951096122
capacity-prior consistency,0.11366825708672466
capacity-prior consistency,0.4734774066797642
capacity-prior consistency,0.6317709795116474
capacity-prior consistency,0.43375017563580165
capacity-prior consistency,0.463277629546412
capacity-prior consistency,0.6061721404303511
capacity-prior consistency,0.33502180948360777
capacity-prior consistency,0.7014883459702331
capacity-prior consistency,0.8185654008438816
capacity-prior consistency,0.702330805953384
capacity-prior consistency,0.26382262138647206
capacity-prior consistency,0.3928421052631578
capacity-prior consistency,0.6052816406798709
capacity-prior consistency,0.4602328517323608
capacity-prior consistency,0.3450555633703755
capacity-prior consistency,0.47919010123734535
capacity-prior consistency,0.5752884886011821
capacity-prior consistency,0.560263785604041
capacity-prior consistency,0.3945263157894736
capacity-prior consistency,0.4516676088185415
capacity-prior consistency,0.37130032262589424
capacity-prior consistency,0.22964421319083114
capacity-prior consistency,0.4250386398763524
capacity-prior consistency,0.28593508500772796
capacity-prior consistency,0.6886765945490309
capacity-prior consistency,0.32669099073814195
capacity-prior consistency,0.5746352413019079
capacity-prior consistency,0.48860759493670874
capacity-prior consistency,0.6804152637485972
capacity-prior consistency,0.3241223741717185
capacity-prior consistency,0.7664603263927968
capacity-prior consistency,0.4221161942183552
capacity-prior consistency,0.41356551046201373
capacity-prior consistency,0.46189473684210525
capacity-prior consistency,0.31216633885923023
capacity-prior consistency,0.3658605174353206
capacity-prior consistency,0.3317422434367542
capacity-prior consistency,0.32415730337078646
capacity-prior consistency,0.6829849908823117
capacity-prior consistency,0.5637998875772907
capacity-prior consistency,0.460272816762762
capacity-prior consistency,0.5560852495793607
capacity-prior consistency,0.7824256035934868
capacity-prior consistency,0.08505553212427949
capacity-prior consistency,0.46556086589822887
capacity-prior consistency,0.527727081285975
capacity-prior consistency,0.3673699015471167
capacity-prior consistency,0.5283045371540946
capacity-prior consistency,0.42451902822637266
capacity-prior consistency,0.6036465638148669
capacity-prior consistency,0.4475200224813826
capacity-prior consistency,0.46113843991567116
capacity-prior consistency,0.3674157303370786
capacity-prior consistency,0.5770418186921132
capacity-prior consistency,0.6732283464566929
capacity-prior consistency,0.4926925238898257
capacity-prior consistency,0.5798484423238843
capacity-prior consistency,0.25798733286418013
capacity-prior consistency,0.2907402195327892
capacity-prior consistency,0.3852424455375966
capacity-prior consistency,0.6891512085441259
capacity-prior consistency,0.6242798932134327
capacity-prior consistency,0.6014604690352479
capacity-prior consistency,0.20725024589012225
capacity-prior consistency,0.5647042293101026
capacity-prior consistency,0.5688421052631579
capacity-prior consistency,0.5523689020104037
capacity-prior consistency,0.6795843864083123
capacity-prior consistency,0.6661040787623064
capacity-prior consistency,0.2783157894736842
capacity-prior consistency,0.7093824729216486
capacity-prior consistency,0.6762519287417589
capacity-prior consistency,0.27773097444538053
capacity-prior consistency,0.7466647942704676
capacity-prior consistency,0.5486588962224407
capacity-prior consistency,0.26889575723517845
capacity-prior consistency,0.642034279291936
capacity-prior consistency,0.5354330708661418
capacity-prior consistency,0.0723536036036036
capacity-prior consistency,0.5114675671872801
capacity-prior consistency,0.5649122807017543
capacity-prior consistency,0.38357705286839144
capacity-prior consistency,0.3298694003651173
capacity-prior consistency,0.5440225035161742
capacity-prior consistency,0.739264664608476
capacity-prior consistency,0.5078740157480316
capacity-prior consistency,0.5136957437842394
capacity-prior consistency,0.6408094435075886
capacity-prior consistency,0.7319095124350149
capacity-prior consistency,0.24982426542949537
capacity-prior consistency,0.49374560787069577
capacity-prior consistency,0.7607077657632355
capacity-prior consistency,0.33295885409352616
capacity-prior consistency,0.5464757090704858
capacity-prior consistency,0.350288042714627
capacity-prior consistency,0.654949381327334
capacity-prior consistency,0.2719618299186079
capacity-prior consistency,0.6923940499579005
capacity-prior consistency,0.5518112889637743
capacity-prior consistency,0.3162921348314606
capacity-prior consistency,0.39750245545110147
capacity-prior consistency,0.5130581297388375
capacity-prior consistency,0.4995785332958697
capacity-prior consistency,0.6392245012644002
capacity-prior consistency,0.2729832465155568
capacity-prior consistency,0.4338245614035087
capacity-prior consistency,0.7355047030745473
capacity-prior consistency,0.16947723440134907
capacity-prior consistency,0.4935429533969679
capacity-prior consistency,0.665636414723237
capacity-prior consistency,0.39433062026382254
capacity-prior consistency,0.5770689897428692
capacity-prior consistency,0.8558381340452438
capacity-prior consistency,0.2845299985949136
capacity-prior consistency,0.3506822337881559
capacity-prior consistency,0.4904548006737787
capacity-prior consistency,0.48110689703610066
capacity-prior consistency,0.11477256724405016
capacity-prior consistency,0.7783078434123756
capacity-prior consistency,0.41069173565315004
capacity-prior consistency,0.25966540137775906
capacity-prior consistency,0.5416608121399465
capacity-prior consistency,0.5170182841068915
capacity-prior consistency,0.40227623998875933
capacity-prior consistency,0.3063632532659082
capacity-prior consistency,0.37443820224719093
capacity-prior consistency,0.6608121399466067
capacity-prior consistency,0.5321900477930841
capacity-prior consistency,0.5162921348314605
capacity-prior consistency,0.7223469960696237
capacity-prior consistency,0.7374050098508304
capacity-prior consistency,0.33061912115681596
capacity-prior consistency,0.6982879595846195
capacity-prior consistency,0.5015453779151449
capacity-prior consistency,0.5526869650624386
capacity-prior consistency,0.3106741573033708
capacity-prior consistency,0.3599101628298708
capacity-prior consistency,0.43463592915378135
capacity-prior consistency,0.4297369531579688
capacity-prior consistency,0.6359809149593039
capacity-prior consistency,0.5371436595983711
capacity-prior consistency,0.586565486228218
capacity-prior consistency,0.4890449438202246
capacity-prior consistency,0.6480987792900238
capacity-prior consistency,0.5589887640449438
capacity-prior consistency,0.5803546298902336
capacity-prior consistency,0.2924634420697413
capacity-prior consistency,0.3368908861115012
capacity-prior consistency,0.41331834785051985
capacity-prior consistency,0.6475882435663057
capacity-prior consistency,0.32903044759365796
capacity-prior consistency,0.5490388662831487
capacity-prior consistency,0.5284529998594913
capacity-prior consistency,0.41305263157894734
capacity-prior consistency,0.4299354114012919
capacity-prior consistency,0.4481887110362258
capacity-prior consistency,0.23731909512435015
capacity-prior consistency,0.5642897248736664
capacity-prior consistency,0.49894559257697185
capacity-prior consistency,0.4380002808594298
capacity-prior consistency,0.5711479090653943
capacity-prior consistency,0.7052128705915414
capacity-prior consistency,0.3344561403508772
capacity-prior consistency,0.3973602920527942
capacity-prior consistency,0.39188046236255997
capacity-prior consistency,0.6589822884453193
capacity-prior consistency,0.5727119595732735
capacity-prior consistency,0.5294282904902374
capacity-prior consistency,0.5499719258843346
capacity-prior consistency,0.5338303558869039
capacity-prior consistency,0.6908375491849353
capacity-prior consistency,0.5107549557148883
capacity-prior consistency,0.3046655424395728
capacity-prior consistency,0.18949290630706564
capacity-prior consistency,0.509126649817467
capacity-prior consistency,0.6289846931610729
capacity-prior consistency,0.5237961533061912
capacity-prior consistency,0.3689974726200506
capacity-prior consistency,0.5799971906166597
capacity-prior consistency,0.4297740984986671
capacity-prior consistency,0.577484559236384
capacity-prior consistency,0.2255438596491228
capacity-prior consistency,0.16888951284571108
capacity-prior consistency,0.35984263032176483
capacity-prior consistency,0.6000561324726353
capacity-prior consistency,0.5780898876404493
capacity-prior consistency,0.4993682437175347
capacity-prior consistency,0.45661331086773377
capacity-prior consistency,0.7482438887327904
capacity-prior consistency,0.7085497683560298
capacity-prior consistency,0.6952434404377718
capacity-prior consistency,0.225443287362792
capacity-prior consistency,0.16818884361388226
capacity-prior consistency,0.4264850442353602
capacity-prior consistency,0.7809911554120456
capacity-prior consistency,0.5227112923639432
capacity-prior consistency,0.48290898860599235
capacity-prior consistency,0.4734475976397865
capacity-prior consistency,0.45145426443726294
capacity-prior consistency,0.06022743226168749
capacity-prior consistency,0.42772861356932157
capacity-prior consistency,0.24399494310998737
capacity-prior consistency,0.26743532058492686
capacity-prior consistency,0.5072382290934646
capacity-prior consistency,0.40983146067415727
capacity-prior consistency,0.2611929824561403
capacity-prior consistency,0.3636619718309858
capacity-prior consistency,0.30376193149915776
capacity-prior consistency,0.4545198535623767
capacity-prior consistency,0.646595385481148
capacity-prior consistency,-0.08623595505617977
capacity-prior consistency,0.5123456790123456
capacity-prior consistency,0.5939955106621774
capacity-prior consistency,0.6205589102654121
capacity-prior consistency,0.6249121327147478
capacity-prior consistency,0.6272381220922035
capacity-prior consistency,0.730185497470489
capacity-prior consistency,0.8417792792792791
capacity-prior consistency,0.5946629213483146
capacity-prior consistency,0.3962900505902192
capacity-prior consistency,0.3703443429374561
capacity-prior consistency,0.6590845268183095
capacity-prior consistency,0.7100633356790992
capacity-prior consistency,0.32481393062772085
capacity-prior consistency,0.5851914177534708
capacity-prior consistency,0.41736930860033733
capacity-prior consistency,0.4847676540783378
capacity-prior consistency,0.48578665916127217
capacity-prior consistency,0.5658653170251653
capacity-prior consistency,0.42431482782853136
capacity-prior consistency,0.6227368421052631
capacity-prior consistency,0.07862959842740803
capacity-prior consistency,0.7710030907558304
capacity-prior consistency,0.7101977837003787
capacity-prior consistency,0.15687377003092495
capacity-prior consistency,0.4177784019098441
capacity-prior consistency,0.5689800505760045
capacity-prior consistency,0.6414432121297207
capacity-prior consistency,0.45500562429696284
capacity-prior consistency,0.6038212981174488
capacity-prior consistency,0.6205733558178752
capacity-prior consistency,0.6552790664979616
capacity-prior consistency,0.34362284271081805
capacity-prior consistency,0.4070535337923282
capacity-prior consistency,0.5435148792813026
capacity-prior consistency,0.8605370448474625
capacity-prior consistency,0.7210740896949249
capacity-prior consistency,0.40906531531531526
capacity-prior consistency,0.4383253722955887
capacity-prior consistency,0.717491934352644
capacity-prior consistency,0.65748031496063
capacity-prior consistency,0.5530569219957836
capacity-prior consistency,0.5930966746176513
capacity-prior consistency,0.7843385350766204
capacity-prior consistency,0.3829069440539781
capacity-prior consistency,0.6632051641874823
capacity-prior consistency,0.46516853932584257
capacity-prior consistency,0.3356741573033708
capacity-prior consistency,0.3498034811903425
capacity-prior consistency,0.5874086565486228
capacity-prior consistency,0.3409346846846847
capacity-prior consistency,0.6333800841514727
capacity-prior consistency,0.49543218552354185
capacity-prior consistency,0.2828651685393258
capacity-prior consistency,0.25765664512503517
capacity-prior consistency,0.27666151468315303
capacity-prior consistency,0.4217543859649122
capacity-prior consistency,0.591842475386779
capacity-prior consistency,0.5616207090602138
capacity-prior consistency,0.47582911748173135
capacity-prior consistency,0.6085979207642597
capacity-prior consistency,0.43085778464130287
capacity-prior consistency,0.3960089938167509
capacity-prior consistency,0.847191011235955
capacity-prior consistency,0.7100757788380577
capacity-prior consistency,0.3676222596964587
capacity-prior consistency,0.8599943772842285
capacity-prior consistency,0.6371035644120123
capacity-prior consistency,0.4400899002668915
capacity-prior consistency,0.19129213483146065
capacity-prior consistency,0.5793461484495581
capacity-prior consistency,0.42833004787383827
capacity-prior consistency,0.3646199241253337
capacity-prior consistency,0.6668071358336847
capacity-prior consistency,0.4196541543652469
capacity-prior consistency,0.8447257383966243
capacity-prior consistency,0.4120454864523375
capacity-prior consistency,0.5435789473684209
capacity-prior consistency,0.19084398258671534
capacity-prior consistency,0.3131142937377142
capacity-prior consistency,0.6111423747889702
capacity-prior consistency,0.3167509836987072
capacity-prior consistency,0.7158915273289307
capacity-prior consistency,0.6134194272880403
capacity-prior consistency,0.5137563166760246
capacity-prior consistency,0.625070264193367
capacity-prior consistency,0.25593815881939563
capacity-prior consistency,0.2833263098749825
capacity-prior consistency,0.6115168539325843
capacity-prior consistency,0.4166198764738911
capacity-prior consistency,0.07796038769490098
capacity-prior consistency,0.41961776278808327
capacity-prior consistency,0.38567415730337073
capacity-prior consistency,0.31506464305789766
capacity-prior consistency,0.44340019638097905
capacity-prior consistency,0.7060478199718705
capacity-prior consistency,0.35915789473684206
capacity-prior consistency,0.741546232636453
capacity-prior consistency,0.45178947368421046
capacity-prior consistency,0.2617242347655153
capacity-prior consistency,0.6366193221769091
capacity-prior consistency,0.6113451277730976
capacity-prior consistency,0.43189788189086825
capacity-prior consistency,0.5428892320651411
capacity-prior consistency,0.6042134831460674
capacity-prior consistency,0.27745015445099697
capacity-prior consistency,0.7506691083251161
capacity-prior consistency,0.269917099901644
capacity-prior consistency,0.6348070175438596
capacity-prior consistency,0.3487979755377479
capacity-prior consistency,0.6571669240488559
capacity-prior consistency,0.2844294547498595
capacity-prior consistency,0.3420424216884394
capacity-prior consistency,0.4276075344391342
capacity-prior consistency,0.2751828925154755
capacity-prior consistency,0.35299073294018535
capacity-prior consistency,0.3731049971925884
capacity-prior consistency,0.4921304103428893
capacity-prior consistency,0.3944413250982594
capacity-prior consistency,0.6854974704890388
capacity-prior consistency,0.1895240777245846
capacity-prior consistency,0.4943141934578128
capacity-prior consistency,0.4388327721661055
capacity-prior consistency,0.6760701754385965
capacity-prior consistency,0.6856460002811755
capacity-prior consistency,0.37826453243470937
capacity-prior consistency,0.5653516776639056
capacity-prior consistency,0.5166994106090372
capacity-prior consistency,0.5213483146067415
capacity-prior consistency,0.5980350877192983
capacity-prior consistency,0.39502878809156017
capacity-prior consistency,0.7068917018284105
capacity-prior consistency,0.5139845397048489
capacity-prior consistency,0.409173797166503
capacity-prior consistency,0.6607167955024597
capacity-prior consistency,0.48469531030609386
capacity-prior consistency,0.5337181472617204
capacity-prior consistency,0.6058558558558559
capacity-prior consistency,0.6788526434195726
capacity-prior consistency,0.11722588796855257
capacity-prior consistency,0.5108863604438826
capacity-prior consistency,0.5163692567092877
capacity-prior consistency,0.4170995367120595
capacity-prior consistency,0.324510770097142
capacity-prior consistency,0.6797642436149312
capacity-prior consistency,0.39794915016153964
capacity-prior consistency,0.6726098553980064
capacity-prior consistency,0.4195539346331884
capacity-prior consistency,0.2961662687824744
capacity-prior consistency,0.534400449311991
capacity-prior consistency,0.5415086388537717
capacity-prior consistency,0.6397358437543909
capacity-prior consistency,0.49894559257697185
capacity-prior consistency,0.3550653365181959
capacity-prior consistency,0.6262470141913729
capacity-prior consistency,0.3215388935692222
capacity-prior consistency,0.5101066816395283
capacity-prior consistency,0.5546478873239437
capacity-prior consistency,0.6010668163952835
capacity-prior consistency,0.35197414641000424
capacity-prior consistency,0.5391743892165123
capacity-prior consistency,0.42744767523528593
capacity-prior consistency,0.5891603482167931
capacity-prior consistency,0.6244025864492552
capacity-prior consistency,0.5702247191011235
capacity-prior consistency,0.20101137800252847
capacity-prior consistency,0.4902401348125263
capacity-prior consistency,0.34626739772248005
capacity-prior consistency,0.3962635201573255
capacity-prior consistency,0.4579649122807017
capacity-prior consistency,0.5796429073527346
capacity-prior consistency,0.5425516950344633
capacity-prior consistency,0.5193036641864383
capacity-prior consistency,0.3453217195841529
capacity-prior consistency,0.46011235955056173
capacity-prior consistency,0.5699226985242446
capacity-prior consistency,0.6714867331180683
capacity-prior consistency,0.4584796965013349
capacity-prior consistency,0.5325735190657099
capacity-prior consistency,0.7989864864864864
capacity-prior consistency,0.6307519640852973
capacity-prior consistency,0.35265156843437895
capacity-prior consistency,0.17953043722761144
capacity-prior consistency,0.6075291473521564
capacity-prior consistency,0.4739949395558056
capacity-prior consistency,0.5435148792813026
capacity-prior consistency,0.5401264933239636
capacity-prior consistency,0.32789421859614576
capacity-prior consistency,0.6110643077787139
capacity-prior consistency,0.7037764986662923
capacity-prior consistency,0.7282944647372859
capacity-prior consistency,0.2601123595505618
capacity-prior consistency,0.425
capacity-prior consistency,0.5236624069653139
capacity-prior consistency,0.5394773812868785
capacity-prior consistency,0.47312280701754383
capacity-prior consistency,0.34261211865598207
capacity-prior consistency,0.5417192539615762
capacity-prior consistency,0.3671633398931685
capacity-prior consistency,0.5463366615103361
capacity-prior consistency,0.8901685393258426
capacity-prior consistency,0.44500703234880445
capacity-prior consistency,0.3762987924740242
capacity-prior consistency,0.38498245614035087
capacity-prior consistency,0.4532940019665684
capacity-prior consistency,0.4015172801348695
capacity-prior consistency,0.5933061454085221
capacity-prior consistency,0.4695481335952848
capacity-prior consistency,0.58244231851435
capacity-prior consistency,0.3017967434025828
capacity-prior consistency,-0.02044268997603271
capacity-prior consistency,0.6283384874894575
capacity-prior consistency,0.6270520555633508
capacity-prior consistency,0.3558178752107926
capacity-prior consistency,0.393087946052262
capacity-prior consistency,0.06378196122506324
capacity-prior consistency,0.6873421274207129
capacity-prior consistency,0.5587408656548623
capacity-prior consistency,0.5966858587277069
capacity-prior consistency,0.5137034434293746
capacity-prior consistency,0.42805049088359054
capacity-prior consistency,0.5688202247191011
capacity-prior consistency,0.8185393258426965
capacity-prior consistency,0.15394348376212572
capacity-prior consistency,0.729456384323641
capacity-prior consistency,0.596523202018786
capacity-prior consistency,0.7344934044344652
capacity-prior consistency,0.5712881022615536
capacity-prior consistency,0.5490223660149107
capacity-prior consistency,0.4619817287420942
capacity-prior consistency,0.4066488988637958
capacity-prior consistency,0.5629567172568859
capacity-prior consistency,0.7075908516907535
capacity-prior consistency,0.5099058592103415
capacity-prior consistency,0.5660959865282065
capacity-prior consistency,0.36682570867246694
capacity-prior consistency,0.37382522092860143
capacity-prior consistency,0.2956717256885891
capacity-prior consistency,0.6573996068520079
capacity-prior consistency,0.2546811206532451
public compute-side plausibility,0.8848314606741572
public compute-side plausibility,0.841350210970464
public compute-side plausibility,0.9278798933632666
public compute-side plausibility,0.9450781580059148
public compute-side plausibility,0.9434651333049804
public compute-side plausibility,0.7559055118110237
public compute-side plausibility,0.8039876439202471
public compute-side plausibility,0.877350547291608
public compute-side plausibility,0.9230553215388936
public compute-side plausibility,0.8910738311404679
public compute-side plausibility,0.8430877192982456
public compute-side plausibility,0.8895442757693846
public compute-side plausibility,0.9308891698272231
public compute-side plausibility,0.9396557988792479
public compute-side plausibility,0.9775841690058998
public compute-side plausibility,0.8542325444356799
public compute-side plausibility,0.9539455209210895
public compute-side plausibility,0.9592753826709731
public compute-side plausibility,0.8843747825318663
public compute-side plausibility,0.8476384495539399
public compute-side plausibility,0.9135941457922883
public compute-side plausibility,0.9502319696330664
public compute-side plausibility,0.9135317237507018
public compute-side plausibility,0.9370993895191542
public compute-side plausibility,0.9554661799316145
public compute-side plausibility,0.9390962671905696
public compute-side plausibility,0.9062350956118637
public compute-side plausibility,0.9185507653419462
public compute-side plausibility,0.8518497182943606
public compute-side plausibility,0.9342502303542494
public compute-side plausibility,0.9201686577652848
public compute-side plausibility,0.9221140715402261
public compute-side plausibility,0.8826792304204033
public compute-side plausibility,0.9152504846982867
public compute-side plausibility,0.8991147955599269
public compute-side plausibility,0.9027816802472607
public compute-side plausibility,0.8936140350877192
public compute-side plausibility,0.9128233970753656
public compute-side plausibility,0.6995635646909756
public compute-side plausibility,0.784087714366039
public compute-side plausibility,0.6979488620398989
public compute-side plausibility,0.9351578947368421
public compute-side plausibility,0.9022334597555839
public compute-side plausibility,0.9604727258376238
public compute-side plausibility,0.9280292381220131
public compute-side plausibility,0.829905248309395
public compute-side plausibility,0.8134569462003092
public compute-side plausibility,0.9032076533483399
public compute-side plausibility,0.8808021315383536
public compute-side plausibility,0.913129041326961
public compute-side plausibility,0.8069508934852964
public compute-side plausibility,0.9325274107393874
public compute-side plausibility,0.8454839162803766
public compute-side plausibility,0.8950035186488389
public compute-side plausibility,0.9433326520667643
public compute-side plausibility,0.8925040341695378
public compute-side plausibility,0.9064475347661191
public compute-side plausibility,0.8963774220724516
public compute-side plausibility,0.8767759178506118
public compute-side plausibility,0.8248770203794801
public compute-side plausibility,0.9205596174906278
public compute-side plausibility,0.8762278978388998
public compute-side plausibility,0.9053902302077482
public compute-side plausibility,0.9058327477160928
public compute-side plausibility,0.8036792585311052
public compute-side plausibility,0.9496412997608665
public compute-side plausibility,0.9134297237575253
public compute-side plausibility,0.7574055875333428
public compute-side plausibility,0.9187671159343738
public compute-side plausibility,0.87363100252738
public compute-side plausibility,0.7820224719101122
public compute-side plausibility,0.7794148768045969
public compute-side plausibility,0.8973277074542896
public compute-side plausibility,0.8296961800569039
public compute-side plausibility,0.8400786958965711
public compute-side plausibility,0.808349164076527
public compute-side plausibility,0.942209135434855
public compute-side plausibility,0.8110346764003931
public compute-side plausibility,0.9630357230810993
public compute-side plausibility,0.9171813587871982
public compute-side plausibility,0.7832678270634474
public compute-side plausibility,0.8007619585155922
public compute-side plausibility,0.79640550407189
public compute-side plausibility,0.8938320139892165
public compute-side plausibility,0.9160917922004785
public compute-side plausibility,0.8516355983085141
public compute-side plausibility,0.891496837666901
public compute-side plausibility,0.86321847359748
public compute-side plausibility,0.8879057448780899
public compute-side plausibility,0.9255408822703007
public compute-side plausibility,0.7737627235075291
public compute-side plausibility,0.7917485265225932
public compute-side plausibility,0.9381797791675166
public compute-side plausibility,0.9417487823213763
public compute-side plausibility,0.8535165857881533
public compute-side plausibility,0.7739619985925404
public compute-side plausibility,0.9090012677841949
public compute-side plausibility,0.8149813806924332
public compute-side plausibility,0.9537251809119243
public compute-side plausibility,0.8983859649122806
public compute-side plausibility,0.8298096693323338
public compute-side plausibility,0.9431626336522229
public compute-side plausibility,0.9565951123296194
public compute-side plausibility,0.9368243717534747
public compute-side plausibility,0.8815771011645855
public compute-side plausibility,0.7992688077676876
public compute-side plausibility,0.9055064911952209
public compute-side plausibility,0.9705965974218513
public compute-side plausibility,0.8817913800365015
public compute-side plausibility,0.9093204314387996
public compute-side plausibility,0.9341755214042974
public compute-side plausibility,0.8325842696629212
public compute-side plausibility,0.855800913424222
public compute-side plausibility,0.8691562543871965
public compute-side plausibility,0.8943488965525924
public compute-side plausibility,0.910625152109715
public compute-side plausibility,0.8531105181856482
public compute-side plausibility,0.8204299564423212
public compute-side plausibility,0.8782168471382367
public compute-side plausibility,0.863911148601153
public compute-side plausibility,0.9152828595553053
public compute-side plausibility,0.8130788661240526
public compute-side plausibility,0.9707124753590536
public compute-side plausibility,0.7603259342511943
public compute-side plausibility,0.9437807449051301
public compute-side plausibility,0.9149473684210525
public compute-side plausibility,0.9294150731158605
public compute-side plausibility,0.9546381625690347
public compute-side plausibility,0.9367711114233526
public compute-side plausibility,0.7863968521641371
public compute-side plausibility,0.8405593443561723
public compute-side plausibility,0.9343273298267649
public compute-side plausibility,0.9022113044343735
public compute-side plausibility,0.9514372268534187
public compute-side plausibility,0.7683766690091357
public compute-side plausibility,0.8552557616638562
public compute-side plausibility,0.8533707865168539
public compute-side plausibility,0.9742833918093252
public compute-side plausibility,0.8581062096094411
public compute-side plausibility,0.7819665213110142
public compute-side plausibility,0.9094223219293327
public compute-side plausibility,0.8724181537164537
public compute-side plausibility,0.923400989380301
public compute-side plausibility,0.9126432137626307
public compute-side plausibility,0.9586846543001686
public compute-side plausibility,0.9480547114728051
public compute-side plausibility,0.8478538341520252
public compute-side plausibility,0.8949585732340962
public compute-side plausibility,0.9320511020637372
public compute-side plausibility,0.9277074542897327
public compute-side plausibility,0.8740262668276838
public compute-side plausibility,0.7792628718828286
public compute-side plausibility,0.911849426720193
public compute-side plausibility,0.8447719298245613
public compute-side plausibility,0.8966146930748702
public compute-side plausibility,0.9367977528089887
public compute-side plausibility,0.8902147971360381
public compute-side plausibility,0.8909499718943227
public compute-side plausibility,0.9459763646595385
public compute-side plausibility,0.8407303370786515
public compute-side plausibility,0.9064869418702612
public compute-side plausibility,0.9060648801128348
public compute-side plausibility,0.8659359190556492
public compute-side plausibility,0.9161697852834302
public compute-side plausibility,0.9396321774533203
public compute-side plausibility,0.9308043577586385
public compute-side plausibility,0.7668866732200534
public compute-side plausibility,0.9371919447965076
public compute-side plausibility,0.9274057400112549
public compute-side plausibility,0.9072005642335891
public compute-side plausibility,0.8840864440078584
public compute-side plausibility,0.869326963608262
public compute-side plausibility,0.932060640089837
public compute-side plausibility,0.9123595505617977
public compute-side plausibility,0.8709632898502967
public compute-side plausibility,0.8607523862998315
public compute-side plausibility,0.939862301531544
public compute-side plausibility,0.8770106256376775
public compute-side plausibility,0.9375263824398482
public compute-side plausibility,0.9224936815501263
public compute-side plausibility,0.9347566565646336
public compute-side plausibility,0.9485666104553121
public compute-side plausibility,0.8437104708362615
public compute-side plausibility,0.9045981246586758
public compute-side plausibility,0.8889984504859839
public compute-side plausibility,0.9477013918177987
public compute-side plausibility,0.8919298245614035
public compute-side plausibility,0.9397776839735473
public compute-side plausibility,0.7824129460091932
public compute-side plausibility,0.9859374362532745
public compute-side plausibility,0.9451708140025307
public compute-side plausibility,0.9028635597978663
public compute-side plausibility,0.9670886075949364
public compute-side plausibility,0.974625714082567
public compute-side plausibility,0.8874815481687749
public compute-side plausibility,0.8966437298132284
public compute-side plausibility,0.8254769921436589
public compute-side plausibility,0.9068723702664798
public compute-side plausibility,0.9213752289699876
public compute-side plausibility,0.9485376827896512
public compute-side plausibility,0.9685393258426965
public compute-side plausibility,0.9486909735137018
public compute-side plausibility,0.8276782598575305
public compute-side plausibility,0.9090270953250035
public compute-side plausibility,0.969594834214056
public compute-side plausibility,0.8419351634357946
public compute-side plausibility,0.9517392006779165
public compute-side plausibility,0.9295794631535267
public compute-side plausibility,0.8753684210526316
public compute-side plausibility,0.9171464681926697
public compute-side plausibility,0.9354069301228354
public compute-side plausibility,0.8425860857343641
public compute-side plausibility,0.9404001427173099
public compute-side plausibility,0.9087973240981309
public compute-side plausibility,0.9051518676134307
public compute-side plausibility,0.8844559971245265
public compute-side plausibility,0.9524412551006052
public compute-side plausibility,0.9181594683702191
public compute-side plausibility,0.9424657743543654
public compute-side plausibility,0.9219212239462377
public compute-side plausibility,0.9306763962952567
public compute-side plausibility,0.7867564534231201
public compute-side plausibility,0.9156507668424827
public compute-side plausibility,0.8538093899353391
public compute-side plausibility,0.9382837818796677
public compute-side plausibility,0.8528171128786994
public compute-side plausibility,0.9037609864159327
public compute-side plausibility,0.9044005366484599
public compute-side plausibility,0.862139214303309
public compute-side plausibility,0.8598131032170924
public compute-side plausibility,0.9533052039381151
public compute-side plausibility,0.9419210513385959
public compute-side plausibility,0.8914205344585089
public compute-side plausibility,0.8921499789355427
public compute-side plausibility,0.9433830565336959
public compute-side plausibility,0.8569421023046655
public compute-side plausibility,0.8804164321890827
public compute-side plausibility,0.7040787623066103
public compute-side plausibility,0.9122362869198309
public compute-side plausibility,0.9104561403508771
public compute-side plausibility,0.9477239358376381
public compute-side plausibility,0.9145707461008852
public compute-side plausibility,0.8275523100688105
public compute-side plausibility,0.9196229755269011
public compute-side plausibility,0.9364760753737433
public compute-side plausibility,0.8240747263808722
public compute-side plausibility,0.9268806653474628
public compute-side plausibility,0.913618458075408
public compute-side plausibility,0.8732532849280127
public compute-side plausibility,0.8779152226774484
public compute-side plausibility,0.8582257158899493
public compute-side plausibility,0.7442089007440684
public compute-side plausibility,0.940415964024733
public compute-side plausibility,0.866685456595265
public compute-side plausibility,0.9280089988751408
public compute-side plausibility,0.884566774329448
public compute-side plausibility,0.8898251549218219
public compute-side plausibility,0.820328975115985
public compute-side plausibility,0.9283909014321822
public compute-side plausibility,0.794943820224719
public compute-side plausibility,0.8564600789870298
public compute-side plausibility,0.9569991064172196
public compute-side plausibility,0.6834269662921348
public compute-side plausibility,0.8559977499648432
public compute-side plausibility,0.9248481423929934
public compute-side plausibility,0.9510341916420431
public compute-side plausibility,0.9224501264400115
public compute-side plausibility,0.9214571693021514
public compute-side plausibility,0.7944608463376918
public compute-side plausibility,0.9042134831460673
public compute-side plausibility,0.9164731750198322
public compute-side plausibility,0.8320224719101121
public compute-side plausibility,0.9157776530039303
public compute-side plausibility,0.9098314606741572
public compute-side plausibility,0.8330053415799833
public compute-side plausibility,0.8902456140350877
public compute-side plausibility,0.9117853631127969
public compute-side plausibility,0.9472058410558832
public compute-side plausibility,0.9046081163098241
public compute-side plausibility,0.9485159656773104
public compute-side plausibility,0.9249367444475685
public compute-side plausibility,0.8892944914857331
public compute-side plausibility,0.9337734598710326
public compute-side plausibility,0.9625106161411872
public compute-side plausibility,0.9309376754632228
public compute-side plausibility,0.9463558488976268
public compute-side plausibility,0.8564203427929195
public compute-side plausibility,0.9492860683256381
public compute-side plausibility,0.8652442448062884
public compute-side plausibility,0.867148573965078
public compute-side plausibility,0.7661936209076858
public compute-side plausibility,0.9247402415051953
public compute-side plausibility,0.9286015460295152
public compute-side plausibility,0.9491215741391428
public compute-side plausibility,0.8940829670371263
public compute-side plausibility,0.937158086688175
public compute-side plausibility,0.7365240021000133
public compute-side plausibility,0.9277669090193909
public compute-side plausibility,0.9030898876404494
public compute-side plausibility,0.9463633810727324
public compute-side plausibility,0.8911030030872857
public compute-side plausibility,0.7724651947686683
public compute-side plausibility,0.8135093385760427
public compute-side plausibility,0.9004297465460941
public compute-side plausibility,0.8926664793481316
public compute-side plausibility,0.9501829439909936
public compute-side plausibility,0.8996193430142395
public compute-side plausibility,0.9118349010248491
public compute-side plausibility,0.9088485219973799
public compute-side plausibility,0.9049525838978703
public compute-side plausibility,0.8576854120252063
public compute-side plausibility,0.9030217849613493
public compute-side plausibility,0.8570825713883808
public compute-side plausibility,0.8688616856620235
public compute-side plausibility,0.8851768669286916
public compute-side plausibility,0.9241040056219255
public compute-side plausibility,0.9610335114535857
public compute-side plausibility,0.9486563796057188
public compute-side plausibility,0.8291211069750125
public compute-side plausibility,0.8781412326267023
public compute-side plausibility,0.8734533183352081
public compute-side plausibility,0.8966872543514878
public compute-side plausibility,0.8905612603741735
public compute-side plausibility,0.8708409378071037
public compute-side plausibility,0.9016173481064352
public compute-side plausibility,0.8853127196064653
public compute-side plausibility,0.9286617048167394
public compute-side plausibility,0.9325903441584188
public compute-side plausibility,0.8813606972167558
public compute-side plausibility,0.8997050147492626
public compute-side plausibility,0.9602696345158502
public compute-side plausibility,0.9704291658412053
public compute-side plausibility,0.8250491434990173
public compute-side plausibility,0.8870480892337956
public compute-side plausibility,0.9094241229330597
public compute-side plausibility,0.8685762426284752
public compute-side plausibility,0.9398131914461252
public compute-side plausibility,0.9592238470191227
public compute-side plausibility,0.9084912280701753
public compute-side plausibility,0.9428490990990991
public compute-side plausibility,0.9263187492120596
public compute-side plausibility,0.8726275832981867
public compute-side plausibility,0.9387898357433667
public compute-side plausibility,0.9493599662399774
public compute-side plausibility,0.8916848268319232
public compute-side plausibility,0.9242136396113958
public compute-side plausibility,0.8575851393188854
public compute-side plausibility,0.9106239460370995
public compute-side plausibility,0.8034260039314799
public compute-side plausibility,0.8817249613709792
public compute-side plausibility,0.9254444545369327
public compute-side plausibility,0.8095505617977526
public compute-side plausibility,0.9099073814201513
public compute-side plausibility,0.7754671912322607
public compute-side plausibility,0.9280848745071947
public compute-side plausibility,0.8517713104087149
public compute-side plausibility,0.886877192982456
public compute-side plausibility,0.8731327604051407
public compute-side plausibility,0.6728039353478567
public compute-side plausibility,0.9708494168429008
public compute-side plausibility,0.8990296723386304
public compute-side plausibility,0.9163038899031035
public compute-side plausibility,0.9019994367783721
public compute-side plausibility,0.8890450841189803
public compute-side plausibility,0.9743409514409481
public compute-side plausibility,0.9266203238911271
public compute-side plausibility,0.889841225235352
public compute-side plausibility,0.9255699777246403
public compute-side plausibility,0.9052942618593195
public compute-side plausibility,0.9507527789503307
public compute-side plausibility,0.8745263157894736
public compute-side plausibility,0.9738080215006177
public compute-side plausibility,0.9090399068571433
public compute-side plausibility,0.8573233230460826
public compute-side plausibility,0.9376229277887049
public compute-side plausibility,0.920875420875421
public compute-side plausibility,0.9146067415730336
public compute-side plausibility,0.9007655054168288
public compute-side plausibility,0.9283660697426156
public compute-side plausibility,0.8041933620359468
public compute-side plausibility,0.9395793977208974
public compute-side plausibility,0.8992280701754386
public compute-side plausibility,0.9294547498594716
public compute-side plausibility,0.9441560263785606
public compute-side plausibility,0.8328886392360623
public compute-side plausibility,0.8279298245614035
public compute-side plausibility,0.9515833919774805
public compute-side plausibility,0.9658420875665976
public compute-side plausibility,0.8087884318405167
public compute-side plausibility,0.9429855357393625
public compute-side plausibility,0.9347214406302756
public compute-side plausibility,0.8663291086512035
public compute-side plausibility,0.9031171019376582
public compute-side plausibility,0.8895291637385806
public compute-side plausibility,0.8136593591905564
public compute-side plausibility,0.9059145465361528
public compute-side plausibility,0.9030852685083787
public compute-side plausibility,0.9665004588762198
public compute-side plausibility,0.8286196707471509
public compute-side plausibility,0.9415986678365885
public compute-side plausibility,0.968267493349561
public compute-side plausibility,0.965420298003936
public compute-side plausibility,0.9426805282382694
public compute-side plausibility,0.887593086974849
public compute-side plausibility,0.928892636312535
public compute-side plausibility,0.958983003230791
public compute-side plausibility,0.9247191011235955
public compute-side plausibility,0.9353023909985934
public compute-side plausibility,0.9152042678646637
public compute-side plausibility,0.8895757235178421
public compute-side plausibility,0.9072382290934646
public compute-side plausibility,0.8672653290304476
public compute-side plausibility,0.9172047932583566
public compute-side plausibility,0.9589214264214331
public compute-side plausibility,0.8918843021623141
public compute-side plausibility,0.8973459580203892
public compute-side plausibility,0.8815725011224315
public compute-side plausibility,0.9001613894760164
public compute-side plausibility,0.8332397529477822
public compute-side plausibility,0.9039460749894678
public compute-side plausibility,0.9269934800831444
public compute-side plausibility,0.9582690186740028
public compute-side plausibility,0.9282801293770215
public compute-side plausibility,0.926630627854338
public compute-side plausibility,0.8969101123595504
public compute-side plausibility,0.9464888480621133
public compute-side plausibility,0.9073801198456698
public compute-side plausibility,0.8853610564765385
public compute-side plausibility,0.9215755130486468
public compute-side plausibility,0.8911128360984945
public compute-side plausibility,0.8821052631578946
public compute-side plausibility,0.8970442653090088
public compute-side plausibility,0.8705667726053941
public compute-side plausibility,0.9144099901781958
public compute-side plausibility,0.9442138609364675
public compute-side plausibility,0.8648344888976696
public compute-side plausibility,0.8633341868508395
public compute-side plausibility,0.7857896607555015
public compute-side plausibility,0.8901376791233495
public compute-side plausibility,0.8961641937100865
public compute-side plausibility,0.9792764530784029
public compute-side plausibility,0.8980050576004497
public compute-side plausibility,0.9483812275946468
public compute-side plausibility,0.8952541420949174
public compute-side plausibility,0.9682361208713985
public compute-side plausibility,0.9065709863514845
public compute-side plausibility,0.9050992517179122
public compute-side plausibility,0.8517505107612218
public compute-side plausibility,0.8572432204580582
public compute-side plausibility,0.852916314454776
public compute-side plausibility,0.7049733071087385
public compute-side plausibility,0.8347850519808937
public compute-side plausibility,0.7797134026411914
public compute-side plausibility,0.8869077065759513
public compute-side plausibility,0.8772299480264084
public compute-side plausibility,0.8526936026936026
public compute-side plausibility,0.9193026852242374
public compute-side plausibility,0.9013550538258819
public compute-side plausibility,0.7226015362448919
public compute-side plausibility,0.967279962260476
public compute-side plausibility,0.8389450056116722
public compute-side plausibility,0.9048287478944412
public compute-side plausibility,0.8046639058972821
public compute-side plausibility,0.9421609002102781
public compute-side plausibility,0.6108533670743711
public compute-side plausibility,0.9493171899197521
public compute-side plausibility,0.8104465037910699
public compute-side plausibility,0.9189075038716035
public compute-side plausibility,0.8966437298132284
public compute-side plausibility,0.9612708444542043
public compute-side plausibility,0.7966292134831459
public compute-side plausibility,0.879870586580391
public compute-side plausibility,0.8948329914905595
public compute-side plausibility,0.8279056709713644
public compute-side plausibility,0.9018095104502735
public compute-side plausibility,0.8634862834964923
public compute-side plausibility,0.9201798763350197
public compute-side plausibility,0.8339654445849138
public compute-side plausibility,0.9134952956045499
public compute-side plausibility,0.9268053646988522
public compute-side plausibility,0.9609622497127489
public compute-side plausibility,0.9331364898568569
public compute-side plausibility,0.8650014033118156
public compute-side plausibility,0.9425061634073708
public compute-side plausibility,0.8626597388007303
public compute-side plausibility,0.9501931881542146
public compute-side plausibility,0.8818201164697355
public compute-side plausibility,0.9056657631048007
public compute-side plausibility,0.9457386374492276
public compute-side plausibility,0.7049318533089786
public compute-side plausibility,0.9639924218313621
public compute-side plausibility,0.8103133342700577
public compute-side plausibility,0.9006176305446376
public compute-side plausibility,0.9457561921367088
public compute-side plausibility,0.8629109780283126
public compute-side plausibility,0.9235955056179774
public compute-side plausibility,0.9294943820224719
public compute-side plausibility,0.8487276817095462
public compute-side plausibility,0.7941589441168212
public compute-side plausibility,0.9156507668424827
public compute-side plausibility,0.9446948581186391
public compute-side plausibility,0.8707569242660552
public compute-side plausibility,0.8616118419174547
public compute-side plausibility,0.8230585591911248
public compute-side plausibility,0.9231959487972992
public compute-side plausibility,0.8571428571428571
public compute-side plausibility,0.9123718578851284
public compute-side plausibility,0.8416678405409211
public compute-side plausibility,0.9686490387755474
public compute-side plausibility,0.8683323975294778
public compute-side plausibility,0.9347581552305961
public compute-side plausibility,0.9515041610738321
public compute-side plausibility,0.8967162503508277
public compute-side plausibility,0.9536386625456592
public compute-side plausibility,0.9564606741573032
public compute-side plausibility,0.8843393837062052
public compute-side plausibility,0.9815192404165043
public compute-side plausibility,0.8971280128851955
public compute-side plausibility,0.8153456998313661
public compute-side plausibility,0.8239505826196828
public compute-side plausibility,0.8999368044095699
public compute-side plausibility,0.8206502757916923
public compute-side plausibility,0.8194600674915636
public compute-side plausibility,0.8648876404494381
public compute-side plausibility,0.9025691422153587
public compute-side plausibility,0.9224507005662826
public compute-side plausibility,0.8495860811000423
public compute-side plausibility,0.9038245219347582
public compute-side plausibility,0.8692847124824686
public compute-side plausibility,0.9208643187877088
public compute-side plausibility,0.891011235955056
public compute-side plausibility,0.8102866779089376
public compute-side plausibility,0.7925322852330151
public compute-side plausibility,0.8918462188424167
public compute-side plausibility,0.9434996486296557
public compute-side plausibility,0.8588896697118763
public compute-side plausibility,0.9563626126126125
public compute-side plausibility,0.9303566413928673
public compute-side plausibility,0.9320868445204344
public compute-side plausibility,0.9202023040179828
public compute-side plausibility,0.9207085617882752
public compute-side plausibility,0.8845991857363471
public compute-side plausibility,0.7138032925284932
public compute-side plausibility,0.9318613341370906
public compute-side plausibility,0.8444038758601319
public compute-side plausibility,0.9767381911921859
public compute-side plausibility,0.9314434097733443
public compute-side plausibility,0.9618283027577212
public compute-side plausibility,0.8690827363393736
public compute-side plausibility,0.8949880668257756
public compute-side plausibility,0.9000140429714929
public compute-side plausibility,0.8913074006459768
public compute-side plausibility,0.8444038758601319
public compute-side plausibility,0.8179456595319773
public compute-side plausibility,0.86376404494382
public compute-side plausibility,0.8908223407241087
public compute-side plausibility,0.8614584796965014
public compute-side plausibility,0.9478340447562396
public compute-side plausibility,0.9486583585749572
public compute-side plausibility,0.9412921348314607
public compute-side plausibility,0.8604585736390491
public compute-side plausibility,0.8737019365703058
public compute-side plausibility,0.8964791695890026
public compute-side plausibility,0.8195869045946326
public compute-side plausibility,0.9265862696932278
public compute-side plausibility,0.886861313868613
public compute-side plausibility,0.9266235591790837
public compute-side plausibility,0.9168539325842695
public compute-side plausibility,0.9171116929969368
public compute-side plausibility,0.8938500421229992
public compute-side plausibility,0.8165813465484456
public compute-side plausibility,0.9376842105263158
public compute-side plausibility,0.8121314237573716
public compute-side plausibility,0.9634831460674155
public compute-side plausibility,0.9242341332542557
public compute-side plausibility,0.8878414806897801
public compute-side plausibility,0.9256998731680873
public compute-side plausibility,0.8241981913763257
public compute-side plausibility,0.7748735244519394
public compute-side plausibility,0.8753159224936816
public compute-side plausibility,0.8687167296959191
public compute-side plausibility,0.8722986247544202
public compute-side plausibility,0.7656974294142437
public compute-side plausibility,0.8629405982305856
public compute-side plausibility,0.9079418781616244
public compute-side plausibility,0.9450796309391647
public compute-side plausibility,0.9137882617242348
public compute-side plausibility,0.8159078133783023
public compute-side plausibility,0.9339046170400018
public compute-side plausibility,0.9157133856503998
public compute-side plausibility,0.9132509825940481
public compute-side plausibility,0.9168833197420035
public compute-side plausibility,0.885702454166399
public compute-side plausibility,0.8580259943897367
public compute-side plausibility,0.7333333333333332
public compute-side plausibility,0.8448530114923142
public compute-side plausibility,0.8905416783609318
public compute-side plausibility,0.9109925593148953
public compute-side plausibility,0.9204273864754677
public compute-side plausibility,0.8881394041596403
public compute-side plausibility,0.9157184997892963
public compute-side plausibility,0.8954427379705707
public compute-side plausibility,0.9180005616399888
public compute-side plausibility,0.8733146067415729
public compute-side plausibility,0.9294448348559383
public compute-side plausibility,0.8728397571851766
public compute-side plausibility,0.9212155317951604
public compute-side plausibility,0.8916034821679305
public compute-side plausibility,0.8912615903343637
public compute-side plausibility,0.9036964320469298
public compute-side plausibility,0.927666760484098
public compute-side plausibility,0.8916491228070175
public compute-side plausibility,0.8836784858558896
public compute-side plausibility,0.8859870822802585
public compute-side plausibility,0.9320033717336332
public compute-side plausibility,0.758741749754248
public compute-side plausibility,0.8414075191923502
public compute-side plausibility,0.9592753826709731
public compute-side plausibility,0.680214507479537
public compute-side plausibility,0.8877035373385738
public compute-side plausibility,0.8742969628796401
public compute-side plausibility,0.8635789473684209
public compute-side plausibility,0.9354114012917721
public compute-side plausibility,0.936029308158377
public compute-side plausibility,0.9533399639726609
public compute-side plausibility,0.933679921315161
public compute-side plausibility,0.8778363384266659
public compute-side plausibility,0.8654872226902556
public compute-side plausibility,0.9510754955714891
public compute-side plausibility,0.9391341852761518
public compute-side plausibility,0.911636559192975
public compute-side plausibility,0.8901531113920496
public compute-side plausibility,0.9301150715689024
public compute-side plausibility,0.827198651306547
public compute-side plausibility,0.9351305812973885
public compute-side plausibility,0.8967505978337319
public compute-side plausibility,0.8271257905832748
public compute-side plausibility,0.9246210814224042
public compute-side plausibility,0.982216913932626
public compute-side plausibility,0.7735318909806127
public compute-side plausibility,0.877284965282698
public compute-side plausibility,0.8440947282283855
public compute-side plausibility,0.873982598933483
public compute-side plausibility,0.9116409537166903
public compute-side plausibility,0.9140933501536466
public compute-side plausibility,0.9201152274519292
public compute-side plausibility,0.9159758325136996
public compute-side plausibility,0.9698333474508566
public compute-side plausibility,0.9064606741573032
public compute-side plausibility,0.9011791128579448
public compute-side plausibility,0.9015806133942917
public compute-side plausibility,0.7524030047284466
public compute-side plausibility,0.8152982456140351
public compute-side plausibility,0.8706890518071496
public compute-side plausibility,0.9210674157303369
public compute-side plausibility,0.938262943735092
public compute-side plausibility,0.9111985387101307
public compute-side plausibility,0.9367533380182714
public compute-side plausibility,0.9255094869992974
public compute-side plausibility,0.9169883018423225
public compute-side plausibility,0.9292234236764499
public compute-side plausibility,0.9153259949195597
public compute-side plausibility,0.9152114476535811
public compute-side plausibility,0.8563210326925775
public compute-side plausibility,0.9388219019822778
public compute-side plausibility,0.8838841141557953
public compute-side plausibility,0.9405231432930877
public compute-side plausibility,0.8749119594309058
public compute-side plausibility,0.9510038748845568
public compute-side plausibility,0.8836588450189687
public compute-side plausibility,0.879298245614035
public compute-side plausibility,0.8697361033127454
public compute-side plausibility,0.8775968556990454
public compute-side plausibility,0.9298898374391208
public compute-side plausibility,0.83065478483738
public compute-side plausibility,0.9192459200900394
public compute-side plausibility,0.8532490361763337
public compute-side plausibility,0.9178900071810128
public compute-side plausibility,0.912961031865633
public compute-side plausibility,0.9502808988764044
public compute-side plausibility,0.9010325231189188
public compute-side plausibility,0.894190289082234
public compute-side plausibility,0.9636043670480666
public compute-side plausibility,0.8579389600360398
public compute-side plausibility,0.9339616214627092
public compute-side plausibility,0.9319090376639848
public compute-side plausibility,0.846499859432106
public compute-side plausibility,0.9264458169567659
public compute-side plausibility,0.8598301417965769
public compute-side plausibility,0.9015749457459402
public compute-side plausibility,0.912884642405508
public compute-side plausibility,0.8154440174532898
public compute-side plausibility,0.9401865249956917
public compute-side plausibility,0.8721550997471201
public compute-side plausibility,0.9456255033014612
public compute-side plausibility,0.9458225211917345
public compute-side plausibility,0.9643585451718448
public compute-side plausibility,0.9530173020115346
public compute-side plausibility,0.9575187899182185
public compute-side plausibility,0.9101510563905156
public compute-side plausibility,0.837708830548926
public compute-side plausibility,0.9318629655976182
public compute-side plausibility,0.9232721924807896
public compute-side plausibility,0.9221699791114543
public compute-side plausibility,0.9388156048273925
public compute-side plausibility,0.8721191680719507
public compute-side plausibility,0.8813773717498243
public compute-side plausibility,0.9359100491918482
public compute-side plausibility,0.8779290023852955
public compute-side plausibility,0.9419852891872817
public compute-side plausibility,0.9111594937843392
public compute-side plausibility,0.933483198360142
public compute-side plausibility,0.9345229731628496
public compute-side plausibility,0.8348314606741573
public compute-side plausibility,0.9410276444539988
public compute-side plausibility,0.8978302284744416
public compute-side plausibility,0.8697726634858264
public compute-side plausibility,0.8917650366130723
public compute-side plausibility,0.8679218771954476
public compute-side plausibility,0.8883430613059919
public compute-side plausibility,0.897162124192189
public compute-side plausibility,0.9487900956668542
public compute-side plausibility,0.898314606741573
public compute-side plausibility,0.9480058751665655
public compute-side plausibility,0.9582075088057982
public compute-side plausibility,0.9018699584330594
public compute-side plausibility,0.8969679955081414
public compute-side plausibility,0.9084012363023324
public compute-side plausibility,0.8856902120488696
public compute-side plausibility,0.910138430953097
public compute-side plausibility,0.6914189093983374
public compute-side plausibility,0.915449438202247
public compute-side plausibility,0.8933511396650663
public compute-side plausibility,0.7348889513635087
public compute-side plausibility,0.8282346337356159
public compute-side plausibility,0.8708590679393599
public compute-side plausibility,0.8094970497330713
public compute-side plausibility,0.9002036682077742
public compute-side plausibility,0.9571529245947851
public compute-side plausibility,0.9283707865168539
public compute-side plausibility,0.9106113843991568
public compute-side plausibility,0.8830968104538429
public compute-side plausibility,0.7603596010675658
public compute-side plausibility,0.943126049149442
public compute-side plausibility,0.8487584650112867
public compute-side plausibility,0.9406886858749122
public compute-side plausibility,0.8895912347239782
public compute-side plausibility,0.8300084293340828
public compute-side plausibility,0.9448663853727143
public compute-side plausibility,0.821629213483146
public compute-side plausibility,0.8942321252291637
public compute-side plausibility,0.9641081420476392
public compute-side plausibility,0.8965905888982811
public compute-side plausibility,0.9036788844544337
public compute-side plausibility,0.9244700266741541
public compute-side plausibility,0.9165555500148852
public compute-side plausibility,0.9047820777281169
public compute-side plausibility,0.8601575689364096
public compute-side plausibility,0.8695896571107363
public compute-side plausibility,0.9019745826164267
public compute-side plausibility,0.9482710149001969
public compute-side plausibility,0.8554580744288859
public compute-side plausibility,0.9201798763350197
public compute-side plausibility,0.6782352114655051
public compute-side plausibility,0.8252318066872718
public compute-side plausibility,0.8656170930559463
public compute-side plausibility,0.9108924806746311
public compute-side plausibility,0.9805715894692384
public compute-side plausibility,0.8720473820206364
public compute-side plausibility,0.9494836155550527
public compute-side plausibility,0.9068462401795735
public compute-side plausibility,0.8802024746906637
public compute-side plausibility,0.885489755823744
public compute-side plausibility,0.7659454903062659
public compute-side plausibility,0.9716012934064392
public compute-side plausibility,0.8521324354657689
public compute-side plausibility,0.9535864978902951
public compute-side plausibility,0.9260541286137997
public compute-side plausibility,0.9421603976360563
public compute-side plausibility,0.927968486212718
public compute-side plausibility,0.9356379988757728
public compute-side plausibility,0.9381276798189613
public compute-side plausibility,0.8986241237582933
public compute-side plausibility,0.944943820224719
public compute-side plausibility,0.9210249232943494
public compute-side plausibility,0.8443382972745155
public compute-side plausibility,0.9193140286758505
public compute-side plausibility,0.9357283188324445
public compute-side plausibility,0.9239314657764809
public compute-side plausibility,0.9446784611064308
public compute-side plausibility,0.8501546246837225
public compute-side plausibility,0.9556117432223629
public compute-side plausibility,0.9249683855557117
public compute-side plausibility,0.8656595322437203
public compute-side plausibility,0.8819107854567507
public compute-side plausibility,0.8463000963273283
public compute-side plausibility,0.9244369629151447
public compute-side plausibility,0.8884831460674156
public compute-side plausibility,0.7051624701083133
public compute-side plausibility,0.8643450317424363
public compute-side plausibility,0.9244275881444025
public compute-side plausibility,0.9462818645617481
public compute-side plausibility,0.9268738574040221
public compute-side plausibility,0.9437332958221971
public compute-side plausibility,0.8911545492898326
public compute-side plausibility,0.9193514446735971
public compute-side plausibility,0.9199383168727574
public compute-side plausibility,0.9590733803419856
public compute-side plausibility,0.8809156017413285
public compute-side plausibility,0.9387984278495225
public compute-side plausibility,0.9587020648967552
public compute-side plausibility,0.8588070175438597
public compute-side plausibility,0.960736131465013
public compute-side plausibility,0.9242371057240897
public compute-side plausibility,0.7874491085216903
public compute-side plausibility,0.9238230553384347
public compute-side plausibility,0.968318064817272
public compute-side plausibility,0.8122540753232153
public compute-side plausibility,0.9371404518030028
public compute-side plausibility,0.9517251283076414
public compute-side plausibility,0.8271882915845765
public compute-side plausibility,0.9142535844813047
public compute-side plausibility,0.9755136504362512
public compute-side plausibility,0.8885599514566851
public compute-side plausibility,0.7284228282260333
public compute-side plausibility,0.8998104531552569
public compute-side plausibility,0.9665448411582797
public compute-side plausibility,0.9519865225326408
public compute-side plausibility,0.9407469811850605
public compute-side plausibility,0.861778339654446
public compute-side plausibility,0.8935841639758528
public compute-side plausibility,0.8149136357253195
public compute-side plausibility,0.8301356405348623
public compute-side plausibility,0.911872017962391
public compute-side plausibility,0.9241263126660907
public compute-side plausibility,0.9002949024013482
public compute-side plausibility,0.9054300547214817
public compute-side plausibility,0.9467032019624918
public compute-side plausibility,0.8596133588903256
public compute-side plausibility,0.9206126994651123
public compute-side plausibility,0.890230207748456
public compute-side plausibility,0.8423935946059841
public compute-side plausibility,0.7866067668117365
public compute-side plausibility,0.958386053704485
public compute-side plausibility,0.9211228070175437
public compute-side plausibility,0.9073033707865167
public compute-side plausibility,0.9081847536150497
public compute-side plausibility,0.8455273135795535
public compute-side plausibility,0.959487972991982
public compute-side plausibility,0.9189950236502467
public compute-side plausibility,0.9466367083274821
public compute-side plausibility,0.922828679668865
public compute-side plausibility,0.8760887889856703
public compute-side plausibility,0.9173460781557494
public compute-side plausibility,0.9761336515513127
public compute-side plausibility,0.8256467941507313
public compute-side plausibility,0.9033349987034662
public compute-side plausibility,0.7806487852829659
public compute-side plausibility,0.8045378396569632
public compute-side plausibility,0.8670788253477588
public compute-side plausibility,0.9029126213592235
public compute-side plausibility,0.8558583871874125
public compute-side plausibility,0.9244700266741541
public compute-side plausibility,0.9123226078403822
public compute-side plausibility,0.9036787419264252
public compute-side plausibility,0.9091803070822642
public compute-side plausibility,0.8158854897558235
public compute-side plausibility,0.8909193140286761
public compute-side plausibility,0.9396642759715559
public compute-side plausibility,0.9210913959671129
public compute-side plausibility,0.947982567130606
public compute-side plausibility,0.9393662823716927
public compute-side plausibility,0.8693576714997885
public compute-side plausibility,0.9397235489954379
public compute-side plausibility,0.8226033174023055
public compute-side plausibility,0.872944483485594
public compute-side plausibility,0.9648967735746894
public compute-side plausibility,0.9261396435466078
public compute-side plausibility,0.9499789237038078
public compute-side plausibility,0.859890495577706
public compute-side plausibility,0.8532135840583777
public compute-side plausibility,0.8796744739867728
public compute-side plausibility,0.7714346073846563
public compute-side plausibility,0.863017543859649
public compute-side plausibility,0.9030670472316079
public compute-side plausibility,0.8879062280593223
public compute-side plausibility,0.9412095639943738
public compute-side plausibility,0.9450766396114068
public compute-side plausibility,0.8845020365661815
public compute-side plausibility,0.9736880000729405
public compute-side plausibility,0.9241689712751112
public compute-side plausibility,0.7782144862436833
public compute-side plausibility,0.8790005614823133
public compute-side plausibility,0.9828507168962611
public compute-side plausibility,0.9070961412122741
public compute-side plausibility,0.906335528390583
public compute-side plausibility,0.9559350834436549
public compute-side plausibility,0.8949771888248818
public compute-side plausibility,0.8908223407241087
public compute-side plausibility,0.796901408450704
public compute-side plausibility,0.7883642495784148
public compute-side plausibility,0.8941639358512323
public compute-side plausibility,0.7632707756092555
public compute-side plausibility,0.8317888233642236
public compute-side plausibility,0.933155455694425
public compute-side plausibility,0.9491787168327952
public compute-side plausibility,0.9300434054973213
public compute-side plausibility,0.8963774220724516
public compute-side plausibility,0.8283382580554385
public compute-side plausibility,0.950266928912616
public compute-side plausibility,0.834398934118747
public compute-side plausibility,0.9474940334128878
public compute-side plausibility,0.9231526423717086
public compute-side plausibility,0.879470571669952
public compute-side plausibility,0.9534231200897867
public compute-side plausibility,0.7066779374471682
public compute-side plausibility,0.8728551336146271
public compute-side plausibility,0.9480044969083754
public compute-side plausibility,0.8682214105085699
public compute-side plausibility,0.8972290446489427
public compute-side plausibility,0.8715751018687651
public compute-side plausibility,0.9417885264341956
public compute-side plausibility,0.924852237545736
public compute-side plausibility,0.9099087245940859
public compute-side plausibility,0.7582572030920592
public compute-side plausibility,0.9345229731628496
public compute-side plausibility,0.9220305707474408
public compute-side plausibility,0.9005198819727412
public compute-side plausibility,0.8633357560590553
public compute-side plausibility,0.8124166203210068
public compute-side plausibility,0.7510198340132226
public compute-side plausibility,0.8296254576175723
public compute-side plausibility,0.9205390986943702
public compute-side plausibility,0.8571228634269663
public compute-side plausibility,0.9417393751759077
public compute-side plausibility,0.9516853932584267
public compute-side plausibility,0.8529018832219907
public compute-side plausibility,0.9564363404803508
public compute-side plausibility,0.9472132528429031
public compute-side plausibility,0.9468958283558585
public compute-side plausibility,0.9073424119050961
public compute-side plausibility,0.826649781905164
public compute-side plausibility,0.8696325496269183
public compute-side plausibility,0.8704642125072773
public compute-side plausibility,0.8924308383653982
public compute-side plausibility,0.7166947723440136
public compute-side plausibility,0.8895602079527891
public compute-side plausibility,0.8938798427849521
public compute-side plausibility,0.8860278598564795
public compute-side plausibility,0.8199873695538988
public compute-side plausibility,0.9009566685424873
public compute-side plausibility,0.9101241866222872
public compute-side plausibility,0.9611664186641885
public compute-side plausibility,0.9062982185439753
public compute-side plausibility,0.9044138318807985
public compute-side plausibility,0.8700175768422204
public compute-side plausibility,0.9479093340841896
public compute-side plausibility,0.847098468001264
public compute-side plausibility,0.7369235751231984
public compute-side plausibility,0.8193312728294466
public compute-side plausibility,0.802022631748435
public compute-side plausibility,0.8707798154390476
public compute-side plausibility,0.9258010118043845
public compute-side plausibility,0.8492727165932701
public compute-side plausibility,0.9368155012636901
public compute-side plausibility,0.940176941440809
public compute-side plausibility,0.905360801394288
public compute-side plausibility,0.9409614843969639
public compute-side plausibility,0.8684247440033666
public compute-side plausibility,0.8540700126528894
public compute-side plausibility,0.9163565060467233
public compute-side plausibility,0.9138877163360069
public compute-side plausibility,0.855550086209856
public compute-side plausibility,0.7969354064811874
public compute-side plausibility,0.8819727413235914
public compute-side plausibility,0.8854715455234403
public compute-side plausibility,0.8897632285011629
public compute-side plausibility,0.799017543859649
public compute-side plausibility,0.87876871395597
public compute-side plausibility,0.7614156223930899
public compute-side plausibility,0.9238870945091981
public compute-side plausibility,0.9516253621713666
public compute-side plausibility,0.9030081529378692
public compute-side plausibility,0.901740595171252
public compute-side plausibility,0.9118660780804366
public compute-side plausibility,0.898882740793809
public compute-side plausibility,0.9098827202074703
public compute-side plausibility,0.9173693086003373
public compute-side plausibility,0.9041057367829021
public compute-side plausibility,0.8551743532058493
public compute-side plausibility,0.8314369995785927
public compute-side plausibility,0.8340819764177427
public compute-side plausibility,0.8896241024919047
public compute-side plausibility,0.9548042666763609
public compute-side plausibility,0.8483742024099032
public compute-side plausibility,0.982858100997687
public compute-side plausibility,0.9308891698272231
public compute-side plausibility,0.8936409679234664
public compute-side plausibility,0.870181845857453
public compute-side plausibility,0.9170779861796643
public compute-side plausibility,0.9446395953351131
public compute-side plausibility,0.8574239357828134
public compute-side plausibility,0.882435465768799
public compute-side plausibility,0.9530701138119995
public compute-side plausibility,0.9011515041063635
public compute-side plausibility,0.8993252266049646
public compute-side plausibility,0.7955327843963107
public compute-side plausibility,0.9556491228070174
public compute-side plausibility,0.9499543786999894
public compute-side plausibility,0.958386053704485
public compute-side plausibility,0.9585350664864642
public compute-side plausibility,0.9140932060640089
public compute-side plausibility,0.884108910115856
public compute-side plausibility,0.9241350292952534
public compute-side plausibility,0.8950330659912763
public compute-side plausibility,0.8977815220443698
public compute-side plausibility,0.8290388444801243
public compute-side plausibility,0.8657114763309455
public compute-side plausibility,0.8686541977218396
public compute-side plausibility,0.8936140350877192
public compute-side plausibility,0.8868454302962234
public compute-side plausibility,0.9047887960221798
public compute-side plausibility,0.9364845112483925
public compute-side plausibility,0.9169654807168182
public compute-side plausibility,0.9145665168200293
public compute-side plausibility,0.9002808988764044
public compute-side plausibility,0.8116491228070176
public compute-side plausibility,0.8300084293340828
public compute-side plausibility,0.8791301892120873
public compute-side plausibility,0.951185299480993
public compute-side plausibility,0.8724390332496247
public compute-side plausibility,0.8692897888782792
public compute-side plausibility,0.885551910717027
public compute-side plausibility,0.8728064017969956
public compute-side plausibility,0.8955391839199052
public compute-side plausibility,0.933445661331087
public compute-side plausibility,0.9247296727987643
public compute-side plausibility,0.9444016008628408
public compute-side plausibility,0.927021162675482
public compute-side plausibility,0.898567013205957
public compute-side plausibility,0.9420941672522841
public compute-side plausibility,0.941564826520579
public compute-side plausibility,0.90873350182533
public compute-side plausibility,0.9059385090551734
public compute-side plausibility,0.9555633579178876
public compute-side plausibility,0.8450506186726658
public compute-side plausibility,0.9269457712840689
public compute-side plausibility,0.9469324722729187
public compute-side plausibility,0.9065131948343627
public compute-side plausibility,0.9452247191011235
public compute-side plausibility,0.7849099099099099
public compute-side plausibility,0.8946185190389209
public compute-side plausibility,0.9204546269774297
public compute-side plausibility,0.8972699127497888
public compute-side plausibility,0.8540350877192983
public compute-side plausibility,0.8850542329905621
public compute-side plausibility,0.8614974013204103
public compute-side plausibility,0.8931630723376958
public compute-side plausibility,0.9617278739271143
public compute-side plausibility,0.8110236220472441
public compute-side plausibility,0.90935960591133
public compute-side plausibility,0.8486167673079623
public compute-side plausibility,0.9053654414871146
public compute-side plausibility,0.89943154127035
public compute-side plausibility,0.8300217671233507
public compute-side plausibility,0.9000070192672076
public compute-side plausibility,0.8975582374403591
public compute-side plausibility,0.9229471316085489
public compute-side plausibility,0.8887015177065767
public compute-side plausibility,0.9431100710985411
public compute-side plausibility,0.9557037768976572
public compute-side plausibility,0.9769630566090745
public compute-side plausibility,0.9476277629170773
public compute-side plausibility,0.9401770897669554
public compute-side plausibility,0.7042352610102717
public compute-side plausibility,0.9215631149845377
public compute-side plausibility,0.9457201062568733
public compute-side plausibility,0.8945925239490187
public compute-side plausibility,0.9037839358559573
public compute-side plausibility,0.8806179775280898
public compute-side plausibility,0.9263601286427008
public compute-side plausibility,0.8483011419709573
public compute-side plausibility,0.903570424515041
public compute-side plausibility,0.8817747823645044
public compute-side plausibility,0.9016439511029928
public compute-side plausibility,0.8881857330721371
public compute-side plausibility,0.8874543923659836
public compute-side plausibility,0.9172921984966411
public compute-side plausibility,0.9138803846242282
public compute-side plausibility,0.8793648584902524
public compute-side plausibility,0.9278697726634857
public compute-side plausibility,0.8465638148667602
public compute-side plausibility,0.9067041089382483
public compute-side plausibility,0.9159233007071017
public compute-side plausibility,0.8993326330585727
public compute-side plausibility,0.8587078651685391
public compute-side plausibility,0.8364938895912349
public compute-side plausibility,0.8017156518070596
public compute-side plausibility,0.8957425881691724
public compute-side plausibility,0.9254528407497783
public compute-side plausibility,0.78037120359955
public compute-side plausibility,0.9070094114341903
public compute-side plausibility,0.8951965065502183
public compute-side plausibility,0.9059913006875264
public compute-side plausibility,0.9713042892074426
public compute-side plausibility,0.9285062999474358
public compute-side plausibility,0.9377902885292048
public compute-side plausibility,0.877018110346764
public compute-side plausibility,0.97117961681589
public compute-side plausibility,0.8600731900317473
public compute-side plausibility,0.9302685224237315
public compute-side plausibility,0.8740356291204936
public compute-side plausibility,0.8800224782242203
public compute-side plausibility,0.9190556492411467
public compute-side plausibility,0.8960236054517353
public compute-side plausibility,0.91408502205568
public compute-side plausibility,0.9586289269977395
public compute-side plausibility,0.7331085826661049
public compute-side plausibility,0.9553916615399053
public compute-side plausibility,0.7233323951590207
public compute-side plausibility,0.9012441155319975
public compute-side plausibility,0.9564790116523936
public compute-side plausibility,0.9272369714847593
public compute-side plausibility,0.8453318335208099
public compute-side plausibility,0.9353387686252462
public compute-side plausibility,0.9376492065721106
public compute-side plausibility,0.7662948321010953
public compute-side plausibility,0.9318357525003307
public compute-side plausibility,0.9021784961349263
public compute-side plausibility,0.9100493356635272
public compute-side plausibility,0.8314133183478506
public compute-side plausibility,0.9511286337788419
public compute-side plausibility,0.9580989876265468
public compute-side plausibility,0.8991083361344637
public compute-side plausibility,0.9095382222314569
public compute-side plausibility,0.896275474349965
public compute-side plausibility,0.911977522446992
public compute-side plausibility,0.8629213483146065
public compute-side plausibility,0.9727642847114978
public compute-side plausibility,0.7886413333413405
public compute-side plausibility,0.9245151229698024
public compute-side plausibility,0.8963581525120311
public compute-side plausibility,0.9487972991981994
public compute-side plausibility,0.8749473092595195
public compute-side plausibility,0.8990799937896647
public compute-side plausibility,0.9494936129874004
public compute-side plausibility,0.8803706823925864
public compute-side plausibility,0.8856580980474787
public compute-side plausibility,0.8957865168539325
public compute-side plausibility,0.9812836653748354
public compute-side plausibility,0.8786516853932583
public compute-side plausibility,0.8627864473499228
public compute-side plausibility,0.791187201796239
public compute-side plausibility,0.9390791690061762
public compute-side plausibility,0.8878268203542312
public compute-side plausibility,0.8554149085794654
public compute-side plausibility,0.8557976106816586
public compute-side plausibility,0.9524359203992068
public compute-side plausibility,0.9632285948642962
public compute-side plausibility,0.8699747751345762
public compute-side plausibility,0.913009919852603
public compute-side plausibility,0.9090781638150955
public compute-side plausibility,0.7752864291310194
public compute-side plausibility,0.9357966551855472
public compute-side plausibility,0.8571628939101531
public compute-side plausibility,0.8990864371047086
public compute-side plausibility,0.8927243409329312
public compute-side plausibility,0.8136283827592868
public compute-side plausibility,0.7819253438113947
public compute-side plausibility,0.9061225297535374
public compute-side plausibility,0.8049122807017544
public compute-side plausibility,0.9598316986477882
public compute-side plausibility,0.849982452076828
public compute-side plausibility,0.9300301798466507
public compute-side plausibility,0.8741573033707865
public compute-side plausibility,0.8702975856260526
public compute-side plausibility,0.9152042678646637
public compute-side plausibility,0.9282451354710854
public compute-side plausibility,0.8743331300818634
public compute-side plausibility,0.9266821042944163
public compute-side plausibility,0.902481915596942
public compute-side plausibility,0.9348132973654438
public compute-side plausibility,0.9533445756042721
public compute-side plausibility,0.8082952728084175
public compute-side plausibility,0.9480264082033996
public compute-side plausibility,0.9213057235758416
public compute-side plausibility,0.9432320562131455
public compute-side plausibility,0.9119549929676509
public compute-side plausibility,0.9612768009157232
public compute-side plausibility,0.9331178867500352
public compute-side plausibility,0.927487352445194
public compute-side plausibility,0.9076231924750808
public compute-side plausibility,0.9325472052170873
public compute-side plausibility,0.8889045042267096
public compute-side plausibility,0.8136855416608122
public compute-side plausibility,0.8248350219676249
public compute-side plausibility,0.9075842696629213
public compute-side plausibility,0.9465542988804618
public compute-side plausibility,0.8939245124175671
public compute-side plausibility,0.8983468189657792
