iso3,country_name,evidence_class,component_name,raw_variable_name,raw_value,raw_unit,standardized_score,transform,direction,weight,source_id,source_url,source_year,missing_flag,imputation_rule
ABW,Aruba,AI compute,ai_compute_signal,ai_compute_raw,0.0,score,0.0,fillna->0; log1p min-max normalized,higher=stronger,0.2,country_data_centre_electricity_weighted_allocation_iea,https://www.iea.org/reports/energy-and-ai/energy-demand-from-ai,2024,0,fillna_to_zero_before_log1p_minmax
ABW,Aruba,data-center footprint,data_center_footprint_signal,data_center_footprint_raw,0.0,count,0.0,fillna->0; log1p min-max normalized,higher=stronger,0.2,country_data_centre_electricity_weighted_allocation_iea,https://www.iea.org/reports/energy-and-ai/energy-demand-from-ai,2024,0,fillna_to_zero_before_log1p_minmax
ABW,Aruba,power-grid evidence,power_grid_evidence_signal,power_grid_evidence_raw,0.0,score,0.0,fillna->0; log1p min-max normalized,higher=stronger,0.1,ai_power_grid_country_score,project-local-derived-table,2024,0,fillna_to_zero_before_log1p_minmax
ABW,Aruba,public load/capacity,public_load_capacity_signal,public_load_capacity_raw_twh,0.0,TWh,0.0,fillna->0; log1p min-max normalized,higher=stronger,0.3,country_data_centre_electricity_weighted_allocation_iea,https://www.iea.org/reports/energy-and-ai/energy-demand-from-ai,2024,0,fillna_to_zero_before_log1p_minmax
ABW,Aruba,public project capacity,public_project_capacity_signal,public_project_capacity_raw_mw,0.0,MW,0.0,fillna->0; log1p min-max normalized,higher=stronger,0.15,country_data_centre_electricity_weighted_allocation_iea,https://www.iea.org/reports/energy-and-ai/energy-demand-from-ai,2024,0,fillna_to_zero_before_log1p_minmax
ABW,Aruba,service endpoint,service_endpoint_signal,service_endpoint_raw,0.0,score,0.0,fillna->0; log1p min-max normalized,higher=stronger,0.05,ai_service_endpoint_country_score,project-local-derived-table,2024,0,fillna_to_zero_before_log1p_minmax
AGO,Angola,AI compute,ai_compute_signal,ai_compute_raw,0.0,score,0.0,fillna->0; log1p min-max normalized,higher=stronger,0.2,country_data_centre_electricity_weighted_allocation_iea,https://www.iea.org/reports/energy-and-ai/energy-demand-from-ai,2024,0,fillna_to_zero_before_log1p_minmax
AGO,Angola,data-center footprint,data_center_footprint_signal,data_center_footprint_raw,1.0,count,0.0901368421308699,fillna->0; log1p min-max normalized,higher=stronger,0.2,country_data_centre_electricity_weighted_allocation_iea,https://www.iea.org/reports/energy-and-ai/energy-demand-from-ai,2024,0,fillna_to_zero_before_log1p_minmax
AGO,Angola,power-grid evidence,power_grid_evidence_signal,power_grid_evidence_raw,0.0,score,0.0,fillna->0; log1p min-max normalized,higher=stronger,0.1,ai_power_grid_country_score,project-local-derived-table,2024,0,fillna_to_zero_before_log1p_minmax
AGO,Angola,public load/capacity,public_load_capacity_signal,public_load_capacity_raw_twh,0.0,TWh,0.0,fillna->0; log1p min-max normalized,higher=stronger,0.3,country_data_centre_electricity_weighted_allocation_iea,https://www.iea.org/reports/energy-and-ai/energy-demand-from-ai,2024,0,fillna_to_zero_before_log1p_minmax
AGO,Angola,public project capacity,public_project_capacity_signal,public_project_capacity_raw_mw,0.0,MW,0.0,fillna->0; log1p min-max normalized,higher=stronger,0.15,country_data_centre_electricity_weighted_allocation_iea,https://www.iea.org/reports/energy-and-ai/energy-demand-from-ai,2024,0,fillna_to_zero_before_log1p_minmax
AGO,Angola,service endpoint,service_endpoint_signal,service_endpoint_raw,0.0,score,0.0,fillna->0; log1p min-max normalized,higher=stronger,0.05,ai_service_endpoint_country_score,project-local-derived-table,2024,0,fillna_to_zero_before_log1p_minmax
ALB,Albania,AI compute,ai_compute_signal,ai_compute_raw,0.0,score,0.0,fillna->0; log1p min-max normalized,higher=stronger,0.2,country_data_centre_electricity_weighted_allocation_iea,https://www.iea.org/reports/energy-and-ai/energy-demand-from-ai,2024,0,fillna_to_zero_before_log1p_minmax
ALB,Albania,data-center footprint,data_center_footprint_signal,data_center_footprint_raw,1.5,count,0.1191544239972239,fillna->0; log1p min-max normalized,higher=stronger,0.2,country_data_centre_electricity_weighted_allocation_iea,https://www.iea.org/reports/energy-and-ai/energy-demand-from-ai,2024,0,fillna_to_zero_before_log1p_minmax
ALB,Albania,power-grid evidence,power_grid_evidence_signal,power_grid_evidence_raw,0.0,score,0.0,fillna->0; log1p min-max normalized,higher=stronger,0.1,ai_power_grid_country_score,project-local-derived-table,2024,0,fillna_to_zero_before_log1p_minmax
ALB,Albania,public load/capacity,public_load_capacity_signal,public_load_capacity_raw_twh,0.0,TWh,0.0,fillna->0; log1p min-max normalized,higher=stronger,0.3,country_data_centre_electricity_weighted_allocation_iea,https://www.iea.org/reports/energy-and-ai/energy-demand-from-ai,2024,0,fillna_to_zero_before_log1p_minmax
ALB,Albania,public project capacity,public_project_capacity_signal,public_project_capacity_raw_mw,0.0,MW,0.0,fillna->0; log1p min-max normalized,higher=stronger,0.15,country_data_centre_electricity_weighted_allocation_iea,https://www.iea.org/reports/energy-and-ai/energy-demand-from-ai,2024,0,fillna_to_zero_before_log1p_minmax
ALB,Albania,service endpoint,service_endpoint_signal,service_endpoint_raw,0.0,score,0.0,fillna->0; log1p min-max normalized,higher=stronger,0.05,ai_service_endpoint_country_score,project-local-derived-table,2024,0,fillna_to_zero_before_log1p_minmax
AND,Andorra,AI compute,ai_compute_signal,ai_compute_raw,0.0,score,0.0,fillna->0; log1p min-max normalized,higher=stronger,0.2,country_data_centre_electricity_weighted_allocation_iea,https://www.iea.org/reports/energy-and-ai/energy-demand-from-ai,2024,0,fillna_to_zero_before_log1p_minmax
AND,Andorra,data-center footprint,data_center_footprint_signal,data_center_footprint_raw,0.0,count,0.0,fillna->0; log1p min-max normalized,higher=stronger,0.2,country_data_centre_electricity_weighted_allocation_iea,https://www.iea.org/reports/energy-and-ai/energy-demand-from-ai,2024,0,fillna_to_zero_before_log1p_minmax
AND,Andorra,power-grid evidence,power_grid_evidence_signal,power_grid_evidence_raw,0.0,score,0.0,fillna->0; log1p min-max normalized,higher=stronger,0.1,ai_power_grid_country_score,project-local-derived-table,2024,0,fillna_to_zero_before_log1p_minmax
AND,Andorra,public load/capacity,public_load_capacity_signal,public_load_capacity_raw_twh,0.0,TWh,0.0,fillna->0; log1p min-max normalized,higher=stronger,0.3,country_data_centre_electricity_weighted_allocation_iea,https://www.iea.org/reports/energy-and-ai/energy-demand-from-ai,2024,0,fillna_to_zero_before_log1p_minmax
AND,Andorra,public project capacity,public_project_capacity_signal,public_project_capacity_raw_mw,0.0,MW,0.0,fillna->0; log1p min-max normalized,higher=stronger,0.15,country_data_centre_electricity_weighted_allocation_iea,https://www.iea.org/reports/energy-and-ai/energy-demand-from-ai,2024,0,fillna_to_zero_before_log1p_minmax
AND,Andorra,service endpoint,service_endpoint_signal,service_endpoint_raw,0.0,score,0.0,fillna->0; log1p min-max normalized,higher=stronger,0.05,ai_service_endpoint_country_score,project-local-derived-table,2024,0,fillna_to_zero_before_log1p_minmax
ARE,United Arab Emirates,AI compute,ai_compute_signal,ai_compute_raw,57.61999189359833,score,0.7720607126514362,fillna->0; log1p min-max normalized,higher=stronger,0.2,country_data_centre_electricity_weighted_allocation_iea,https://www.iea.org/reports/energy-and-ai/energy-demand-from-ai,2024,0,fillna_to_zero_before_log1p_minmax
ARE,United Arab Emirates,data-center footprint,data_center_footprint_signal,data_center_footprint_raw,22.25,count,0.4091454411637922,fillna->0; log1p min-max normalized,higher=stronger,0.2,country_data_centre_electricity_weighted_allocation_iea,https://www.iea.org/reports/energy-and-ai/energy-demand-from-ai,2024,0,fillna_to_zero_before_log1p_minmax
ARE,United Arab Emirates,power-grid evidence,power_grid_evidence_signal,power_grid_evidence_raw,46.9621954914394,score,0.8807504582341678,fillna->0; log1p min-max normalized,higher=stronger,0.1,ai_power_grid_country_score,project-local-derived-table,2024,0,fillna_to_zero_before_log1p_minmax
ARE,United Arab Emirates,public load/capacity,public_load_capacity_signal,public_load_capacity_raw_twh,1.314,TWh,0.2229950061538211,fillna->0; log1p min-max normalized,higher=stronger,0.3,country_data_centre_electricity_weighted_allocation_iea,https://www.iea.org/reports/energy-and-ai/energy-demand-from-ai,2024,0,fillna_to_zero_before_log1p_minmax
ARE,United Arab Emirates,public project capacity,public_project_capacity_signal,public_project_capacity_raw_mw,1000.0,MW,0.7882918332435158,fillna->0; log1p min-max normalized,higher=stronger,0.15,country_data_centre_electricity_weighted_allocation_iea,https://www.iea.org/reports/energy-and-ai/energy-demand-from-ai,2024,0,fillna_to_zero_before_log1p_minmax
ARE,United Arab Emirates,service endpoint,service_endpoint_signal,service_endpoint_raw,17.247951094689313,score,0.6292474474598057,fillna->0; log1p min-max normalized,higher=stronger,0.05,ai_service_endpoint_country_score,project-local-derived-table,2024,0,fillna_to_zero_before_log1p_minmax
ARG,Argentina,AI compute,ai_compute_signal,ai_compute_raw,0.0,score,0.0,fillna->0; log1p min-max normalized,higher=stronger,0.2,country_data_centre_electricity_weighted_allocation_iea,https://www.iea.org/reports/energy-and-ai/energy-demand-from-ai,2024,0,fillna_to_zero_before_log1p_minmax
ARG,Argentina,data-center footprint,data_center_footprint_signal,data_center_footprint_raw,57.25,count,0.528579220746738,fillna->0; log1p min-max normalized,higher=stronger,0.2,country_data_centre_electricity_weighted_allocation_iea,https://www.iea.org/reports/energy-and-ai/energy-demand-from-ai,2024,0,fillna_to_zero_before_log1p_minmax
ARG,Argentina,power-grid evidence,power_grid_evidence_signal,power_grid_evidence_raw,0.0,score,0.0,fillna->0; log1p min-max normalized,higher=stronger,0.1,ai_power_grid_country_score,project-local-derived-table,2024,0,fillna_to_zero_before_log1p_minmax
ARG,Argentina,public load/capacity,public_load_capacity_signal,public_load_capacity_raw_twh,0.0,TWh,0.0,fillna->0; log1p min-max normalized,higher=stronger,0.3,country_data_centre_electricity_weighted_allocation_iea,https://www.iea.org/reports/energy-and-ai/energy-demand-from-ai,2024,0,fillna_to_zero_before_log1p_minmax
ARG,Argentina,public project capacity,public_project_capacity_signal,public_project_capacity_raw_mw,0.0,MW,0.0,fillna->0; log1p min-max normalized,higher=stronger,0.15,country_data_centre_electricity_weighted_allocation_iea,https://www.iea.org/reports/energy-and-ai/energy-demand-from-ai,2024,0,fillna_to_zero_before_log1p_minmax
ARG,Argentina,service endpoint,service_endpoint_signal,service_endpoint_raw,0.0,score,0.0,fillna->0; log1p min-max normalized,higher=stronger,0.05,ai_service_endpoint_country_score,project-local-derived-table,2024,0,fillna_to_zero_before_log1p_minmax
ARM,Armenia,AI compute,ai_compute_signal,ai_compute_raw,0.0,score,0.0,fillna->0; log1p min-max normalized,higher=stronger,0.2,country_data_centre_electricity_weighted_allocation_iea,https://www.iea.org/reports/energy-and-ai/energy-demand-from-ai,2024,0,fillna_to_zero_before_log1p_minmax
ARM,Armenia,data-center footprint,data_center_footprint_signal,data_center_footprint_raw,3.5,count,0.1955901872908335,fillna->0; log1p min-max normalized,higher=stronger,0.2,country_data_centre_electricity_weighted_allocation_iea,https://www.iea.org/reports/energy-and-ai/energy-demand-from-ai,2024,0,fillna_to_zero_before_log1p_minmax
ARM,Armenia,power-grid evidence,power_grid_evidence_signal,power_grid_evidence_raw,0.0,score,0.0,fillna->0; log1p min-max normalized,higher=stronger,0.1,ai_power_grid_country_score,project-local-derived-table,2024,0,fillna_to_zero_before_log1p_minmax
ARM,Armenia,public load/capacity,public_load_capacity_signal,public_load_capacity_raw_twh,0.0,TWh,0.0,fillna->0; log1p min-max normalized,higher=stronger,0.3,country_data_centre_electricity_weighted_allocation_iea,https://www.iea.org/reports/energy-and-ai/energy-demand-from-ai,2024,0,fillna_to_zero_before_log1p_minmax
ARM,Armenia,public project capacity,public_project_capacity_signal,public_project_capacity_raw_mw,0.0,MW,0.0,fillna->0; log1p min-max normalized,higher=stronger,0.15,country_data_centre_electricity_weighted_allocation_iea,https://www.iea.org/reports/energy-and-ai/energy-demand-from-ai,2024,0,fillna_to_zero_before_log1p_minmax
ARM,Armenia,service endpoint,service_endpoint_signal,service_endpoint_raw,0.0,score,0.0,fillna->0; log1p min-max normalized,higher=stronger,0.05,ai_service_endpoint_country_score,project-local-derived-table,2024,0,fillna_to_zero_before_log1p_minmax
ATG,Antigua and Barbuda,AI compute,ai_compute_signal,ai_compute_raw,0.0,score,0.0,fillna->0; log1p min-max normalized,higher=stronger,0.2,country_data_centre_electricity_weighted_allocation_iea,https://www.iea.org/reports/energy-and-ai/energy-demand-from-ai,2024,0,fillna_to_zero_before_log1p_minmax
ATG,Antigua and Barbuda,data-center footprint,data_center_footprint_signal,data_center_footprint_raw,0.0,count,0.0,fillna->0; log1p min-max normalized,higher=stronger,0.2,country_data_centre_electricity_weighted_allocation_iea,https://www.iea.org/reports/energy-and-ai/energy-demand-from-ai,2024,0,fillna_to_zero_before_log1p_minmax
ATG,Antigua and Barbuda,power-grid evidence,power_grid_evidence_signal,power_grid_evidence_raw,0.0,score,0.0,fillna->0; log1p min-max normalized,higher=stronger,0.1,ai_power_grid_country_score,project-local-derived-table,2024,0,fillna_to_zero_before_log1p_minmax
ATG,Antigua and Barbuda,public load/capacity,public_load_capacity_signal,public_load_capacity_raw_twh,0.0,TWh,0.0,fillna->0; log1p min-max normalized,higher=stronger,0.3,country_data_centre_electricity_weighted_allocation_iea,https://www.iea.org/reports/energy-and-ai/energy-demand-from-ai,2024,0,fillna_to_zero_before_log1p_minmax
ATG,Antigua and Barbuda,public project capacity,public_project_capacity_signal,public_project_capacity_raw_mw,0.0,MW,0.0,fillna->0; log1p min-max normalized,higher=stronger,0.15,country_data_centre_electricity_weighted_allocation_iea,https://www.iea.org/reports/energy-and-ai/energy-demand-from-ai,2024,0,fillna_to_zero_before_log1p_minmax
ATG,Antigua and Barbuda,service endpoint,service_endpoint_signal,service_endpoint_raw,0.0,score,0.0,fillna->0; log1p min-max normalized,higher=stronger,0.05,ai_service_endpoint_country_score,project-local-derived-table,2024,0,fillna_to_zero_before_log1p_minmax
AUS,Australia,AI compute,ai_compute_signal,ai_compute_raw,25.66040818836866,score,0.6226398445630001,fillna->0; log1p min-max normalized,higher=stronger,0.2,country_data_centre_electricity_weighted_allocation_iea,https://www.iea.org/reports/energy-and-ai/energy-demand-from-ai,2024,0,fillna_to_zero_before_log1p_minmax
AUS,Australia,data-center footprint,data_center_footprint_signal,data_center_footprint_raw,191.0,count,0.6836845674960718,fillna->0; log1p min-max normalized,higher=stronger,0.2,country_data_centre_electricity_weighted_allocation_iea,https://www.iea.org/reports/energy-and-ai/energy-demand-from-ai,2024,0,fillna_to_zero_before_log1p_minmax
AUS,Australia,power-grid evidence,power_grid_evidence_signal,power_grid_evidence_raw,0.0,score,0.0,fillna->0; log1p min-max normalized,higher=stronger,0.1,ai_power_grid_country_score,project-local-derived-table,2024,0,fillna_to_zero_before_log1p_minmax
AUS,Australia,public load/capacity,public_load_capacity_signal,public_load_capacity_raw_twh,0.0,TWh,0.0,fillna->0; log1p min-max normalized,higher=stronger,0.3,country_data_centre_electricity_weighted_allocation_iea,https://www.iea.org/reports/energy-and-ai/energy-demand-from-ai,2024,0,fillna_to_zero_before_log1p_minmax
AUS,Australia,public project capacity,public_project_capacity_signal,public_project_capacity_raw_mw,0.0,MW,0.0,fillna->0; log1p min-max normalized,higher=stronger,0.15,country_data_centre_electricity_weighted_allocation_iea,https://www.iea.org/reports/energy-and-ai/energy-demand-from-ai,2024,0,fillna_to_zero_before_log1p_minmax
AUS,Australia,service endpoint,service_endpoint_signal,service_endpoint_raw,63.50854131646541,score,0.902857817762361,fillna->0; log1p min-max normalized,higher=stronger,0.05,ai_service_endpoint_country_score,project-local-derived-table,2024,0,fillna_to_zero_before_log1p_minmax
AUT,Austria,AI compute,ai_compute_signal,ai_compute_raw,0.0,score,0.0,fillna->0; log1p min-max normalized,higher=stronger,0.2,country_data_centre_electricity_weighted_allocation_iea,https://www.iea.org/reports/energy-and-ai/energy-demand-from-ai,2024,0,fillna_to_zero_before_log1p_minmax
AUT,Austria,data-center footprint,data_center_footprint_signal,data_center_footprint_raw,24.25,count,0.4198764730330043,fillna->0; log1p min-max normalized,higher=stronger,0.2,country_data_centre_electricity_weighted_allocation_iea,https://www.iea.org/reports/energy-and-ai/energy-demand-from-ai,2024,0,fillna_to_zero_before_log1p_minmax
AUT,Austria,power-grid evidence,power_grid_evidence_signal,power_grid_evidence_raw,0.0,score,0.0,fillna->0; log1p min-max normalized,higher=stronger,0.1,ai_power_grid_country_score,project-local-derived-table,2024,0,fillna_to_zero_before_log1p_minmax
AUT,Austria,public load/capacity,public_load_capacity_signal,public_load_capacity_raw_twh,0.0,TWh,0.0,fillna->0; log1p min-max normalized,higher=stronger,0.3,country_data_centre_electricity_weighted_allocation_iea,https://www.iea.org/reports/energy-and-ai/energy-demand-from-ai,2024,0,fillna_to_zero_before_log1p_minmax
AUT,Austria,public project capacity,public_project_capacity_signal,public_project_capacity_raw_mw,0.0,MW,0.0,fillna->0; log1p min-max normalized,higher=stronger,0.15,country_data_centre_electricity_weighted_allocation_iea,https://www.iea.org/reports/energy-and-ai/energy-demand-from-ai,2024,0,fillna_to_zero_before_log1p_minmax
AUT,Austria,service endpoint,service_endpoint_signal,service_endpoint_raw,0.0,score,0.0,fillna->0; log1p min-max normalized,higher=stronger,0.05,ai_service_endpoint_country_score,project-local-derived-table,2024,0,fillna_to_zero_before_log1p_minmax
AZE,Azerbaijan,AI compute,ai_compute_signal,ai_compute_raw,0.0,score,0.0,fillna->0; log1p min-max normalized,higher=stronger,0.2,country_data_centre_electricity_weighted_allocation_iea,https://www.iea.org/reports/energy-and-ai/energy-demand-from-ai,2024,0,fillna_to_zero_before_log1p_minmax
AZE,Azerbaijan,data-center footprint,data_center_footprint_signal,data_center_footprint_raw,9.25,count,0.3026391349864463,fillna->0; log1p min-max normalized,higher=stronger,0.2,country_data_centre_electricity_weighted_allocation_iea,https://www.iea.org/reports/energy-and-ai/energy-demand-from-ai,2024,0,fillna_to_zero_before_log1p_minmax
AZE,Azerbaijan,power-grid evidence,power_grid_evidence_signal,power_grid_evidence_raw,0.0,score,0.0,fillna->0; log1p min-max normalized,higher=stronger,0.1,ai_power_grid_country_score,project-local-derived-table,2024,0,fillna_to_zero_before_log1p_minmax
AZE,Azerbaijan,public load/capacity,public_load_capacity_signal,public_load_capacity_raw_twh,0.0,TWh,0.0,fillna->0; log1p min-max normalized,higher=stronger,0.3,country_data_centre_electricity_weighted_allocation_iea,https://www.iea.org/reports/energy-and-ai/energy-demand-from-ai,2024,0,fillna_to_zero_before_log1p_minmax
AZE,Azerbaijan,public project capacity,public_project_capacity_signal,public_project_capacity_raw_mw,0.0,MW,0.0,fillna->0; log1p min-max normalized,higher=stronger,0.15,country_data_centre_electricity_weighted_allocation_iea,https://www.iea.org/reports/energy-and-ai/energy-demand-from-ai,2024,0,fillna_to_zero_before_log1p_minmax
AZE,Azerbaijan,service endpoint,service_endpoint_signal,service_endpoint_raw,0.0,score,0.0,fillna->0; log1p min-max normalized,higher=stronger,0.05,ai_service_endpoint_country_score,project-local-derived-table,2024,0,fillna_to_zero_before_log1p_minmax
BDI,Burundi,AI compute,ai_compute_signal,ai_compute_raw,0.0,score,0.0,fillna->0; log1p min-max normalized,higher=stronger,0.2,country_data_centre_electricity_weighted_allocation_iea,https://www.iea.org/reports/energy-and-ai/energy-demand-from-ai,2024,0,fillna_to_zero_before_log1p_minmax
BDI,Burundi,data-center footprint,data_center_footprint_signal,data_center_footprint_raw,0.0,count,0.0,fillna->0; log1p min-max normalized,higher=stronger,0.2,country_data_centre_electricity_weighted_allocation_iea,https://www.iea.org/reports/energy-and-ai/energy-demand-from-ai,2024,0,fillna_to_zero_before_log1p_minmax
BDI,Burundi,power-grid evidence,power_grid_evidence_signal,power_grid_evidence_raw,0.0,score,0.0,fillna->0; log1p min-max normalized,higher=stronger,0.1,ai_power_grid_country_score,project-local-derived-table,2024,0,fillna_to_zero_before_log1p_minmax
BDI,Burundi,public load/capacity,public_load_capacity_signal,public_load_capacity_raw_twh,0.0,TWh,0.0,fillna->0; log1p min-max normalized,higher=stronger,0.3,country_data_centre_electricity_weighted_allocation_iea,https://www.iea.org/reports/energy-and-ai/energy-demand-from-ai,2024,0,fillna_to_zero_before_log1p_minmax
BDI,Burundi,public project capacity,public_project_capacity_signal,public_project_capacity_raw_mw,0.0,MW,0.0,fillna->0; log1p min-max normalized,higher=stronger,0.15,country_data_centre_electricity_weighted_allocation_iea,https://www.iea.org/reports/energy-and-ai/energy-demand-from-ai,2024,0,fillna_to_zero_before_log1p_minmax
BDI,Burundi,service endpoint,service_endpoint_signal,service_endpoint_raw,0.0,score,0.0,fillna->0; log1p min-max normalized,higher=stronger,0.05,ai_service_endpoint_country_score,project-local-derived-table,2024,0,fillna_to_zero_before_log1p_minmax
BEL,Belgium,AI compute,ai_compute_signal,ai_compute_raw,5.525748715959373,score,0.3557283992790214,fillna->0; log1p min-max normalized,higher=stronger,0.2,country_data_centre_electricity_weighted_allocation_iea,https://www.iea.org/reports/energy-and-ai/energy-demand-from-ai,2024,0,fillna_to_zero_before_log1p_minmax
BEL,Belgium,data-center footprint,data_center_footprint_signal,data_center_footprint_raw,67.75,count,0.5501310896660979,fillna->0; log1p min-max normalized,higher=stronger,0.2,country_data_centre_electricity_weighted_allocation_iea,https://www.iea.org/reports/energy-and-ai/energy-demand-from-ai,2024,0,fillna_to_zero_before_log1p_minmax
BEL,Belgium,power-grid evidence,power_grid_evidence_signal,power_grid_evidence_raw,0.0,score,0.0,fillna->0; log1p min-max normalized,higher=stronger,0.1,ai_power_grid_country_score,project-local-derived-table,2024,0,fillna_to_zero_before_log1p_minmax
BEL,Belgium,public load/capacity,public_load_capacity_signal,public_load_capacity_raw_twh,0.0,TWh,0.0,fillna->0; log1p min-max normalized,higher=stronger,0.3,country_data_centre_electricity_weighted_allocation_iea,https://www.iea.org/reports/energy-and-ai/energy-demand-from-ai,2024,0,fillna_to_zero_before_log1p_minmax
BEL,Belgium,public project capacity,public_project_capacity_signal,public_project_capacity_raw_mw,0.0,MW,0.0,fillna->0; log1p min-max normalized,higher=stronger,0.15,country_data_centre_electricity_weighted_allocation_iea,https://www.iea.org/reports/energy-and-ai/energy-demand-from-ai,2024,0,fillna_to_zero_before_log1p_minmax
BEL,Belgium,service endpoint,service_endpoint_signal,service_endpoint_raw,40.64007915287039,score,0.8080099167556974,fillna->0; log1p min-max normalized,higher=stronger,0.05,ai_service_endpoint_country_score,project-local-derived-table,2024,0,fillna_to_zero_before_log1p_minmax
BEN,Benin,AI compute,ai_compute_signal,ai_compute_raw,0.0,score,0.0,fillna->0; log1p min-max normalized,higher=stronger,0.2,country_data_centre_electricity_weighted_allocation_iea,https://www.iea.org/reports/energy-and-ai/energy-demand-from-ai,2024,0,fillna_to_zero_before_log1p_minmax
BEN,Benin,data-center footprint,data_center_footprint_signal,data_center_footprint_raw,0.0,count,0.0,fillna->0; log1p min-max normalized,higher=stronger,0.2,country_data_centre_electricity_weighted_allocation_iea,https://www.iea.org/reports/energy-and-ai/energy-demand-from-ai,2024,0,fillna_to_zero_before_log1p_minmax
BEN,Benin,power-grid evidence,power_grid_evidence_signal,power_grid_evidence_raw,0.0,score,0.0,fillna->0; log1p min-max normalized,higher=stronger,0.1,ai_power_grid_country_score,project-local-derived-table,2024,0,fillna_to_zero_before_log1p_minmax
BEN,Benin,public load/capacity,public_load_capacity_signal,public_load_capacity_raw_twh,0.0,TWh,0.0,fillna->0; log1p min-max normalized,higher=stronger,0.3,country_data_centre_electricity_weighted_allocation_iea,https://www.iea.org/reports/energy-and-ai/energy-demand-from-ai,2024,0,fillna_to_zero_before_log1p_minmax
BEN,Benin,public project capacity,public_project_capacity_signal,public_project_capacity_raw_mw,0.0,MW,0.0,fillna->0; log1p min-max normalized,higher=stronger,0.15,country_data_centre_electricity_weighted_allocation_iea,https://www.iea.org/reports/energy-and-ai/energy-demand-from-ai,2024,0,fillna_to_zero_before_log1p_minmax
BEN,Benin,service endpoint,service_endpoint_signal,service_endpoint_raw,0.0,score,0.0,fillna->0; log1p min-max normalized,higher=stronger,0.05,ai_service_endpoint_country_score,project-local-derived-table,2024,0,fillna_to_zero_before_log1p_minmax
BFA,Burkina Faso,AI compute,ai_compute_signal,ai_compute_raw,0.0,score,0.0,fillna->0; log1p min-max normalized,higher=stronger,0.2,country_data_centre_electricity_weighted_allocation_iea,https://www.iea.org/reports/energy-and-ai/energy-demand-from-ai,2024,0,fillna_to_zero_before_log1p_minmax
BFA,Burkina Faso,data-center footprint,data_center_footprint_signal,data_center_footprint_raw,0.0,count,0.0,fillna->0; log1p min-max normalized,higher=stronger,0.2,country_data_centre_electricity_weighted_allocation_iea,https://www.iea.org/reports/energy-and-ai/energy-demand-from-ai,2024,0,fillna_to_zero_before_log1p_minmax
BFA,Burkina Faso,power-grid evidence,power_grid_evidence_signal,power_grid_evidence_raw,0.0,score,0.0,fillna->0; log1p min-max normalized,higher=stronger,0.1,ai_power_grid_country_score,project-local-derived-table,2024,0,fillna_to_zero_before_log1p_minmax
BFA,Burkina Faso,public load/capacity,public_load_capacity_signal,public_load_capacity_raw_twh,0.0,TWh,0.0,fillna->0; log1p min-max normalized,higher=stronger,0.3,country_data_centre_electricity_weighted_allocation_iea,https://www.iea.org/reports/energy-and-ai/energy-demand-from-ai,2024,0,fillna_to_zero_before_log1p_minmax
BFA,Burkina Faso,public project capacity,public_project_capacity_signal,public_project_capacity_raw_mw,0.0,MW,0.0,fillna->0; log1p min-max normalized,higher=stronger,0.15,country_data_centre_electricity_weighted_allocation_iea,https://www.iea.org/reports/energy-and-ai/energy-demand-from-ai,2024,0,fillna_to_zero_before_log1p_minmax
BFA,Burkina Faso,service endpoint,service_endpoint_signal,service_endpoint_raw,0.0,score,0.0,fillna->0; log1p min-max normalized,higher=stronger,0.05,ai_service_endpoint_country_score,project-local-derived-table,2024,0,fillna_to_zero_before_log1p_minmax
BGD,Bangladesh,AI compute,ai_compute_signal,ai_compute_raw,0.0,score,0.0,fillna->0; log1p min-max normalized,higher=stronger,0.2,country_data_centre_electricity_weighted_allocation_iea,https://www.iea.org/reports/energy-and-ai/energy-demand-from-ai,2024,0,fillna_to_zero_before_log1p_minmax
BGD,Bangladesh,data-center footprint,data_center_footprint_signal,data_center_footprint_raw,7.5,count,0.2782941507067091,fillna->0; log1p min-max normalized,higher=stronger,0.2,country_data_centre_electricity_weighted_allocation_iea,https://www.iea.org/reports/energy-and-ai/energy-demand-from-ai,2024,0,fillna_to_zero_before_log1p_minmax
BGD,Bangladesh,power-grid evidence,power_grid_evidence_signal,power_grid_evidence_raw,0.0,score,0.0,fillna->0; log1p min-max normalized,higher=stronger,0.1,ai_power_grid_country_score,project-local-derived-table,2024,0,fillna_to_zero_before_log1p_minmax
BGD,Bangladesh,public load/capacity,public_load_capacity_signal,public_load_capacity_raw_twh,0.0,TWh,0.0,fillna->0; log1p min-max normalized,higher=stronger,0.3,country_data_centre_electricity_weighted_allocation_iea,https://www.iea.org/reports/energy-and-ai/energy-demand-from-ai,2024,0,fillna_to_zero_before_log1p_minmax
BGD,Bangladesh,public project capacity,public_project_capacity_signal,public_project_capacity_raw_mw,0.0,MW,0.0,fillna->0; log1p min-max normalized,higher=stronger,0.15,country_data_centre_electricity_weighted_allocation_iea,https://www.iea.org/reports/energy-and-ai/energy-demand-from-ai,2024,0,fillna_to_zero_before_log1p_minmax
BGD,Bangladesh,service endpoint,service_endpoint_signal,service_endpoint_raw,0.0,score,0.0,fillna->0; log1p min-max normalized,higher=stronger,0.05,ai_service_endpoint_country_score,project-local-derived-table,2024,0,fillna_to_zero_before_log1p_minmax
BGR,Bulgaria,AI compute,ai_compute_signal,ai_compute_raw,0.0,score,0.0,fillna->0; log1p min-max normalized,higher=stronger,0.2,country_data_centre_electricity_weighted_allocation_iea,https://www.iea.org/reports/energy-and-ai/energy-demand-from-ai,2024,0,fillna_to_zero_before_log1p_minmax
BGR,Bulgaria,data-center footprint,data_center_footprint_signal,data_center_footprint_raw,10.0,count,0.3118222416716501,fillna->0; log1p min-max normalized,higher=stronger,0.2,country_data_centre_electricity_weighted_allocation_iea,https://www.iea.org/reports/energy-and-ai/energy-demand-from-ai,2024,0,fillna_to_zero_before_log1p_minmax
BGR,Bulgaria,power-grid evidence,power_grid_evidence_signal,power_grid_evidence_raw,0.0,score,0.0,fillna->0; log1p min-max normalized,higher=stronger,0.1,ai_power_grid_country_score,project-local-derived-table,2024,0,fillna_to_zero_before_log1p_minmax
BGR,Bulgaria,public load/capacity,public_load_capacity_signal,public_load_capacity_raw_twh,0.0,TWh,0.0,fillna->0; log1p min-max normalized,higher=stronger,0.3,country_data_centre_electricity_weighted_allocation_iea,https://www.iea.org/reports/energy-and-ai/energy-demand-from-ai,2024,0,fillna_to_zero_before_log1p_minmax
BGR,Bulgaria,public project capacity,public_project_capacity_signal,public_project_capacity_raw_mw,0.0,MW,0.0,fillna->0; log1p min-max normalized,higher=stronger,0.15,country_data_centre_electricity_weighted_allocation_iea,https://www.iea.org/reports/energy-and-ai/energy-demand-from-ai,2024,0,fillna_to_zero_before_log1p_minmax
BGR,Bulgaria,service endpoint,service_endpoint_signal,service_endpoint_raw,0.0,score,0.0,fillna->0; log1p min-max normalized,higher=stronger,0.05,ai_service_endpoint_country_score,project-local-derived-table,2024,0,fillna_to_zero_before_log1p_minmax
BHR,Bahrain,AI compute,ai_compute_signal,ai_compute_raw,2.5,score,0.2375807080167088,fillna->0; log1p min-max normalized,higher=stronger,0.2,country_data_centre_electricity_weighted_allocation_iea,https://www.iea.org/reports/energy-and-ai/energy-demand-from-ai,2024,0,fillna_to_zero_before_log1p_minmax
BHR,Bahrain,data-center footprint,data_center_footprint_signal,data_center_footprint_raw,0.0,count,0.0,fillna->0; log1p min-max normalized,higher=stronger,0.2,country_data_centre_electricity_weighted_allocation_iea,https://www.iea.org/reports/energy-and-ai/energy-demand-from-ai,2024,0,fillna_to_zero_before_log1p_minmax
BHR,Bahrain,power-grid evidence,power_grid_evidence_signal,power_grid_evidence_raw,0.0,score,0.0,fillna->0; log1p min-max normalized,higher=stronger,0.1,ai_power_grid_country_score,project-local-derived-table,2024,0,fillna_to_zero_before_log1p_minmax
BHR,Bahrain,public load/capacity,public_load_capacity_signal,public_load_capacity_raw_twh,0.0,TWh,0.0,fillna->0; log1p min-max normalized,higher=stronger,0.3,country_data_centre_electricity_weighted_allocation_iea,https://www.iea.org/reports/energy-and-ai/energy-demand-from-ai,2024,0,fillna_to_zero_before_log1p_minmax
BHR,Bahrain,public project capacity,public_project_capacity_signal,public_project_capacity_raw_mw,0.0,MW,0.0,fillna->0; log1p min-max normalized,higher=stronger,0.15,country_data_centre_electricity_weighted_allocation_iea,https://www.iea.org/reports/energy-and-ai/energy-demand-from-ai,2024,0,fillna_to_zero_before_log1p_minmax
BHR,Bahrain,service endpoint,service_endpoint_signal,service_endpoint_raw,0.0,score,0.0,fillna->0; log1p min-max normalized,higher=stronger,0.05,ai_service_endpoint_country_score,project-local-derived-table,2024,0,fillna_to_zero_before_log1p_minmax
BHS,"Bahamas, The",AI compute,ai_compute_signal,ai_compute_raw,0.0,score,0.0,fillna->0; log1p min-max normalized,higher=stronger,0.2,country_data_centre_electricity_weighted_allocation_iea,https://www.iea.org/reports/energy-and-ai/energy-demand-from-ai,2024,0,fillna_to_zero_before_log1p_minmax
BHS,"Bahamas, The",data-center footprint,data_center_footprint_signal,data_center_footprint_raw,0.0,count,0.0,fillna->0; log1p min-max normalized,higher=stronger,0.2,country_data_centre_electricity_weighted_allocation_iea,https://www.iea.org/reports/energy-and-ai/energy-demand-from-ai,2024,0,fillna_to_zero_before_log1p_minmax
BHS,"Bahamas, The",power-grid evidence,power_grid_evidence_signal,power_grid_evidence_raw,0.0,score,0.0,fillna->0; log1p min-max normalized,higher=stronger,0.1,ai_power_grid_country_score,project-local-derived-table,2024,0,fillna_to_zero_before_log1p_minmax
BHS,"Bahamas, The",public load/capacity,public_load_capacity_signal,public_load_capacity_raw_twh,0.0,TWh,0.0,fillna->0; log1p min-max normalized,higher=stronger,0.3,country_data_centre_electricity_weighted_allocation_iea,https://www.iea.org/reports/energy-and-ai/energy-demand-from-ai,2024,0,fillna_to_zero_before_log1p_minmax
BHS,"Bahamas, The",public project capacity,public_project_capacity_signal,public_project_capacity_raw_mw,0.0,MW,0.0,fillna->0; log1p min-max normalized,higher=stronger,0.15,country_data_centre_electricity_weighted_allocation_iea,https://www.iea.org/reports/energy-and-ai/energy-demand-from-ai,2024,0,fillna_to_zero_before_log1p_minmax
BHS,"Bahamas, The",service endpoint,service_endpoint_signal,service_endpoint_raw,0.0,score,0.0,fillna->0; log1p min-max normalized,higher=stronger,0.05,ai_service_endpoint_country_score,project-local-derived-table,2024,0,fillna_to_zero_before_log1p_minmax
BIH,Bosnia and Herzegovina,AI compute,ai_compute_signal,ai_compute_raw,0.0,score,0.0,fillna->0; log1p min-max normalized,higher=stronger,0.2,country_data_centre_electricity_weighted_allocation_iea,https://www.iea.org/reports/energy-and-ai/energy-demand-from-ai,2024,0,fillna_to_zero_before_log1p_minmax
BIH,Bosnia and Herzegovina,data-center footprint,data_center_footprint_signal,data_center_footprint_raw,0.0,count,0.0,fillna->0; log1p min-max normalized,higher=stronger,0.2,country_data_centre_electricity_weighted_allocation_iea,https://www.iea.org/reports/energy-and-ai/energy-demand-from-ai,2024,0,fillna_to_zero_before_log1p_minmax
BIH,Bosnia and Herzegovina,power-grid evidence,power_grid_evidence_signal,power_grid_evidence_raw,0.0,score,0.0,fillna->0; log1p min-max normalized,higher=stronger,0.1,ai_power_grid_country_score,project-local-derived-table,2024,0,fillna_to_zero_before_log1p_minmax
BIH,Bosnia and Herzegovina,public load/capacity,public_load_capacity_signal,public_load_capacity_raw_twh,0.0,TWh,0.0,fillna->0; log1p min-max normalized,higher=stronger,0.3,country_data_centre_electricity_weighted_allocation_iea,https://www.iea.org/reports/energy-and-ai/energy-demand-from-ai,2024,0,fillna_to_zero_before_log1p_minmax
BIH,Bosnia and Herzegovina,public project capacity,public_project_capacity_signal,public_project_capacity_raw_mw,0.0,MW,0.0,fillna->0; log1p min-max normalized,higher=stronger,0.15,country_data_centre_electricity_weighted_allocation_iea,https://www.iea.org/reports/energy-and-ai/energy-demand-from-ai,2024,0,fillna_to_zero_before_log1p_minmax
BIH,Bosnia and Herzegovina,service endpoint,service_endpoint_signal,service_endpoint_raw,0.0,score,0.0,fillna->0; log1p min-max normalized,higher=stronger,0.05,ai_service_endpoint_country_score,project-local-derived-table,2024,0,fillna_to_zero_before_log1p_minmax
BLZ,Belize,AI compute,ai_compute_signal,ai_compute_raw,0.0,score,0.0,fillna->0; log1p min-max normalized,higher=stronger,0.2,country_data_centre_electricity_weighted_allocation_iea,https://www.iea.org/reports/energy-and-ai/energy-demand-from-ai,2024,0,fillna_to_zero_before_log1p_minmax
BLZ,Belize,data-center footprint,data_center_footprint_signal,data_center_footprint_raw,0.0,count,0.0,fillna->0; log1p min-max normalized,higher=stronger,0.2,country_data_centre_electricity_weighted_allocation_iea,https://www.iea.org/reports/energy-and-ai/energy-demand-from-ai,2024,0,fillna_to_zero_before_log1p_minmax
BLZ,Belize,power-grid evidence,power_grid_evidence_signal,power_grid_evidence_raw,0.0,score,0.0,fillna->0; log1p min-max normalized,higher=stronger,0.1,ai_power_grid_country_score,project-local-derived-table,2024,0,fillna_to_zero_before_log1p_minmax
BLZ,Belize,public load/capacity,public_load_capacity_signal,public_load_capacity_raw_twh,0.0,TWh,0.0,fillna->0; log1p min-max normalized,higher=stronger,0.3,country_data_centre_electricity_weighted_allocation_iea,https://www.iea.org/reports/energy-and-ai/energy-demand-from-ai,2024,0,fillna_to_zero_before_log1p_minmax
BLZ,Belize,public project capacity,public_project_capacity_signal,public_project_capacity_raw_mw,0.0,MW,0.0,fillna->0; log1p min-max normalized,higher=stronger,0.15,country_data_centre_electricity_weighted_allocation_iea,https://www.iea.org/reports/energy-and-ai/energy-demand-from-ai,2024,0,fillna_to_zero_before_log1p_minmax
BLZ,Belize,service endpoint,service_endpoint_signal,service_endpoint_raw,0.0,score,0.0,fillna->0; log1p min-max normalized,higher=stronger,0.05,ai_service_endpoint_country_score,project-local-derived-table,2024,0,fillna_to_zero_before_log1p_minmax
BMU,Bermuda,AI compute,ai_compute_signal,ai_compute_raw,0.0,score,0.0,fillna->0; log1p min-max normalized,higher=stronger,0.2,country_data_centre_electricity_weighted_allocation_iea,https://www.iea.org/reports/energy-and-ai/energy-demand-from-ai,2024,0,fillna_to_zero_before_log1p_minmax
BMU,Bermuda,data-center footprint,data_center_footprint_signal,data_center_footprint_raw,0.0,count,0.0,fillna->0; log1p min-max normalized,higher=stronger,0.2,country_data_centre_electricity_weighted_allocation_iea,https://www.iea.org/reports/energy-and-ai/energy-demand-from-ai,2024,0,fillna_to_zero_before_log1p_minmax
BMU,Bermuda,power-grid evidence,power_grid_evidence_signal,power_grid_evidence_raw,0.0,score,0.0,fillna->0; log1p min-max normalized,higher=stronger,0.1,ai_power_grid_country_score,project-local-derived-table,2024,0,fillna_to_zero_before_log1p_minmax
BMU,Bermuda,public load/capacity,public_load_capacity_signal,public_load_capacity_raw_twh,0.0,TWh,0.0,fillna->0; log1p min-max normalized,higher=stronger,0.3,country_data_centre_electricity_weighted_allocation_iea,https://www.iea.org/reports/energy-and-ai/energy-demand-from-ai,2024,0,fillna_to_zero_before_log1p_minmax
BMU,Bermuda,public project capacity,public_project_capacity_signal,public_project_capacity_raw_mw,0.0,MW,0.0,fillna->0; log1p min-max normalized,higher=stronger,0.15,country_data_centre_electricity_weighted_allocation_iea,https://www.iea.org/reports/energy-and-ai/energy-demand-from-ai,2024,0,fillna_to_zero_before_log1p_minmax
BMU,Bermuda,service endpoint,service_endpoint_signal,service_endpoint_raw,0.0,score,0.0,fillna->0; log1p min-max normalized,higher=stronger,0.05,ai_service_endpoint_country_score,project-local-derived-table,2024,0,fillna_to_zero_before_log1p_minmax
BOL,Bolivia,AI compute,ai_compute_signal,ai_compute_raw,0.0,score,0.0,fillna->0; log1p min-max normalized,higher=stronger,0.2,country_data_centre_electricity_weighted_allocation_iea,https://www.iea.org/reports/energy-and-ai/energy-demand-from-ai,2024,0,fillna_to_zero_before_log1p_minmax
BOL,Bolivia,data-center footprint,data_center_footprint_signal,data_center_footprint_raw,0.0,count,0.0,fillna->0; log1p min-max normalized,higher=stronger,0.2,country_data_centre_electricity_weighted_allocation_iea,https://www.iea.org/reports/energy-and-ai/energy-demand-from-ai,2024,0,fillna_to_zero_before_log1p_minmax
BOL,Bolivia,power-grid evidence,power_grid_evidence_signal,power_grid_evidence_raw,0.0,score,0.0,fillna->0; log1p min-max normalized,higher=stronger,0.1,ai_power_grid_country_score,project-local-derived-table,2024,0,fillna_to_zero_before_log1p_minmax
BOL,Bolivia,public load/capacity,public_load_capacity_signal,public_load_capacity_raw_twh,0.0,TWh,0.0,fillna->0; log1p min-max normalized,higher=stronger,0.3,country_data_centre_electricity_weighted_allocation_iea,https://www.iea.org/reports/energy-and-ai/energy-demand-from-ai,2024,0,fillna_to_zero_before_log1p_minmax
BOL,Bolivia,public project capacity,public_project_capacity_signal,public_project_capacity_raw_mw,0.0,MW,0.0,fillna->0; log1p min-max normalized,higher=stronger,0.15,country_data_centre_electricity_weighted_allocation_iea,https://www.iea.org/reports/energy-and-ai/energy-demand-from-ai,2024,0,fillna_to_zero_before_log1p_minmax
BOL,Bolivia,service endpoint,service_endpoint_signal,service_endpoint_raw,0.0,score,0.0,fillna->0; log1p min-max normalized,higher=stronger,0.05,ai_service_endpoint_country_score,project-local-derived-table,2024,0,fillna_to_zero_before_log1p_minmax
BRA,Brazil,AI compute,ai_compute_signal,ai_compute_raw,14.55209026575444,score,0.520423910783307,fillna->0; log1p min-max normalized,higher=stronger,0.2,country_data_centre_electricity_weighted_allocation_iea,https://www.iea.org/reports/energy-and-ai/energy-demand-from-ai,2024,0,fillna_to_zero_before_log1p_minmax
BRA,Brazil,data-center footprint,data_center_footprint_signal,data_center_footprint_raw,82.75,count,0.5757957055784231,fillna->0; log1p min-max normalized,higher=stronger,0.2,country_data_centre_electricity_weighted_allocation_iea,https://www.iea.org/reports/energy-and-ai/energy-demand-from-ai,2024,0,fillna_to_zero_before_log1p_minmax
BRA,Brazil,power-grid evidence,power_grid_evidence_signal,power_grid_evidence_raw,0.0,score,0.0,fillna->0; log1p min-max normalized,higher=stronger,0.1,ai_power_grid_country_score,project-local-derived-table,2024,0,fillna_to_zero_before_log1p_minmax
BRA,Brazil,public load/capacity,public_load_capacity_signal,public_load_capacity_raw_twh,0.0,TWh,0.0,fillna->0; log1p min-max normalized,higher=stronger,0.3,country_data_centre_electricity_weighted_allocation_iea,https://www.iea.org/reports/energy-and-ai/energy-demand-from-ai,2024,0,fillna_to_zero_before_log1p_minmax
BRA,Brazil,public project capacity,public_project_capacity_signal,public_project_capacity_raw_mw,0.0,MW,0.0,fillna->0; log1p min-max normalized,higher=stronger,0.15,country_data_centre_electricity_weighted_allocation_iea,https://www.iea.org/reports/energy-and-ai/energy-demand-from-ai,2024,0,fillna_to_zero_before_log1p_minmax
BRA,Brazil,service endpoint,service_endpoint_signal,service_endpoint_raw,62.56959391725787,score,0.8996807900929544,fillna->0; log1p min-max normalized,higher=stronger,0.05,ai_service_endpoint_country_score,project-local-derived-table,2024,0,fillna_to_zero_before_log1p_minmax
BRB,Barbados,AI compute,ai_compute_signal,ai_compute_raw,0.0,score,0.0,fillna->0; log1p min-max normalized,higher=stronger,0.2,country_data_centre_electricity_weighted_allocation_iea,https://www.iea.org/reports/energy-and-ai/energy-demand-from-ai,2024,0,fillna_to_zero_before_log1p_minmax
BRB,Barbados,data-center footprint,data_center_footprint_signal,data_center_footprint_raw,0.0,count,0.0,fillna->0; log1p min-max normalized,higher=stronger,0.2,country_data_centre_electricity_weighted_allocation_iea,https://www.iea.org/reports/energy-and-ai/energy-demand-from-ai,2024,0,fillna_to_zero_before_log1p_minmax
BRB,Barbados,power-grid evidence,power_grid_evidence_signal,power_grid_evidence_raw,0.0,score,0.0,fillna->0; log1p min-max normalized,higher=stronger,0.1,ai_power_grid_country_score,project-local-derived-table,2024,0,fillna_to_zero_before_log1p_minmax
BRB,Barbados,public load/capacity,public_load_capacity_signal,public_load_capacity_raw_twh,0.0,TWh,0.0,fillna->0; log1p min-max normalized,higher=stronger,0.3,country_data_centre_electricity_weighted_allocation_iea,https://www.iea.org/reports/energy-and-ai/energy-demand-from-ai,2024,0,fillna_to_zero_before_log1p_minmax
BRB,Barbados,public project capacity,public_project_capacity_signal,public_project_capacity_raw_mw,0.0,MW,0.0,fillna->0; log1p min-max normalized,higher=stronger,0.15,country_data_centre_electricity_weighted_allocation_iea,https://www.iea.org/reports/energy-and-ai/energy-demand-from-ai,2024,0,fillna_to_zero_before_log1p_minmax
BRB,Barbados,service endpoint,service_endpoint_signal,service_endpoint_raw,0.0,score,0.0,fillna->0; log1p min-max normalized,higher=stronger,0.05,ai_service_endpoint_country_score,project-local-derived-table,2024,0,fillna_to_zero_before_log1p_minmax
BRN,Brunei Darussalam,AI compute,ai_compute_signal,ai_compute_raw,0.0,score,0.0,fillna->0; log1p min-max normalized,higher=stronger,0.2,country_data_centre_electricity_weighted_allocation_iea,https://www.iea.org/reports/energy-and-ai/energy-demand-from-ai,2024,0,fillna_to_zero_before_log1p_minmax
BRN,Brunei Darussalam,data-center footprint,data_center_footprint_signal,data_center_footprint_raw,0.0,count,0.0,fillna->0; log1p min-max normalized,higher=stronger,0.2,country_data_centre_electricity_weighted_allocation_iea,https://www.iea.org/reports/energy-and-ai/energy-demand-from-ai,2024,0,fillna_to_zero_before_log1p_minmax
BRN,Brunei Darussalam,power-grid evidence,power_grid_evidence_signal,power_grid_evidence_raw,0.0,score,0.0,fillna->0; log1p min-max normalized,higher=stronger,0.1,ai_power_grid_country_score,project-local-derived-table,2024,0,fillna_to_zero_before_log1p_minmax
BRN,Brunei Darussalam,public load/capacity,public_load_capacity_signal,public_load_capacity_raw_twh,0.0,TWh,0.0,fillna->0; log1p min-max normalized,higher=stronger,0.3,country_data_centre_electricity_weighted_allocation_iea,https://www.iea.org/reports/energy-and-ai/energy-demand-from-ai,2024,0,fillna_to_zero_before_log1p_minmax
BRN,Brunei Darussalam,public project capacity,public_project_capacity_signal,public_project_capacity_raw_mw,0.0,MW,0.0,fillna->0; log1p min-max normalized,higher=stronger,0.15,country_data_centre_electricity_weighted_allocation_iea,https://www.iea.org/reports/energy-and-ai/energy-demand-from-ai,2024,0,fillna_to_zero_before_log1p_minmax
BRN,Brunei Darussalam,service endpoint,service_endpoint_signal,service_endpoint_raw,0.0,score,0.0,fillna->0; log1p min-max normalized,higher=stronger,0.05,ai_service_endpoint_country_score,project-local-derived-table,2024,0,fillna_to_zero_before_log1p_minmax
BTN,Bhutan,AI compute,ai_compute_signal,ai_compute_raw,0.0,score,0.0,fillna->0; log1p min-max normalized,higher=stronger,0.2,country_data_centre_electricity_weighted_allocation_iea,https://www.iea.org/reports/energy-and-ai/energy-demand-from-ai,2024,0,fillna_to_zero_before_log1p_minmax
BTN,Bhutan,data-center footprint,data_center_footprint_signal,data_center_footprint_raw,1.75,count,0.1315485574099101,fillna->0; log1p min-max normalized,higher=stronger,0.2,country_data_centre_electricity_weighted_allocation_iea,https://www.iea.org/reports/energy-and-ai/energy-demand-from-ai,2024,0,fillna_to_zero_before_log1p_minmax
BTN,Bhutan,power-grid evidence,power_grid_evidence_signal,power_grid_evidence_raw,0.0,score,0.0,fillna->0; log1p min-max normalized,higher=stronger,0.1,ai_power_grid_country_score,project-local-derived-table,2024,0,fillna_to_zero_before_log1p_minmax
BTN,Bhutan,public load/capacity,public_load_capacity_signal,public_load_capacity_raw_twh,0.0,TWh,0.0,fillna->0; log1p min-max normalized,higher=stronger,0.3,country_data_centre_electricity_weighted_allocation_iea,https://www.iea.org/reports/energy-and-ai/energy-demand-from-ai,2024,0,fillna_to_zero_before_log1p_minmax
BTN,Bhutan,public project capacity,public_project_capacity_signal,public_project_capacity_raw_mw,0.0,MW,0.0,fillna->0; log1p min-max normalized,higher=stronger,0.15,country_data_centre_electricity_weighted_allocation_iea,https://www.iea.org/reports/energy-and-ai/energy-demand-from-ai,2024,0,fillna_to_zero_before_log1p_minmax
BTN,Bhutan,service endpoint,service_endpoint_signal,service_endpoint_raw,0.0,score,0.0,fillna->0; log1p min-max normalized,higher=stronger,0.05,ai_service_endpoint_country_score,project-local-derived-table,2024,0,fillna_to_zero_before_log1p_minmax
BWA,Botswana,AI compute,ai_compute_signal,ai_compute_raw,0.0,score,0.0,fillna->0; log1p min-max normalized,higher=stronger,0.2,country_data_centre_electricity_weighted_allocation_iea,https://www.iea.org/reports/energy-and-ai/energy-demand-from-ai,2024,0,fillna_to_zero_before_log1p_minmax
BWA,Botswana,data-center footprint,data_center_footprint_signal,data_center_footprint_raw,0.0,count,0.0,fillna->0; log1p min-max normalized,higher=stronger,0.2,country_data_centre_electricity_weighted_allocation_iea,https://www.iea.org/reports/energy-and-ai/energy-demand-from-ai,2024,0,fillna_to_zero_before_log1p_minmax
BWA,Botswana,power-grid evidence,power_grid_evidence_signal,power_grid_evidence_raw,0.0,score,0.0,fillna->0; log1p min-max normalized,higher=stronger,0.1,ai_power_grid_country_score,project-local-derived-table,2024,0,fillna_to_zero_before_log1p_minmax
BWA,Botswana,public load/capacity,public_load_capacity_signal,public_load_capacity_raw_twh,0.0,TWh,0.0,fillna->0; log1p min-max normalized,higher=stronger,0.3,country_data_centre_electricity_weighted_allocation_iea,https://www.iea.org/reports/energy-and-ai/energy-demand-from-ai,2024,0,fillna_to_zero_before_log1p_minmax
BWA,Botswana,public project capacity,public_project_capacity_signal,public_project_capacity_raw_mw,0.0,MW,0.0,fillna->0; log1p min-max normalized,higher=stronger,0.15,country_data_centre_electricity_weighted_allocation_iea,https://www.iea.org/reports/energy-and-ai/energy-demand-from-ai,2024,0,fillna_to_zero_before_log1p_minmax
BWA,Botswana,service endpoint,service_endpoint_signal,service_endpoint_raw,0.0,score,0.0,fillna->0; log1p min-max normalized,higher=stronger,0.05,ai_service_endpoint_country_score,project-local-derived-table,2024,0,fillna_to_zero_before_log1p_minmax
CAN,Canada,AI compute,ai_compute_signal,ai_compute_raw,20.108253920032112,score,0.5783547127520533,fillna->0; log1p min-max normalized,higher=stronger,0.2,country_data_centre_electricity_weighted_allocation_iea,https://www.iea.org/reports/energy-and-ai/energy-demand-from-ai,2024,0,fillna_to_zero_before_log1p_minmax
CAN,Canada,data-center footprint,data_center_footprint_signal,data_center_footprint_raw,123.25,count,0.6270912084086532,fillna->0; log1p min-max normalized,higher=stronger,0.2,country_data_centre_electricity_weighted_allocation_iea,https://www.iea.org/reports/energy-and-ai/energy-demand-from-ai,2024,0,fillna_to_zero_before_log1p_minmax
CAN,Canada,power-grid evidence,power_grid_evidence_signal,power_grid_evidence_raw,0.0,score,0.0,fillna->0; log1p min-max normalized,higher=stronger,0.1,ai_power_grid_country_score,project-local-derived-table,2024,0,fillna_to_zero_before_log1p_minmax
CAN,Canada,public load/capacity,public_load_capacity_signal,public_load_capacity_raw_twh,0.0,TWh,0.0,fillna->0; log1p min-max normalized,higher=stronger,0.3,country_data_centre_electricity_weighted_allocation_iea,https://www.iea.org/reports/energy-and-ai/energy-demand-from-ai,2024,0,fillna_to_zero_before_log1p_minmax
CAN,Canada,public project capacity,public_project_capacity_signal,public_project_capacity_raw_mw,0.0,MW,0.0,fillna->0; log1p min-max normalized,higher=stronger,0.15,country_data_centre_electricity_weighted_allocation_iea,https://www.iea.org/reports/energy-and-ai/energy-demand-from-ai,2024,0,fillna_to_zero_before_log1p_minmax
CAN,Canada,service endpoint,service_endpoint_signal,service_endpoint_raw,63.25191137280613,score,0.9019940989916104,fillna->0; log1p min-max normalized,higher=stronger,0.05,ai_service_endpoint_country_score,project-local-derived-table,2024,0,fillna_to_zero_before_log1p_minmax
CHE,Switzerland,AI compute,ai_compute_signal,ai_compute_raw,12.468920818146582,score,0.4931509742977665,fillna->0; log1p min-max normalized,higher=stronger,0.2,country_data_centre_electricity_weighted_allocation_iea,https://www.iea.org/reports/energy-and-ai/energy-demand-from-ai,2024,0,fillna_to_zero_before_log1p_minmax
CHE,Switzerland,data-center footprint,data_center_footprint_signal,data_center_footprint_raw,47.0,count,0.5034108832343318,fillna->0; log1p min-max normalized,higher=stronger,0.2,country_data_centre_electricity_weighted_allocation_iea,https://www.iea.org/reports/energy-and-ai/energy-demand-from-ai,2024,0,fillna_to_zero_before_log1p_minmax
CHE,Switzerland,power-grid evidence,power_grid_evidence_signal,power_grid_evidence_raw,0.0,score,0.0,fillna->0; log1p min-max normalized,higher=stronger,0.1,ai_power_grid_country_score,project-local-derived-table,2024,0,fillna_to_zero_before_log1p_minmax
CHE,Switzerland,public load/capacity,public_load_capacity_signal,public_load_capacity_raw_twh,0.0,TWh,0.0,fillna->0; log1p min-max normalized,higher=stronger,0.3,country_data_centre_electricity_weighted_allocation_iea,https://www.iea.org/reports/energy-and-ai/energy-demand-from-ai,2024,0,fillna_to_zero_before_log1p_minmax
CHE,Switzerland,public project capacity,public_project_capacity_signal,public_project_capacity_raw_mw,0.0,MW,0.0,fillna->0; log1p min-max normalized,higher=stronger,0.15,country_data_centre_electricity_weighted_allocation_iea,https://www.iea.org/reports/energy-and-ai/energy-demand-from-ai,2024,0,fillna_to_zero_before_log1p_minmax
CHE,Switzerland,service endpoint,service_endpoint_signal,service_endpoint_raw,60.776365096066826,score,0.8934806435618676,fillna->0; log1p min-max normalized,higher=stronger,0.05,ai_service_endpoint_country_score,project-local-derived-table,2024,0,fillna_to_zero_before_log1p_minmax
CHL,Chile,AI compute,ai_compute_signal,ai_compute_raw,1.4220907271469918,score,0.1677662010403286,fillna->0; log1p min-max normalized,higher=stronger,0.2,country_data_centre_electricity_weighted_allocation_iea,https://www.iea.org/reports/energy-and-ai/energy-demand-from-ai,2024,0,fillna_to_zero_before_log1p_minmax
CHL,Chile,data-center footprint,data_center_footprint_signal,data_center_footprint_raw,31.5,count,0.4527003746861086,fillna->0; log1p min-max normalized,higher=stronger,0.2,country_data_centre_electricity_weighted_allocation_iea,https://www.iea.org/reports/energy-and-ai/energy-demand-from-ai,2024,0,fillna_to_zero_before_log1p_minmax
CHL,Chile,power-grid evidence,power_grid_evidence_signal,power_grid_evidence_raw,0.0,score,0.0,fillna->0; log1p min-max normalized,higher=stronger,0.1,ai_power_grid_country_score,project-local-derived-table,2024,0,fillna_to_zero_before_log1p_minmax
CHL,Chile,public load/capacity,public_load_capacity_signal,public_load_capacity_raw_twh,0.0,TWh,0.0,fillna->0; log1p min-max normalized,higher=stronger,0.3,country_data_centre_electricity_weighted_allocation_iea,https://www.iea.org/reports/energy-and-ai/energy-demand-from-ai,2024,0,fillna_to_zero_before_log1p_minmax
CHL,Chile,public project capacity,public_project_capacity_signal,public_project_capacity_raw_mw,0.0,MW,0.0,fillna->0; log1p min-max normalized,higher=stronger,0.15,country_data_centre_electricity_weighted_allocation_iea,https://www.iea.org/reports/energy-and-ai/energy-demand-from-ai,2024,0,fillna_to_zero_before_log1p_minmax
CHL,Chile,service endpoint,service_endpoint_signal,service_endpoint_raw,0.0,score,0.0,fillna->0; log1p min-max normalized,higher=stronger,0.05,ai_service_endpoint_country_score,project-local-derived-table,2024,0,fillna_to_zero_before_log1p_minmax
CHN,China,AI compute,ai_compute_signal,ai_compute_raw,5.150288531869034,score,0.3444906407243764,fillna->0; log1p min-max normalized,higher=stronger,0.2,country_data_centre_electricity_weighted_allocation_iea,https://www.iea.org/reports/energy-and-ai/energy-demand-from-ai,2024,0,fillna_to_zero_before_log1p_minmax
CHN,China,data-center footprint,data_center_footprint_signal,data_center_footprint_raw,162.5,count,0.6627894345750285,fillna->0; log1p min-max normalized,higher=stronger,0.2,country_data_centre_electricity_weighted_allocation_iea,https://www.iea.org/reports/energy-and-ai/energy-demand-from-ai,2024,0,fillna_to_zero_before_log1p_minmax
CHN,China,power-grid evidence,power_grid_evidence_signal,power_grid_evidence_raw,0.0,score,0.0,fillna->0; log1p min-max normalized,higher=stronger,0.1,ai_power_grid_country_score,project-local-derived-table,2024,0,fillna_to_zero_before_log1p_minmax
CHN,China,public load/capacity,public_load_capacity_signal,public_load_capacity_raw_twh,0.0,TWh,0.0,fillna->0; log1p min-max normalized,higher=stronger,0.3,country_data_centre_electricity_weighted_allocation_iea,https://www.iea.org/reports/energy-and-ai/energy-demand-from-ai,2024,0,fillna_to_zero_before_log1p_minmax
CHN,China,public project capacity,public_project_capacity_signal,public_project_capacity_raw_mw,0.0,MW,0.0,fillna->0; log1p min-max normalized,higher=stronger,0.15,country_data_centre_electricity_weighted_allocation_iea,https://www.iea.org/reports/energy-and-ai/energy-demand-from-ai,2024,0,fillna_to_zero_before_log1p_minmax
CHN,China,service endpoint,service_endpoint_signal,service_endpoint_raw,0.0,score,0.0,fillna->0; log1p min-max normalized,higher=stronger,0.05,ai_service_endpoint_country_score,project-local-derived-table,2024,0,fillna_to_zero_before_log1p_minmax
CIV,Cote d'Ivoire,AI compute,ai_compute_signal,ai_compute_raw,0.0,score,0.0,fillna->0; log1p min-max normalized,higher=stronger,0.2,country_data_centre_electricity_weighted_allocation_iea,https://www.iea.org/reports/energy-and-ai/energy-demand-from-ai,2024,0,fillna_to_zero_before_log1p_minmax
CIV,Cote d'Ivoire,data-center footprint,data_center_footprint_signal,data_center_footprint_raw,1.75,count,0.1315485574099101,fillna->0; log1p min-max normalized,higher=stronger,0.2,country_data_centre_electricity_weighted_allocation_iea,https://www.iea.org/reports/energy-and-ai/energy-demand-from-ai,2024,0,fillna_to_zero_before_log1p_minmax
CIV,Cote d'Ivoire,power-grid evidence,power_grid_evidence_signal,power_grid_evidence_raw,0.0,score,0.0,fillna->0; log1p min-max normalized,higher=stronger,0.1,ai_power_grid_country_score,project-local-derived-table,2024,0,fillna_to_zero_before_log1p_minmax
CIV,Cote d'Ivoire,public load/capacity,public_load_capacity_signal,public_load_capacity_raw_twh,0.0,TWh,0.0,fillna->0; log1p min-max normalized,higher=stronger,0.3,country_data_centre_electricity_weighted_allocation_iea,https://www.iea.org/reports/energy-and-ai/energy-demand-from-ai,2024,0,fillna_to_zero_before_log1p_minmax
CIV,Cote d'Ivoire,public project capacity,public_project_capacity_signal,public_project_capacity_raw_mw,0.0,MW,0.0,fillna->0; log1p min-max normalized,higher=stronger,0.15,country_data_centre_electricity_weighted_allocation_iea,https://www.iea.org/reports/energy-and-ai/energy-demand-from-ai,2024,0,fillna_to_zero_before_log1p_minmax
CIV,Cote d'Ivoire,service endpoint,service_endpoint_signal,service_endpoint_raw,0.0,score,0.0,fillna->0; log1p min-max normalized,higher=stronger,0.05,ai_service_endpoint_country_score,project-local-derived-table,2024,0,fillna_to_zero_before_log1p_minmax
CMR,Cameroon,AI compute,ai_compute_signal,ai_compute_raw,0.0,score,0.0,fillna->0; log1p min-max normalized,higher=stronger,0.2,country_data_centre_electricity_weighted_allocation_iea,https://www.iea.org/reports/energy-and-ai/energy-demand-from-ai,2024,0,fillna_to_zero_before_log1p_minmax
CMR,Cameroon,data-center footprint,data_center_footprint_signal,data_center_footprint_raw,0.0,count,0.0,fillna->0; log1p min-max normalized,higher=stronger,0.2,country_data_centre_electricity_weighted_allocation_iea,https://www.iea.org/reports/energy-and-ai/energy-demand-from-ai,2024,0,fillna_to_zero_before_log1p_minmax
CMR,Cameroon,power-grid evidence,power_grid_evidence_signal,power_grid_evidence_raw,0.0,score,0.0,fillna->0; log1p min-max normalized,higher=stronger,0.1,ai_power_grid_country_score,project-local-derived-table,2024,0,fillna_to_zero_before_log1p_minmax
CMR,Cameroon,public load/capacity,public_load_capacity_signal,public_load_capacity_raw_twh,0.0,TWh,0.0,fillna->0; log1p min-max normalized,higher=stronger,0.3,country_data_centre_electricity_weighted_allocation_iea,https://www.iea.org/reports/energy-and-ai/energy-demand-from-ai,2024,0,fillna_to_zero_before_log1p_minmax
CMR,Cameroon,public project capacity,public_project_capacity_signal,public_project_capacity_raw_mw,0.0,MW,0.0,fillna->0; log1p min-max normalized,higher=stronger,0.15,country_data_centre_electricity_weighted_allocation_iea,https://www.iea.org/reports/energy-and-ai/energy-demand-from-ai,2024,0,fillna_to_zero_before_log1p_minmax
CMR,Cameroon,service endpoint,service_endpoint_signal,service_endpoint_raw,0.0,score,0.0,fillna->0; log1p min-max normalized,higher=stronger,0.05,ai_service_endpoint_country_score,project-local-derived-table,2024,0,fillna_to_zero_before_log1p_minmax
COG,"Congo, Rep.",AI compute,ai_compute_signal,ai_compute_raw,0.0,score,0.0,fillna->0; log1p min-max normalized,higher=stronger,0.2,country_data_centre_electricity_weighted_allocation_iea,https://www.iea.org/reports/energy-and-ai/energy-demand-from-ai,2024,0,fillna_to_zero_before_log1p_minmax
COG,"Congo, Rep.",data-center footprint,data_center_footprint_signal,data_center_footprint_raw,0.0,count,0.0,fillna->0; log1p min-max normalized,higher=stronger,0.2,country_data_centre_electricity_weighted_allocation_iea,https://www.iea.org/reports/energy-and-ai/energy-demand-from-ai,2024,0,fillna_to_zero_before_log1p_minmax
COG,"Congo, Rep.",power-grid evidence,power_grid_evidence_signal,power_grid_evidence_raw,0.0,score,0.0,fillna->0; log1p min-max normalized,higher=stronger,0.1,ai_power_grid_country_score,project-local-derived-table,2024,0,fillna_to_zero_before_log1p_minmax
COG,"Congo, Rep.",public load/capacity,public_load_capacity_signal,public_load_capacity_raw_twh,0.0,TWh,0.0,fillna->0; log1p min-max normalized,higher=stronger,0.3,country_data_centre_electricity_weighted_allocation_iea,https://www.iea.org/reports/energy-and-ai/energy-demand-from-ai,2024,0,fillna_to_zero_before_log1p_minmax
COG,"Congo, Rep.",public project capacity,public_project_capacity_signal,public_project_capacity_raw_mw,0.0,MW,0.0,fillna->0; log1p min-max normalized,higher=stronger,0.15,country_data_centre_electricity_weighted_allocation_iea,https://www.iea.org/reports/energy-and-ai/energy-demand-from-ai,2024,0,fillna_to_zero_before_log1p_minmax
COG,"Congo, Rep.",service endpoint,service_endpoint_signal,service_endpoint_raw,0.0,score,0.0,fillna->0; log1p min-max normalized,higher=stronger,0.05,ai_service_endpoint_country_score,project-local-derived-table,2024,0,fillna_to_zero_before_log1p_minmax
COL,Colombia,AI compute,ai_compute_signal,ai_compute_raw,0.0,score,0.0,fillna->0; log1p min-max normalized,higher=stronger,0.2,country_data_centre_electricity_weighted_allocation_iea,https://www.iea.org/reports/energy-and-ai/energy-demand-from-ai,2024,0,fillna_to_zero_before_log1p_minmax
COL,Colombia,data-center footprint,data_center_footprint_signal,data_center_footprint_raw,15.25,count,0.3625635325552386,fillna->0; log1p min-max normalized,higher=stronger,0.2,country_data_centre_electricity_weighted_allocation_iea,https://www.iea.org/reports/energy-and-ai/energy-demand-from-ai,2024,0,fillna_to_zero_before_log1p_minmax
COL,Colombia,power-grid evidence,power_grid_evidence_signal,power_grid_evidence_raw,0.0,score,0.0,fillna->0; log1p min-max normalized,higher=stronger,0.1,ai_power_grid_country_score,project-local-derived-table,2024,0,fillna_to_zero_before_log1p_minmax
COL,Colombia,public load/capacity,public_load_capacity_signal,public_load_capacity_raw_twh,0.0,TWh,0.0,fillna->0; log1p min-max normalized,higher=stronger,0.3,country_data_centre_electricity_weighted_allocation_iea,https://www.iea.org/reports/energy-and-ai/energy-demand-from-ai,2024,0,fillna_to_zero_before_log1p_minmax
COL,Colombia,public project capacity,public_project_capacity_signal,public_project_capacity_raw_mw,0.0,MW,0.0,fillna->0; log1p min-max normalized,higher=stronger,0.15,country_data_centre_electricity_weighted_allocation_iea,https://www.iea.org/reports/energy-and-ai/energy-demand-from-ai,2024,0,fillna_to_zero_before_log1p_minmax
COL,Colombia,service endpoint,service_endpoint_signal,service_endpoint_raw,0.0,score,0.0,fillna->0; log1p min-max normalized,higher=stronger,0.05,ai_service_endpoint_country_score,project-local-derived-table,2024,0,fillna_to_zero_before_log1p_minmax
COM,Comoros,AI compute,ai_compute_signal,ai_compute_raw,0.0,score,0.0,fillna->0; log1p min-max normalized,higher=stronger,0.2,country_data_centre_electricity_weighted_allocation_iea,https://www.iea.org/reports/energy-and-ai/energy-demand-from-ai,2024,0,fillna_to_zero_before_log1p_minmax
COM,Comoros,data-center footprint,data_center_footprint_signal,data_center_footprint_raw,0.0,count,0.0,fillna->0; log1p min-max normalized,higher=stronger,0.2,country_data_centre_electricity_weighted_allocation_iea,https://www.iea.org/reports/energy-and-ai/energy-demand-from-ai,2024,0,fillna_to_zero_before_log1p_minmax
COM,Comoros,power-grid evidence,power_grid_evidence_signal,power_grid_evidence_raw,0.0,score,0.0,fillna->0; log1p min-max normalized,higher=stronger,0.1,ai_power_grid_country_score,project-local-derived-table,2024,0,fillna_to_zero_before_log1p_minmax
COM,Comoros,public load/capacity,public_load_capacity_signal,public_load_capacity_raw_twh,0.0,TWh,0.0,fillna->0; log1p min-max normalized,higher=stronger,0.3,country_data_centre_electricity_weighted_allocation_iea,https://www.iea.org/reports/energy-and-ai/energy-demand-from-ai,2024,0,fillna_to_zero_before_log1p_minmax
COM,Comoros,public project capacity,public_project_capacity_signal,public_project_capacity_raw_mw,0.0,MW,0.0,fillna->0; log1p min-max normalized,higher=stronger,0.15,country_data_centre_electricity_weighted_allocation_iea,https://www.iea.org/reports/energy-and-ai/energy-demand-from-ai,2024,0,fillna_to_zero_before_log1p_minmax
COM,Comoros,service endpoint,service_endpoint_signal,service_endpoint_raw,0.0,score,0.0,fillna->0; log1p min-max normalized,higher=stronger,0.05,ai_service_endpoint_country_score,project-local-derived-table,2024,0,fillna_to_zero_before_log1p_minmax
CPV,Cabo Verde,AI compute,ai_compute_signal,ai_compute_raw,0.0,score,0.0,fillna->0; log1p min-max normalized,higher=stronger,0.2,country_data_centre_electricity_weighted_allocation_iea,https://www.iea.org/reports/energy-and-ai/energy-demand-from-ai,2024,0,fillna_to_zero_before_log1p_minmax
CPV,Cabo Verde,data-center footprint,data_center_footprint_signal,data_center_footprint_raw,0.0,count,0.0,fillna->0; log1p min-max normalized,higher=stronger,0.2,country_data_centre_electricity_weighted_allocation_iea,https://www.iea.org/reports/energy-and-ai/energy-demand-from-ai,2024,0,fillna_to_zero_before_log1p_minmax
CPV,Cabo Verde,power-grid evidence,power_grid_evidence_signal,power_grid_evidence_raw,0.0,score,0.0,fillna->0; log1p min-max normalized,higher=stronger,0.1,ai_power_grid_country_score,project-local-derived-table,2024,0,fillna_to_zero_before_log1p_minmax
CPV,Cabo Verde,public load/capacity,public_load_capacity_signal,public_load_capacity_raw_twh,0.0,TWh,0.0,fillna->0; log1p min-max normalized,higher=stronger,0.3,country_data_centre_electricity_weighted_allocation_iea,https://www.iea.org/reports/energy-and-ai/energy-demand-from-ai,2024,0,fillna_to_zero_before_log1p_minmax
CPV,Cabo Verde,public project capacity,public_project_capacity_signal,public_project_capacity_raw_mw,0.0,MW,0.0,fillna->0; log1p min-max normalized,higher=stronger,0.15,country_data_centre_electricity_weighted_allocation_iea,https://www.iea.org/reports/energy-and-ai/energy-demand-from-ai,2024,0,fillna_to_zero_before_log1p_minmax
CPV,Cabo Verde,service endpoint,service_endpoint_signal,service_endpoint_raw,0.0,score,0.0,fillna->0; log1p min-max normalized,higher=stronger,0.05,ai_service_endpoint_country_score,project-local-derived-table,2024,0,fillna_to_zero_before_log1p_minmax
CRI,Costa Rica,AI compute,ai_compute_signal,ai_compute_raw,0.0,score,0.0,fillna->0; log1p min-max normalized,higher=stronger,0.2,country_data_centre_electricity_weighted_allocation_iea,https://www.iea.org/reports/energy-and-ai/energy-demand-from-ai,2024,0,fillna_to_zero_before_log1p_minmax
CRI,Costa Rica,data-center footprint,data_center_footprint_signal,data_center_footprint_raw,11.5,count,0.3284456901253178,fillna->0; log1p min-max normalized,higher=stronger,0.2,country_data_centre_electricity_weighted_allocation_iea,https://www.iea.org/reports/energy-and-ai/energy-demand-from-ai,2024,0,fillna_to_zero_before_log1p_minmax
CRI,Costa Rica,power-grid evidence,power_grid_evidence_signal,power_grid_evidence_raw,0.0,score,0.0,fillna->0; log1p min-max normalized,higher=stronger,0.1,ai_power_grid_country_score,project-local-derived-table,2024,0,fillna_to_zero_before_log1p_minmax
CRI,Costa Rica,public load/capacity,public_load_capacity_signal,public_load_capacity_raw_twh,0.0,TWh,0.0,fillna->0; log1p min-max normalized,higher=stronger,0.3,country_data_centre_electricity_weighted_allocation_iea,https://www.iea.org/reports/energy-and-ai/energy-demand-from-ai,2024,0,fillna_to_zero_before_log1p_minmax
CRI,Costa Rica,public project capacity,public_project_capacity_signal,public_project_capacity_raw_mw,0.0,MW,0.0,fillna->0; log1p min-max normalized,higher=stronger,0.15,country_data_centre_electricity_weighted_allocation_iea,https://www.iea.org/reports/energy-and-ai/energy-demand-from-ai,2024,0,fillna_to_zero_before_log1p_minmax
CRI,Costa Rica,service endpoint,service_endpoint_signal,service_endpoint_raw,0.0,score,0.0,fillna->0; log1p min-max normalized,higher=stronger,0.05,ai_service_endpoint_country_score,project-local-derived-table,2024,0,fillna_to_zero_before_log1p_minmax
CUW,Curacao,AI compute,ai_compute_signal,ai_compute_raw,0.0,score,0.0,fillna->0; log1p min-max normalized,higher=stronger,0.2,country_data_centre_electricity_weighted_allocation_iea,https://www.iea.org/reports/energy-and-ai/energy-demand-from-ai,2024,0,fillna_to_zero_before_log1p_minmax
CUW,Curacao,data-center footprint,data_center_footprint_signal,data_center_footprint_raw,0.0,count,0.0,fillna->0; log1p min-max normalized,higher=stronger,0.2,country_data_centre_electricity_weighted_allocation_iea,https://www.iea.org/reports/energy-and-ai/energy-demand-from-ai,2024,0,fillna_to_zero_before_log1p_minmax
CUW,Curacao,power-grid evidence,power_grid_evidence_signal,power_grid_evidence_raw,0.0,score,0.0,fillna->0; log1p min-max normalized,higher=stronger,0.1,ai_power_grid_country_score,project-local-derived-table,2024,0,fillna_to_zero_before_log1p_minmax
CUW,Curacao,public load/capacity,public_load_capacity_signal,public_load_capacity_raw_twh,0.0,TWh,0.0,fillna->0; log1p min-max normalized,higher=stronger,0.3,country_data_centre_electricity_weighted_allocation_iea,https://www.iea.org/reports/energy-and-ai/energy-demand-from-ai,2024,0,fillna_to_zero_before_log1p_minmax
CUW,Curacao,public project capacity,public_project_capacity_signal,public_project_capacity_raw_mw,0.0,MW,0.0,fillna->0; log1p min-max normalized,higher=stronger,0.15,country_data_centre_electricity_weighted_allocation_iea,https://www.iea.org/reports/energy-and-ai/energy-demand-from-ai,2024,0,fillna_to_zero_before_log1p_minmax
CUW,Curacao,service endpoint,service_endpoint_signal,service_endpoint_raw,0.0,score,0.0,fillna->0; log1p min-max normalized,higher=stronger,0.05,ai_service_endpoint_country_score,project-local-derived-table,2024,0,fillna_to_zero_before_log1p_minmax
CYM,Cayman Islands,AI compute,ai_compute_signal,ai_compute_raw,0.0,score,0.0,fillna->0; log1p min-max normalized,higher=stronger,0.2,country_data_centre_electricity_weighted_allocation_iea,https://www.iea.org/reports/energy-and-ai/energy-demand-from-ai,2024,0,fillna_to_zero_before_log1p_minmax
CYM,Cayman Islands,data-center footprint,data_center_footprint_signal,data_center_footprint_raw,0.0,count,0.0,fillna->0; log1p min-max normalized,higher=stronger,0.2,country_data_centre_electricity_weighted_allocation_iea,https://www.iea.org/reports/energy-and-ai/energy-demand-from-ai,2024,0,fillna_to_zero_before_log1p_minmax
CYM,Cayman Islands,power-grid evidence,power_grid_evidence_signal,power_grid_evidence_raw,0.0,score,0.0,fillna->0; log1p min-max normalized,higher=stronger,0.1,ai_power_grid_country_score,project-local-derived-table,2024,0,fillna_to_zero_before_log1p_minmax
CYM,Cayman Islands,public load/capacity,public_load_capacity_signal,public_load_capacity_raw_twh,0.0,TWh,0.0,fillna->0; log1p min-max normalized,higher=stronger,0.3,country_data_centre_electricity_weighted_allocation_iea,https://www.iea.org/reports/energy-and-ai/energy-demand-from-ai,2024,0,fillna_to_zero_before_log1p_minmax
CYM,Cayman Islands,public project capacity,public_project_capacity_signal,public_project_capacity_raw_mw,0.0,MW,0.0,fillna->0; log1p min-max normalized,higher=stronger,0.15,country_data_centre_electricity_weighted_allocation_iea,https://www.iea.org/reports/energy-and-ai/energy-demand-from-ai,2024,0,fillna_to_zero_before_log1p_minmax
CYM,Cayman Islands,service endpoint,service_endpoint_signal,service_endpoint_raw,0.0,score,0.0,fillna->0; log1p min-max normalized,higher=stronger,0.05,ai_service_endpoint_country_score,project-local-derived-table,2024,0,fillna_to_zero_before_log1p_minmax
CYP,Cyprus,AI compute,ai_compute_signal,ai_compute_raw,0.0,score,0.0,fillna->0; log1p min-max normalized,higher=stronger,0.2,country_data_centre_electricity_weighted_allocation_iea,https://www.iea.org/reports/energy-and-ai/energy-demand-from-ai,2024,0,fillna_to_zero_before_log1p_minmax
CYP,Cyprus,data-center footprint,data_center_footprint_signal,data_center_footprint_raw,0.0,count,0.0,fillna->0; log1p min-max normalized,higher=stronger,0.2,country_data_centre_electricity_weighted_allocation_iea,https://www.iea.org/reports/energy-and-ai/energy-demand-from-ai,2024,0,fillna_to_zero_before_log1p_minmax
CYP,Cyprus,power-grid evidence,power_grid_evidence_signal,power_grid_evidence_raw,0.0,score,0.0,fillna->0; log1p min-max normalized,higher=stronger,0.1,ai_power_grid_country_score,project-local-derived-table,2024,0,fillna_to_zero_before_log1p_minmax
CYP,Cyprus,public load/capacity,public_load_capacity_signal,public_load_capacity_raw_twh,0.0,TWh,0.0,fillna->0; log1p min-max normalized,higher=stronger,0.3,country_data_centre_electricity_weighted_allocation_iea,https://www.iea.org/reports/energy-and-ai/energy-demand-from-ai,2024,0,fillna_to_zero_before_log1p_minmax
CYP,Cyprus,public project capacity,public_project_capacity_signal,public_project_capacity_raw_mw,0.0,MW,0.0,fillna->0; log1p min-max normalized,higher=stronger,0.15,country_data_centre_electricity_weighted_allocation_iea,https://www.iea.org/reports/energy-and-ai/energy-demand-from-ai,2024,0,fillna_to_zero_before_log1p_minmax
CYP,Cyprus,service endpoint,service_endpoint_signal,service_endpoint_raw,0.0,score,0.0,fillna->0; log1p min-max normalized,higher=stronger,0.05,ai_service_endpoint_country_score,project-local-derived-table,2024,0,fillna_to_zero_before_log1p_minmax
CZE,Czechia,AI compute,ai_compute_signal,ai_compute_raw,0.0,score,0.0,fillna->0; log1p min-max normalized,higher=stronger,0.2,country_data_centre_electricity_weighted_allocation_iea,https://www.iea.org/reports/energy-and-ai/energy-demand-from-ai,2024,0,fillna_to_zero_before_log1p_minmax
CZE,Czechia,data-center footprint,data_center_footprint_signal,data_center_footprint_raw,36.5,count,0.4713092048361696,fillna->0; log1p min-max normalized,higher=stronger,0.2,country_data_centre_electricity_weighted_allocation_iea,https://www.iea.org/reports/energy-and-ai/energy-demand-from-ai,2024,0,fillna_to_zero_before_log1p_minmax
CZE,Czechia,power-grid evidence,power_grid_evidence_signal,power_grid_evidence_raw,0.0,score,0.0,fillna->0; log1p min-max normalized,higher=stronger,0.1,ai_power_grid_country_score,project-local-derived-table,2024,0,fillna_to_zero_before_log1p_minmax
CZE,Czechia,public load/capacity,public_load_capacity_signal,public_load_capacity_raw_twh,0.0,TWh,0.0,fillna->0; log1p min-max normalized,higher=stronger,0.3,country_data_centre_electricity_weighted_allocation_iea,https://www.iea.org/reports/energy-and-ai/energy-demand-from-ai,2024,0,fillna_to_zero_before_log1p_minmax
CZE,Czechia,public project capacity,public_project_capacity_signal,public_project_capacity_raw_mw,0.0,MW,0.0,fillna->0; log1p min-max normalized,higher=stronger,0.15,country_data_centre_electricity_weighted_allocation_iea,https://www.iea.org/reports/energy-and-ai/energy-demand-from-ai,2024,0,fillna_to_zero_before_log1p_minmax
CZE,Czechia,service endpoint,service_endpoint_signal,service_endpoint_raw,0.0,score,0.0,fillna->0; log1p min-max normalized,higher=stronger,0.05,ai_service_endpoint_country_score,project-local-derived-table,2024,0,fillna_to_zero_before_log1p_minmax
DEU,Germany,AI compute,ai_compute_signal,ai_compute_raw,18.7747085908117,score,0.565978385576783,fillna->0; log1p min-max normalized,higher=stronger,0.2,country_data_centre_electricity_weighted_allocation_iea,https://www.iea.org/reports/energy-and-ai/energy-demand-from-ai,2024,0,fillna_to_zero_before_log1p_minmax
DEU,Germany,data-center footprint,data_center_footprint_signal,data_center_footprint_raw,410.5,count,0.782815815345235,fillna->0; log1p min-max normalized,higher=stronger,0.2,country_data_centre_electricity_weighted_allocation_iea,https://www.iea.org/reports/energy-and-ai/energy-demand-from-ai,2024,0,fillna_to_zero_before_log1p_minmax
DEU,Germany,power-grid evidence,power_grid_evidence_signal,power_grid_evidence_raw,0.0,score,0.0,fillna->0; log1p min-max normalized,higher=stronger,0.1,ai_power_grid_country_score,project-local-derived-table,2024,0,fillna_to_zero_before_log1p_minmax
DEU,Germany,public load/capacity,public_load_capacity_signal,public_load_capacity_raw_twh,0.0,TWh,0.0,fillna->0; log1p min-max normalized,higher=stronger,0.3,country_data_centre_electricity_weighted_allocation_iea,https://www.iea.org/reports/energy-and-ai/energy-demand-from-ai,2024,0,fillna_to_zero_before_log1p_minmax
DEU,Germany,public project capacity,public_project_capacity_signal,public_project_capacity_raw_mw,0.0,MW,0.0,fillna->0; log1p min-max normalized,higher=stronger,0.15,country_data_centre_electricity_weighted_allocation_iea,https://www.iea.org/reports/energy-and-ai/energy-demand-from-ai,2024,0,fillna_to_zero_before_log1p_minmax
DEU,Germany,service endpoint,service_endpoint_signal,service_endpoint_raw,62.71305884594126,score,0.9001692440832653,fillna->0; log1p min-max normalized,higher=stronger,0.05,ai_service_endpoint_country_score,project-local-derived-table,2024,0,fillna_to_zero_before_log1p_minmax
DJI,Djibouti,AI compute,ai_compute_signal,ai_compute_raw,0.0,score,0.0,fillna->0; log1p min-max normalized,higher=stronger,0.2,country_data_centre_electricity_weighted_allocation_iea,https://www.iea.org/reports/energy-and-ai/energy-demand-from-ai,2024,0,fillna_to_zero_before_log1p_minmax
DJI,Djibouti,data-center footprint,data_center_footprint_signal,data_center_footprint_raw,0.0,count,0.0,fillna->0; log1p min-max normalized,higher=stronger,0.2,country_data_centre_electricity_weighted_allocation_iea,https://www.iea.org/reports/energy-and-ai/energy-demand-from-ai,2024,0,fillna_to_zero_before_log1p_minmax
DJI,Djibouti,power-grid evidence,power_grid_evidence_signal,power_grid_evidence_raw,0.0,score,0.0,fillna->0; log1p min-max normalized,higher=stronger,0.1,ai_power_grid_country_score,project-local-derived-table,2024,0,fillna_to_zero_before_log1p_minmax
DJI,Djibouti,public load/capacity,public_load_capacity_signal,public_load_capacity_raw_twh,0.0,TWh,0.0,fillna->0; log1p min-max normalized,higher=stronger,0.3,country_data_centre_electricity_weighted_allocation_iea,https://www.iea.org/reports/energy-and-ai/energy-demand-from-ai,2024,0,fillna_to_zero_before_log1p_minmax
DJI,Djibouti,public project capacity,public_project_capacity_signal,public_project_capacity_raw_mw,0.0,MW,0.0,fillna->0; log1p min-max normalized,higher=stronger,0.15,country_data_centre_electricity_weighted_allocation_iea,https://www.iea.org/reports/energy-and-ai/energy-demand-from-ai,2024,0,fillna_to_zero_before_log1p_minmax
DJI,Djibouti,service endpoint,service_endpoint_signal,service_endpoint_raw,0.0,score,0.0,fillna->0; log1p min-max normalized,higher=stronger,0.05,ai_service_endpoint_country_score,project-local-derived-table,2024,0,fillna_to_zero_before_log1p_minmax
DNK,Denmark,AI compute,ai_compute_signal,ai_compute_raw,0.0,score,0.0,fillna->0; log1p min-max normalized,higher=stronger,0.2,country_data_centre_electricity_weighted_allocation_iea,https://www.iea.org/reports/energy-and-ai/energy-demand-from-ai,2024,0,fillna_to_zero_before_log1p_minmax
DNK,Denmark,data-center footprint,data_center_footprint_signal,data_center_footprint_raw,25.5,count,0.4261598196202742,fillna->0; log1p min-max normalized,higher=stronger,0.2,country_data_centre_electricity_weighted_allocation_iea,https://www.iea.org/reports/energy-and-ai/energy-demand-from-ai,2024,0,fillna_to_zero_before_log1p_minmax
DNK,Denmark,power-grid evidence,power_grid_evidence_signal,power_grid_evidence_raw,0.0,score,0.0,fillna->0; log1p min-max normalized,higher=stronger,0.1,ai_power_grid_country_score,project-local-derived-table,2024,0,fillna_to_zero_before_log1p_minmax
DNK,Denmark,public load/capacity,public_load_capacity_signal,public_load_capacity_raw_twh,0.0,TWh,0.0,fillna->0; log1p min-max normalized,higher=stronger,0.3,country_data_centre_electricity_weighted_allocation_iea,https://www.iea.org/reports/energy-and-ai/energy-demand-from-ai,2024,0,fillna_to_zero_before_log1p_minmax
DNK,Denmark,public project capacity,public_project_capacity_signal,public_project_capacity_raw_mw,0.0,MW,0.0,fillna->0; log1p min-max normalized,higher=stronger,0.15,country_data_centre_electricity_weighted_allocation_iea,https://www.iea.org/reports/energy-and-ai/energy-demand-from-ai,2024,0,fillna_to_zero_before_log1p_minmax
DNK,Denmark,service endpoint,service_endpoint_signal,service_endpoint_raw,0.0,score,0.0,fillna->0; log1p min-max normalized,higher=stronger,0.05,ai_service_endpoint_country_score,project-local-derived-table,2024,0,fillna_to_zero_before_log1p_minmax
DOM,Dominican Republic,AI compute,ai_compute_signal,ai_compute_raw,0.0,score,0.0,fillna->0; log1p min-max normalized,higher=stronger,0.2,country_data_centre_electricity_weighted_allocation_iea,https://www.iea.org/reports/energy-and-ai/energy-demand-from-ai,2024,0,fillna_to_zero_before_log1p_minmax
DOM,Dominican Republic,data-center footprint,data_center_footprint_signal,data_center_footprint_raw,1.75,count,0.1315485574099101,fillna->0; log1p min-max normalized,higher=stronger,0.2,country_data_centre_electricity_weighted_allocation_iea,https://www.iea.org/reports/energy-and-ai/energy-demand-from-ai,2024,0,fillna_to_zero_before_log1p_minmax
DOM,Dominican Republic,power-grid evidence,power_grid_evidence_signal,power_grid_evidence_raw,0.0,score,0.0,fillna->0; log1p min-max normalized,higher=stronger,0.1,ai_power_grid_country_score,project-local-derived-table,2024,0,fillna_to_zero_before_log1p_minmax
DOM,Dominican Republic,public load/capacity,public_load_capacity_signal,public_load_capacity_raw_twh,0.0,TWh,0.0,fillna->0; log1p min-max normalized,higher=stronger,0.3,country_data_centre_electricity_weighted_allocation_iea,https://www.iea.org/reports/energy-and-ai/energy-demand-from-ai,2024,0,fillna_to_zero_before_log1p_minmax
DOM,Dominican Republic,public project capacity,public_project_capacity_signal,public_project_capacity_raw_mw,0.0,MW,0.0,fillna->0; log1p min-max normalized,higher=stronger,0.15,country_data_centre_electricity_weighted_allocation_iea,https://www.iea.org/reports/energy-and-ai/energy-demand-from-ai,2024,0,fillna_to_zero_before_log1p_minmax
DOM,Dominican Republic,service endpoint,service_endpoint_signal,service_endpoint_raw,0.0,score,0.0,fillna->0; log1p min-max normalized,higher=stronger,0.05,ai_service_endpoint_country_score,project-local-derived-table,2024,0,fillna_to_zero_before_log1p_minmax
DZA,Algeria,AI compute,ai_compute_signal,ai_compute_raw,0.0,score,0.0,fillna->0; log1p min-max normalized,higher=stronger,0.2,country_data_centre_electricity_weighted_allocation_iea,https://www.iea.org/reports/energy-and-ai/energy-demand-from-ai,2024,0,fillna_to_zero_before_log1p_minmax
DZA,Algeria,data-center footprint,data_center_footprint_signal,data_center_footprint_raw,0.0,count,0.0,fillna->0; log1p min-max normalized,higher=stronger,0.2,country_data_centre_electricity_weighted_allocation_iea,https://www.iea.org/reports/energy-and-ai/energy-demand-from-ai,2024,0,fillna_to_zero_before_log1p_minmax
DZA,Algeria,power-grid evidence,power_grid_evidence_signal,power_grid_evidence_raw,0.0,score,0.0,fillna->0; log1p min-max normalized,higher=stronger,0.1,ai_power_grid_country_score,project-local-derived-table,2024,0,fillna_to_zero_before_log1p_minmax
DZA,Algeria,public load/capacity,public_load_capacity_signal,public_load_capacity_raw_twh,0.0,TWh,0.0,fillna->0; log1p min-max normalized,higher=stronger,0.3,country_data_centre_electricity_weighted_allocation_iea,https://www.iea.org/reports/energy-and-ai/energy-demand-from-ai,2024,0,fillna_to_zero_before_log1p_minmax
DZA,Algeria,public project capacity,public_project_capacity_signal,public_project_capacity_raw_mw,0.0,MW,0.0,fillna->0; log1p min-max normalized,higher=stronger,0.15,country_data_centre_electricity_weighted_allocation_iea,https://www.iea.org/reports/energy-and-ai/energy-demand-from-ai,2024,0,fillna_to_zero_before_log1p_minmax
DZA,Algeria,service endpoint,service_endpoint_signal,service_endpoint_raw,0.0,score,0.0,fillna->0; log1p min-max normalized,higher=stronger,0.05,ai_service_endpoint_country_score,project-local-derived-table,2024,0,fillna_to_zero_before_log1p_minmax
ECU,Ecuador,AI compute,ai_compute_signal,ai_compute_raw,0.0,score,0.0,fillna->0; log1p min-max normalized,higher=stronger,0.2,country_data_centre_electricity_weighted_allocation_iea,https://www.iea.org/reports/energy-and-ai/energy-demand-from-ai,2024,0,fillna_to_zero_before_log1p_minmax
ECU,Ecuador,data-center footprint,data_center_footprint_signal,data_center_footprint_raw,9.5,count,0.3057727799948089,fillna->0; log1p min-max normalized,higher=stronger,0.2,country_data_centre_electricity_weighted_allocation_iea,https://www.iea.org/reports/energy-and-ai/energy-demand-from-ai,2024,0,fillna_to_zero_before_log1p_minmax
ECU,Ecuador,power-grid evidence,power_grid_evidence_signal,power_grid_evidence_raw,0.0,score,0.0,fillna->0; log1p min-max normalized,higher=stronger,0.1,ai_power_grid_country_score,project-local-derived-table,2024,0,fillna_to_zero_before_log1p_minmax
ECU,Ecuador,public load/capacity,public_load_capacity_signal,public_load_capacity_raw_twh,0.0,TWh,0.0,fillna->0; log1p min-max normalized,higher=stronger,0.3,country_data_centre_electricity_weighted_allocation_iea,https://www.iea.org/reports/energy-and-ai/energy-demand-from-ai,2024,0,fillna_to_zero_before_log1p_minmax
ECU,Ecuador,public project capacity,public_project_capacity_signal,public_project_capacity_raw_mw,0.0,MW,0.0,fillna->0; log1p min-max normalized,higher=stronger,0.15,country_data_centre_electricity_weighted_allocation_iea,https://www.iea.org/reports/energy-and-ai/energy-demand-from-ai,2024,0,fillna_to_zero_before_log1p_minmax
ECU,Ecuador,service endpoint,service_endpoint_signal,service_endpoint_raw,0.0,score,0.0,fillna->0; log1p min-max normalized,higher=stronger,0.05,ai_service_endpoint_country_score,project-local-derived-table,2024,0,fillna_to_zero_before_log1p_minmax
EGY,"Egypt, Arab Rep.",AI compute,ai_compute_signal,ai_compute_raw,0.0,score,0.0,fillna->0; log1p min-max normalized,higher=stronger,0.2,country_data_centre_electricity_weighted_allocation_iea,https://www.iea.org/reports/energy-and-ai/energy-demand-from-ai,2024,0,fillna_to_zero_before_log1p_minmax
EGY,"Egypt, Arab Rep.",data-center footprint,data_center_footprint_signal,data_center_footprint_raw,1.75,count,0.1315485574099101,fillna->0; log1p min-max normalized,higher=stronger,0.2,country_data_centre_electricity_weighted_allocation_iea,https://www.iea.org/reports/energy-and-ai/energy-demand-from-ai,2024,0,fillna_to_zero_before_log1p_minmax
EGY,"Egypt, Arab Rep.",power-grid evidence,power_grid_evidence_signal,power_grid_evidence_raw,0.0,score,0.0,fillna->0; log1p min-max normalized,higher=stronger,0.1,ai_power_grid_country_score,project-local-derived-table,2024,0,fillna_to_zero_before_log1p_minmax
EGY,"Egypt, Arab Rep.",public load/capacity,public_load_capacity_signal,public_load_capacity_raw_twh,0.0,TWh,0.0,fillna->0; log1p min-max normalized,higher=stronger,0.3,country_data_centre_electricity_weighted_allocation_iea,https://www.iea.org/reports/energy-and-ai/energy-demand-from-ai,2024,0,fillna_to_zero_before_log1p_minmax
EGY,"Egypt, Arab Rep.",public project capacity,public_project_capacity_signal,public_project_capacity_raw_mw,0.0,MW,0.0,fillna->0; log1p min-max normalized,higher=stronger,0.15,country_data_centre_electricity_weighted_allocation_iea,https://www.iea.org/reports/energy-and-ai/energy-demand-from-ai,2024,0,fillna_to_zero_before_log1p_minmax
EGY,"Egypt, Arab Rep.",service endpoint,service_endpoint_signal,service_endpoint_raw,0.0,score,0.0,fillna->0; log1p min-max normalized,higher=stronger,0.05,ai_service_endpoint_country_score,project-local-derived-table,2024,0,fillna_to_zero_before_log1p_minmax
ESP,Spain,AI compute,ai_compute_signal,ai_compute_raw,9.468920818146582,score,0.4453652839844277,fillna->0; log1p min-max normalized,higher=stronger,0.2,country_data_centre_electricity_weighted_allocation_iea,https://www.iea.org/reports/energy-and-ai/energy-demand-from-ai,2024,0,fillna_to_zero_before_log1p_minmax
ESP,Spain,data-center footprint,data_center_footprint_signal,data_center_footprint_raw,43.5,count,0.4935653198177453,fillna->0; log1p min-max normalized,higher=stronger,0.2,country_data_centre_electricity_weighted_allocation_iea,https://www.iea.org/reports/energy-and-ai/energy-demand-from-ai,2024,0,fillna_to_zero_before_log1p_minmax
ESP,Spain,power-grid evidence,power_grid_evidence_signal,power_grid_evidence_raw,0.0,score,0.0,fillna->0; log1p min-max normalized,higher=stronger,0.1,ai_power_grid_country_score,project-local-derived-table,2024,0,fillna_to_zero_before_log1p_minmax
ESP,Spain,public load/capacity,public_load_capacity_signal,public_load_capacity_raw_twh,0.0,TWh,0.0,fillna->0; log1p min-max normalized,higher=stronger,0.3,country_data_centre_electricity_weighted_allocation_iea,https://www.iea.org/reports/energy-and-ai/energy-demand-from-ai,2024,0,fillna_to_zero_before_log1p_minmax
ESP,Spain,public project capacity,public_project_capacity_signal,public_project_capacity_raw_mw,0.0,MW,0.0,fillna->0; log1p min-max normalized,higher=stronger,0.15,country_data_centre_electricity_weighted_allocation_iea,https://www.iea.org/reports/energy-and-ai/energy-demand-from-ai,2024,0,fillna_to_zero_before_log1p_minmax
ESP,Spain,service endpoint,service_endpoint_signal,service_endpoint_raw,62.20678842651682,score,0.8984406132116548,fillna->0; log1p min-max normalized,higher=stronger,0.05,ai_service_endpoint_country_score,project-local-derived-table,2024,0,fillna_to_zero_before_log1p_minmax
EST,Estonia,AI compute,ai_compute_signal,ai_compute_raw,0.0,score,0.0,fillna->0; log1p min-max normalized,higher=stronger,0.2,country_data_centre_electricity_weighted_allocation_iea,https://www.iea.org/reports/energy-and-ai/energy-demand-from-ai,2024,0,fillna_to_zero_before_log1p_minmax
EST,Estonia,data-center footprint,data_center_footprint_signal,data_center_footprint_raw,0.0,count,0.0,fillna->0; log1p min-max normalized,higher=stronger,0.2,country_data_centre_electricity_weighted_allocation_iea,https://www.iea.org/reports/energy-and-ai/energy-demand-from-ai,2024,0,fillna_to_zero_before_log1p_minmax
EST,Estonia,power-grid evidence,power_grid_evidence_signal,power_grid_evidence_raw,0.0,score,0.0,fillna->0; log1p min-max normalized,higher=stronger,0.1,ai_power_grid_country_score,project-local-derived-table,2024,0,fillna_to_zero_before_log1p_minmax
EST,Estonia,public load/capacity,public_load_capacity_signal,public_load_capacity_raw_twh,0.0,TWh,0.0,fillna->0; log1p min-max normalized,higher=stronger,0.3,country_data_centre_electricity_weighted_allocation_iea,https://www.iea.org/reports/energy-and-ai/energy-demand-from-ai,2024,0,fillna_to_zero_before_log1p_minmax
EST,Estonia,public project capacity,public_project_capacity_signal,public_project_capacity_raw_mw,0.0,MW,0.0,fillna->0; log1p min-max normalized,higher=stronger,0.15,country_data_centre_electricity_weighted_allocation_iea,https://www.iea.org/reports/energy-and-ai/energy-demand-from-ai,2024,0,fillna_to_zero_before_log1p_minmax
EST,Estonia,service endpoint,service_endpoint_signal,service_endpoint_raw,0.0,score,0.0,fillna->0; log1p min-max normalized,higher=stronger,0.05,ai_service_endpoint_country_score,project-local-derived-table,2024,0,fillna_to_zero_before_log1p_minmax
FIN,Finland,AI compute,ai_compute_signal,ai_compute_raw,5.455022098830843,score,0.3536617872052554,fillna->0; log1p min-max normalized,higher=stronger,0.2,country_data_centre_electricity_weighted_allocation_iea,https://www.iea.org/reports/energy-and-ai/energy-demand-from-ai,2024,0,fillna_to_zero_before_log1p_minmax
FIN,Finland,data-center footprint,data_center_footprint_signal,data_center_footprint_raw,38.5,count,0.478066047995187,fillna->0; log1p min-max normalized,higher=stronger,0.2,country_data_centre_electricity_weighted_allocation_iea,https://www.iea.org/reports/energy-and-ai/energy-demand-from-ai,2024,0,fillna_to_zero_before_log1p_minmax
FIN,Finland,power-grid evidence,power_grid_evidence_signal,power_grid_evidence_raw,0.0,score,0.0,fillna->0; log1p min-max normalized,higher=stronger,0.1,ai_power_grid_country_score,project-local-derived-table,2024,0,fillna_to_zero_before_log1p_minmax
FIN,Finland,public load/capacity,public_load_capacity_signal,public_load_capacity_raw_twh,0.0,TWh,0.0,fillna->0; log1p min-max normalized,higher=stronger,0.3,country_data_centre_electricity_weighted_allocation_iea,https://www.iea.org/reports/energy-and-ai/energy-demand-from-ai,2024,0,fillna_to_zero_before_log1p_minmax
FIN,Finland,public project capacity,public_project_capacity_signal,public_project_capacity_raw_mw,0.0,MW,0.0,fillna->0; log1p min-max normalized,higher=stronger,0.15,country_data_centre_electricity_weighted_allocation_iea,https://www.iea.org/reports/energy-and-ai/energy-demand-from-ai,2024,0,fillna_to_zero_before_log1p_minmax
FIN,Finland,service endpoint,service_endpoint_signal,service_endpoint_raw,40.64007915287039,score,0.8080099167556974,fillna->0; log1p min-max normalized,higher=stronger,0.05,ai_service_endpoint_country_score,project-local-derived-table,2024,0,fillna_to_zero_before_log1p_minmax
FJI,Fiji,AI compute,ai_compute_signal,ai_compute_raw,0.0,score,0.0,fillna->0; log1p min-max normalized,higher=stronger,0.2,country_data_centre_electricity_weighted_allocation_iea,https://www.iea.org/reports/energy-and-ai/energy-demand-from-ai,2024,0,fillna_to_zero_before_log1p_minmax
FJI,Fiji,data-center footprint,data_center_footprint_signal,data_center_footprint_raw,0.0,count,0.0,fillna->0; log1p min-max normalized,higher=stronger,0.2,country_data_centre_electricity_weighted_allocation_iea,https://www.iea.org/reports/energy-and-ai/energy-demand-from-ai,2024,0,fillna_to_zero_before_log1p_minmax
FJI,Fiji,power-grid evidence,power_grid_evidence_signal,power_grid_evidence_raw,0.0,score,0.0,fillna->0; log1p min-max normalized,higher=stronger,0.1,ai_power_grid_country_score,project-local-derived-table,2024,0,fillna_to_zero_before_log1p_minmax
FJI,Fiji,public load/capacity,public_load_capacity_signal,public_load_capacity_raw_twh,0.0,TWh,0.0,fillna->0; log1p min-max normalized,higher=stronger,0.3,country_data_centre_electricity_weighted_allocation_iea,https://www.iea.org/reports/energy-and-ai/energy-demand-from-ai,2024,0,fillna_to_zero_before_log1p_minmax
FJI,Fiji,public project capacity,public_project_capacity_signal,public_project_capacity_raw_mw,0.0,MW,0.0,fillna->0; log1p min-max normalized,higher=stronger,0.15,country_data_centre_electricity_weighted_allocation_iea,https://www.iea.org/reports/energy-and-ai/energy-demand-from-ai,2024,0,fillna_to_zero_before_log1p_minmax
FJI,Fiji,service endpoint,service_endpoint_signal,service_endpoint_raw,0.0,score,0.0,fillna->0; log1p min-max normalized,higher=stronger,0.05,ai_service_endpoint_country_score,project-local-derived-table,2024,0,fillna_to_zero_before_log1p_minmax
FRA,France,AI compute,ai_compute_signal,ai_compute_raw,89.61337553487365,score,0.85465621321141,fillna->0; log1p min-max normalized,higher=stronger,0.2,country_data_centre_electricity_weighted_allocation_iea,https://www.iea.org/reports/energy-and-ai/energy-demand-from-ai,2024,0,fillna_to_zero_before_log1p_minmax
FRA,France,data-center footprint,data_center_footprint_signal,data_center_footprint_raw,527.0,count,0.8152331249059819,fillna->0; log1p min-max normalized,higher=stronger,0.2,country_data_centre_electricity_weighted_allocation_iea,https://www.iea.org/reports/energy-and-ai/energy-demand-from-ai,2024,0,fillna_to_zero_before_log1p_minmax
FRA,France,power-grid evidence,power_grid_evidence_signal,power_grid_evidence_raw,18.31405363766844,score,0.6737665847224644,fillna->0; log1p min-max normalized,higher=stronger,0.1,ai_power_grid_country_score,project-local-derived-table,2024,0,fillna_to_zero_before_log1p_minmax
FRA,France,public load/capacity,public_load_capacity_signal,public_load_capacity_raw_twh,9.198,TWh,0.617224008627809,fillna->0; log1p min-max normalized,higher=stronger,0.3,country_data_centre_electricity_weighted_allocation_iea,https://www.iea.org/reports/energy-and-ai/energy-demand-from-ai,2024,0,fillna_to_zero_before_log1p_minmax
FRA,France,public project capacity,public_project_capacity_signal,public_project_capacity_raw_mw,1440.0,MW,0.8298629317421768,fillna->0; log1p min-max normalized,higher=stronger,0.15,country_data_centre_electricity_weighted_allocation_iea,https://www.iea.org/reports/energy-and-ai/energy-demand-from-ai,2024,0,fillna_to_zero_before_log1p_minmax
FRA,France,service endpoint,service_endpoint_signal,service_endpoint_raw,62.71305884594126,score,0.9001692440832653,fillna->0; log1p min-max normalized,higher=stronger,0.05,ai_service_endpoint_country_score,project-local-derived-table,2024,0,fillna_to_zero_before_log1p_minmax
GAB,Gabon,AI compute,ai_compute_signal,ai_compute_raw,0.0,score,0.0,fillna->0; log1p min-max normalized,higher=stronger,0.2,country_data_centre_electricity_weighted_allocation_iea,https://www.iea.org/reports/energy-and-ai/energy-demand-from-ai,2024,0,fillna_to_zero_before_log1p_minmax
GAB,Gabon,data-center footprint,data_center_footprint_signal,data_center_footprint_raw,0.0,count,0.0,fillna->0; log1p min-max normalized,higher=stronger,0.2,country_data_centre_electricity_weighted_allocation_iea,https://www.iea.org/reports/energy-and-ai/energy-demand-from-ai,2024,0,fillna_to_zero_before_log1p_minmax
GAB,Gabon,power-grid evidence,power_grid_evidence_signal,power_grid_evidence_raw,0.0,score,0.0,fillna->0; log1p min-max normalized,higher=stronger,0.1,ai_power_grid_country_score,project-local-derived-table,2024,0,fillna_to_zero_before_log1p_minmax
GAB,Gabon,public load/capacity,public_load_capacity_signal,public_load_capacity_raw_twh,0.0,TWh,0.0,fillna->0; log1p min-max normalized,higher=stronger,0.3,country_data_centre_electricity_weighted_allocation_iea,https://www.iea.org/reports/energy-and-ai/energy-demand-from-ai,2024,0,fillna_to_zero_before_log1p_minmax
GAB,Gabon,public project capacity,public_project_capacity_signal,public_project_capacity_raw_mw,0.0,MW,0.0,fillna->0; log1p min-max normalized,higher=stronger,0.15,country_data_centre_electricity_weighted_allocation_iea,https://www.iea.org/reports/energy-and-ai/energy-demand-from-ai,2024,0,fillna_to_zero_before_log1p_minmax
GAB,Gabon,service endpoint,service_endpoint_signal,service_endpoint_raw,0.0,score,0.0,fillna->0; log1p min-max normalized,higher=stronger,0.05,ai_service_endpoint_country_score,project-local-derived-table,2024,0,fillna_to_zero_before_log1p_minmax
GBR,United Kingdom,AI compute,ai_compute_signal,ai_compute_raw,49.21895526654469,score,0.7427257497143585,fillna->0; log1p min-max normalized,higher=stronger,0.2,country_data_centre_electricity_weighted_allocation_iea,https://www.iea.org/reports/energy-and-ai/energy-demand-from-ai,2024,0,fillna_to_zero_before_log1p_minmax
GBR,United Kingdom,data-center footprint,data_center_footprint_signal,data_center_footprint_raw,348.25,count,0.7614865257239214,fillna->0; log1p min-max normalized,higher=stronger,0.2,country_data_centre_electricity_weighted_allocation_iea,https://www.iea.org/reports/energy-and-ai/energy-demand-from-ai,2024,0,fillna_to_zero_before_log1p_minmax
GBR,United Kingdom,power-grid evidence,power_grid_evidence_signal,power_grid_evidence_raw,0.0,score,0.0,fillna->0; log1p min-max normalized,higher=stronger,0.1,ai_power_grid_country_score,project-local-derived-table,2024,0,fillna_to_zero_before_log1p_minmax
GBR,United Kingdom,public load/capacity,public_load_capacity_signal,public_load_capacity_raw_twh,0.0,TWh,0.0,fillna->0; log1p min-max normalized,higher=stronger,0.3,country_data_centre_electricity_weighted_allocation_iea,https://www.iea.org/reports/energy-and-ai/energy-demand-from-ai,2024,0,fillna_to_zero_before_log1p_minmax
GBR,United Kingdom,public project capacity,public_project_capacity_signal,public_project_capacity_raw_mw,0.0,MW,0.0,fillna->0; log1p min-max normalized,higher=stronger,0.15,country_data_centre_electricity_weighted_allocation_iea,https://www.iea.org/reports/energy-and-ai/energy-demand-from-ai,2024,0,fillna_to_zero_before_log1p_minmax
GBR,United Kingdom,service endpoint,service_endpoint_signal,service_endpoint_raw,61.48565869374926,score,0.895954299443138,fillna->0; log1p min-max normalized,higher=stronger,0.05,ai_service_endpoint_country_score,project-local-derived-table,2024,0,fillna_to_zero_before_log1p_minmax
GEO,Georgia,AI compute,ai_compute_signal,ai_compute_raw,0.0,score,0.0,fillna->0; log1p min-max normalized,higher=stronger,0.2,country_data_centre_electricity_weighted_allocation_iea,https://www.iea.org/reports/energy-and-ai/energy-demand-from-ai,2024,0,fillna_to_zero_before_log1p_minmax
GEO,Georgia,data-center footprint,data_center_footprint_signal,data_center_footprint_raw,4.5,count,0.2216853995407801,fillna->0; log1p min-max normalized,higher=stronger,0.2,country_data_centre_electricity_weighted_allocation_iea,https://www.iea.org/reports/energy-and-ai/energy-demand-from-ai,2024,0,fillna_to_zero_before_log1p_minmax
GEO,Georgia,power-grid evidence,power_grid_evidence_signal,power_grid_evidence_raw,0.0,score,0.0,fillna->0; log1p min-max normalized,higher=stronger,0.1,ai_power_grid_country_score,project-local-derived-table,2024,0,fillna_to_zero_before_log1p_minmax
GEO,Georgia,public load/capacity,public_load_capacity_signal,public_load_capacity_raw_twh,0.0,TWh,0.0,fillna->0; log1p min-max normalized,higher=stronger,0.3,country_data_centre_electricity_weighted_allocation_iea,https://www.iea.org/reports/energy-and-ai/energy-demand-from-ai,2024,0,fillna_to_zero_before_log1p_minmax
GEO,Georgia,public project capacity,public_project_capacity_signal,public_project_capacity_raw_mw,0.0,MW,0.0,fillna->0; log1p min-max normalized,higher=stronger,0.15,country_data_centre_electricity_weighted_allocation_iea,https://www.iea.org/reports/energy-and-ai/energy-demand-from-ai,2024,0,fillna_to_zero_before_log1p_minmax
GEO,Georgia,service endpoint,service_endpoint_signal,service_endpoint_raw,0.0,score,0.0,fillna->0; log1p min-max normalized,higher=stronger,0.05,ai_service_endpoint_country_score,project-local-derived-table,2024,0,fillna_to_zero_before_log1p_minmax
GHA,Ghana,AI compute,ai_compute_signal,ai_compute_raw,0.0,score,0.0,fillna->0; log1p min-max normalized,higher=stronger,0.2,country_data_centre_electricity_weighted_allocation_iea,https://www.iea.org/reports/energy-and-ai/energy-demand-from-ai,2024,0,fillna_to_zero_before_log1p_minmax
GHA,Ghana,data-center footprint,data_center_footprint_signal,data_center_footprint_raw,3.25,count,0.1881573085758391,fillna->0; log1p min-max normalized,higher=stronger,0.2,country_data_centre_electricity_weighted_allocation_iea,https://www.iea.org/reports/energy-and-ai/energy-demand-from-ai,2024,0,fillna_to_zero_before_log1p_minmax
GHA,Ghana,power-grid evidence,power_grid_evidence_signal,power_grid_evidence_raw,0.0,score,0.0,fillna->0; log1p min-max normalized,higher=stronger,0.1,ai_power_grid_country_score,project-local-derived-table,2024,0,fillna_to_zero_before_log1p_minmax
GHA,Ghana,public load/capacity,public_load_capacity_signal,public_load_capacity_raw_twh,0.0,TWh,0.0,fillna->0; log1p min-max normalized,higher=stronger,0.3,country_data_centre_electricity_weighted_allocation_iea,https://www.iea.org/reports/energy-and-ai/energy-demand-from-ai,2024,0,fillna_to_zero_before_log1p_minmax
GHA,Ghana,public project capacity,public_project_capacity_signal,public_project_capacity_raw_mw,0.0,MW,0.0,fillna->0; log1p min-max normalized,higher=stronger,0.15,country_data_centre_electricity_weighted_allocation_iea,https://www.iea.org/reports/energy-and-ai/energy-demand-from-ai,2024,0,fillna_to_zero_before_log1p_minmax
GHA,Ghana,service endpoint,service_endpoint_signal,service_endpoint_raw,0.0,score,0.0,fillna->0; log1p min-max normalized,higher=stronger,0.05,ai_service_endpoint_country_score,project-local-derived-table,2024,0,fillna_to_zero_before_log1p_minmax
GIB,Gibraltar,AI compute,ai_compute_signal,ai_compute_raw,0.0,score,0.0,fillna->0; log1p min-max normalized,higher=stronger,0.2,country_data_centre_electricity_weighted_allocation_iea,https://www.iea.org/reports/energy-and-ai/energy-demand-from-ai,2024,0,fillna_to_zero_before_log1p_minmax
GIB,Gibraltar,data-center footprint,data_center_footprint_signal,data_center_footprint_raw,0.0,count,0.0,fillna->0; log1p min-max normalized,higher=stronger,0.2,country_data_centre_electricity_weighted_allocation_iea,https://www.iea.org/reports/energy-and-ai/energy-demand-from-ai,2024,0,fillna_to_zero_before_log1p_minmax
GIB,Gibraltar,power-grid evidence,power_grid_evidence_signal,power_grid_evidence_raw,0.0,score,0.0,fillna->0; log1p min-max normalized,higher=stronger,0.1,ai_power_grid_country_score,project-local-derived-table,2024,0,fillna_to_zero_before_log1p_minmax
GIB,Gibraltar,public load/capacity,public_load_capacity_signal,public_load_capacity_raw_twh,0.0,TWh,0.0,fillna->0; log1p min-max normalized,higher=stronger,0.3,country_data_centre_electricity_weighted_allocation_iea,https://www.iea.org/reports/energy-and-ai/energy-demand-from-ai,2024,0,fillna_to_zero_before_log1p_minmax
GIB,Gibraltar,public project capacity,public_project_capacity_signal,public_project_capacity_raw_mw,0.0,MW,0.0,fillna->0; log1p min-max normalized,higher=stronger,0.15,country_data_centre_electricity_weighted_allocation_iea,https://www.iea.org/reports/energy-and-ai/energy-demand-from-ai,2024,0,fillna_to_zero_before_log1p_minmax
GIB,Gibraltar,service endpoint,service_endpoint_signal,service_endpoint_raw,0.0,score,0.0,fillna->0; log1p min-max normalized,higher=stronger,0.05,ai_service_endpoint_country_score,project-local-derived-table,2024,0,fillna_to_zero_before_log1p_minmax
GIN,Guinea,AI compute,ai_compute_signal,ai_compute_raw,0.0,score,0.0,fillna->0; log1p min-max normalized,higher=stronger,0.2,country_data_centre_electricity_weighted_allocation_iea,https://www.iea.org/reports/energy-and-ai/energy-demand-from-ai,2024,0,fillna_to_zero_before_log1p_minmax
GIN,Guinea,data-center footprint,data_center_footprint_signal,data_center_footprint_raw,0.0,count,0.0,fillna->0; log1p min-max normalized,higher=stronger,0.2,country_data_centre_electricity_weighted_allocation_iea,https://www.iea.org/reports/energy-and-ai/energy-demand-from-ai,2024,0,fillna_to_zero_before_log1p_minmax
GIN,Guinea,power-grid evidence,power_grid_evidence_signal,power_grid_evidence_raw,0.0,score,0.0,fillna->0; log1p min-max normalized,higher=stronger,0.1,ai_power_grid_country_score,project-local-derived-table,2024,0,fillna_to_zero_before_log1p_minmax
GIN,Guinea,public load/capacity,public_load_capacity_signal,public_load_capacity_raw_twh,0.0,TWh,0.0,fillna->0; log1p min-max normalized,higher=stronger,0.3,country_data_centre_electricity_weighted_allocation_iea,https://www.iea.org/reports/energy-and-ai/energy-demand-from-ai,2024,0,fillna_to_zero_before_log1p_minmax
GIN,Guinea,public project capacity,public_project_capacity_signal,public_project_capacity_raw_mw,0.0,MW,0.0,fillna->0; log1p min-max normalized,higher=stronger,0.15,country_data_centre_electricity_weighted_allocation_iea,https://www.iea.org/reports/energy-and-ai/energy-demand-from-ai,2024,0,fillna_to_zero_before_log1p_minmax
GIN,Guinea,service endpoint,service_endpoint_signal,service_endpoint_raw,0.0,score,0.0,fillna->0; log1p min-max normalized,higher=stronger,0.05,ai_service_endpoint_country_score,project-local-derived-table,2024,0,fillna_to_zero_before_log1p_minmax
GMB,"Gambia, The",AI compute,ai_compute_signal,ai_compute_raw,0.0,score,0.0,fillna->0; log1p min-max normalized,higher=stronger,0.2,country_data_centre_electricity_weighted_allocation_iea,https://www.iea.org/reports/energy-and-ai/energy-demand-from-ai,2024,0,fillna_to_zero_before_log1p_minmax
GMB,"Gambia, The",data-center footprint,data_center_footprint_signal,data_center_footprint_raw,0.0,count,0.0,fillna->0; log1p min-max normalized,higher=stronger,0.2,country_data_centre_electricity_weighted_allocation_iea,https://www.iea.org/reports/energy-and-ai/energy-demand-from-ai,2024,0,fillna_to_zero_before_log1p_minmax
GMB,"Gambia, The",power-grid evidence,power_grid_evidence_signal,power_grid_evidence_raw,0.0,score,0.0,fillna->0; log1p min-max normalized,higher=stronger,0.1,ai_power_grid_country_score,project-local-derived-table,2024,0,fillna_to_zero_before_log1p_minmax
GMB,"Gambia, The",public load/capacity,public_load_capacity_signal,public_load_capacity_raw_twh,0.0,TWh,0.0,fillna->0; log1p min-max normalized,higher=stronger,0.3,country_data_centre_electricity_weighted_allocation_iea,https://www.iea.org/reports/energy-and-ai/energy-demand-from-ai,2024,0,fillna_to_zero_before_log1p_minmax
GMB,"Gambia, The",public project capacity,public_project_capacity_signal,public_project_capacity_raw_mw,0.0,MW,0.0,fillna->0; log1p min-max normalized,higher=stronger,0.15,country_data_centre_electricity_weighted_allocation_iea,https://www.iea.org/reports/energy-and-ai/energy-demand-from-ai,2024,0,fillna_to_zero_before_log1p_minmax
GMB,"Gambia, The",service endpoint,service_endpoint_signal,service_endpoint_raw,0.0,score,0.0,fillna->0; log1p min-max normalized,higher=stronger,0.05,ai_service_endpoint_country_score,project-local-derived-table,2024,0,fillna_to_zero_before_log1p_minmax
GRC,Greece,AI compute,ai_compute_signal,ai_compute_raw,0.0,score,0.0,fillna->0; log1p min-max normalized,higher=stronger,0.2,country_data_centre_electricity_weighted_allocation_iea,https://www.iea.org/reports/energy-and-ai/energy-demand-from-ai,2024,0,fillna_to_zero_before_log1p_minmax
GRC,Greece,data-center footprint,data_center_footprint_signal,data_center_footprint_raw,8.0,count,0.2857270294217036,fillna->0; log1p min-max normalized,higher=stronger,0.2,country_data_centre_electricity_weighted_allocation_iea,https://www.iea.org/reports/energy-and-ai/energy-demand-from-ai,2024,0,fillna_to_zero_before_log1p_minmax
GRC,Greece,power-grid evidence,power_grid_evidence_signal,power_grid_evidence_raw,0.0,score,0.0,fillna->0; log1p min-max normalized,higher=stronger,0.1,ai_power_grid_country_score,project-local-derived-table,2024,0,fillna_to_zero_before_log1p_minmax
GRC,Greece,public load/capacity,public_load_capacity_signal,public_load_capacity_raw_twh,0.0,TWh,0.0,fillna->0; log1p min-max normalized,higher=stronger,0.3,country_data_centre_electricity_weighted_allocation_iea,https://www.iea.org/reports/energy-and-ai/energy-demand-from-ai,2024,0,fillna_to_zero_before_log1p_minmax
GRC,Greece,public project capacity,public_project_capacity_signal,public_project_capacity_raw_mw,0.0,MW,0.0,fillna->0; log1p min-max normalized,higher=stronger,0.15,country_data_centre_electricity_weighted_allocation_iea,https://www.iea.org/reports/energy-and-ai/energy-demand-from-ai,2024,0,fillna_to_zero_before_log1p_minmax
GRC,Greece,service endpoint,service_endpoint_signal,service_endpoint_raw,0.0,score,0.0,fillna->0; log1p min-max normalized,higher=stronger,0.05,ai_service_endpoint_country_score,project-local-derived-table,2024,0,fillna_to_zero_before_log1p_minmax
GRD,Grenada,AI compute,ai_compute_signal,ai_compute_raw,0.0,score,0.0,fillna->0; log1p min-max normalized,higher=stronger,0.2,country_data_centre_electricity_weighted_allocation_iea,https://www.iea.org/reports/energy-and-ai/energy-demand-from-ai,2024,0,fillna_to_zero_before_log1p_minmax
GRD,Grenada,data-center footprint,data_center_footprint_signal,data_center_footprint_raw,0.0,count,0.0,fillna->0; log1p min-max normalized,higher=stronger,0.2,country_data_centre_electricity_weighted_allocation_iea,https://www.iea.org/reports/energy-and-ai/energy-demand-from-ai,2024,0,fillna_to_zero_before_log1p_minmax
GRD,Grenada,power-grid evidence,power_grid_evidence_signal,power_grid_evidence_raw,0.0,score,0.0,fillna->0; log1p min-max normalized,higher=stronger,0.1,ai_power_grid_country_score,project-local-derived-table,2024,0,fillna_to_zero_before_log1p_minmax
GRD,Grenada,public load/capacity,public_load_capacity_signal,public_load_capacity_raw_twh,0.0,TWh,0.0,fillna->0; log1p min-max normalized,higher=stronger,0.3,country_data_centre_electricity_weighted_allocation_iea,https://www.iea.org/reports/energy-and-ai/energy-demand-from-ai,2024,0,fillna_to_zero_before_log1p_minmax
GRD,Grenada,public project capacity,public_project_capacity_signal,public_project_capacity_raw_mw,0.0,MW,0.0,fillna->0; log1p min-max normalized,higher=stronger,0.15,country_data_centre_electricity_weighted_allocation_iea,https://www.iea.org/reports/energy-and-ai/energy-demand-from-ai,2024,0,fillna_to_zero_before_log1p_minmax
GRD,Grenada,service endpoint,service_endpoint_signal,service_endpoint_raw,0.0,score,0.0,fillna->0; log1p min-max normalized,higher=stronger,0.05,ai_service_endpoint_country_score,project-local-derived-table,2024,0,fillna_to_zero_before_log1p_minmax
GTM,Guatemala,AI compute,ai_compute_signal,ai_compute_raw,0.0,score,0.0,fillna->0; log1p min-max normalized,higher=stronger,0.2,country_data_centre_electricity_weighted_allocation_iea,https://www.iea.org/reports/energy-and-ai/energy-demand-from-ai,2024,0,fillna_to_zero_before_log1p_minmax
GTM,Guatemala,data-center footprint,data_center_footprint_signal,data_center_footprint_raw,0.0,count,0.0,fillna->0; log1p min-max normalized,higher=stronger,0.2,country_data_centre_electricity_weighted_allocation_iea,https://www.iea.org/reports/energy-and-ai/energy-demand-from-ai,2024,0,fillna_to_zero_before_log1p_minmax
GTM,Guatemala,power-grid evidence,power_grid_evidence_signal,power_grid_evidence_raw,0.0,score,0.0,fillna->0; log1p min-max normalized,higher=stronger,0.1,ai_power_grid_country_score,project-local-derived-table,2024,0,fillna_to_zero_before_log1p_minmax
GTM,Guatemala,public load/capacity,public_load_capacity_signal,public_load_capacity_raw_twh,0.0,TWh,0.0,fillna->0; log1p min-max normalized,higher=stronger,0.3,country_data_centre_electricity_weighted_allocation_iea,https://www.iea.org/reports/energy-and-ai/energy-demand-from-ai,2024,0,fillna_to_zero_before_log1p_minmax
GTM,Guatemala,public project capacity,public_project_capacity_signal,public_project_capacity_raw_mw,0.0,MW,0.0,fillna->0; log1p min-max normalized,higher=stronger,0.15,country_data_centre_electricity_weighted_allocation_iea,https://www.iea.org/reports/energy-and-ai/energy-demand-from-ai,2024,0,fillna_to_zero_before_log1p_minmax
GTM,Guatemala,service endpoint,service_endpoint_signal,service_endpoint_raw,0.0,score,0.0,fillna->0; log1p min-max normalized,higher=stronger,0.05,ai_service_endpoint_country_score,project-local-derived-table,2024,0,fillna_to_zero_before_log1p_minmax
GUM,Guam,AI compute,ai_compute_signal,ai_compute_raw,0.0,score,0.0,fillna->0; log1p min-max normalized,higher=stronger,0.2,country_data_centre_electricity_weighted_allocation_iea,https://www.iea.org/reports/energy-and-ai/energy-demand-from-ai,2024,0,fillna_to_zero_before_log1p_minmax
GUM,Guam,data-center footprint,data_center_footprint_signal,data_center_footprint_raw,0.0,count,0.0,fillna->0; log1p min-max normalized,higher=stronger,0.2,country_data_centre_electricity_weighted_allocation_iea,https://www.iea.org/reports/energy-and-ai/energy-demand-from-ai,2024,0,fillna_to_zero_before_log1p_minmax
GUM,Guam,power-grid evidence,power_grid_evidence_signal,power_grid_evidence_raw,0.0,score,0.0,fillna->0; log1p min-max normalized,higher=stronger,0.1,ai_power_grid_country_score,project-local-derived-table,2024,0,fillna_to_zero_before_log1p_minmax
GUM,Guam,public load/capacity,public_load_capacity_signal,public_load_capacity_raw_twh,0.0,TWh,0.0,fillna->0; log1p min-max normalized,higher=stronger,0.3,country_data_centre_electricity_weighted_allocation_iea,https://www.iea.org/reports/energy-and-ai/energy-demand-from-ai,2024,0,fillna_to_zero_before_log1p_minmax
GUM,Guam,public project capacity,public_project_capacity_signal,public_project_capacity_raw_mw,0.0,MW,0.0,fillna->0; log1p min-max normalized,higher=stronger,0.15,country_data_centre_electricity_weighted_allocation_iea,https://www.iea.org/reports/energy-and-ai/energy-demand-from-ai,2024,0,fillna_to_zero_before_log1p_minmax
GUM,Guam,service endpoint,service_endpoint_signal,service_endpoint_raw,0.0,score,0.0,fillna->0; log1p min-max normalized,higher=stronger,0.05,ai_service_endpoint_country_score,project-local-derived-table,2024,0,fillna_to_zero_before_log1p_minmax
GUY,Guyana,AI compute,ai_compute_signal,ai_compute_raw,0.0,score,0.0,fillna->0; log1p min-max normalized,higher=stronger,0.2,country_data_centre_electricity_weighted_allocation_iea,https://www.iea.org/reports/energy-and-ai/energy-demand-from-ai,2024,0,fillna_to_zero_before_log1p_minmax
GUY,Guyana,data-center footprint,data_center_footprint_signal,data_center_footprint_raw,0.0,count,0.0,fillna->0; log1p min-max normalized,higher=stronger,0.2,country_data_centre_electricity_weighted_allocation_iea,https://www.iea.org/reports/energy-and-ai/energy-demand-from-ai,2024,0,fillna_to_zero_before_log1p_minmax
GUY,Guyana,power-grid evidence,power_grid_evidence_signal,power_grid_evidence_raw,0.0,score,0.0,fillna->0; log1p min-max normalized,higher=stronger,0.1,ai_power_grid_country_score,project-local-derived-table,2024,0,fillna_to_zero_before_log1p_minmax
GUY,Guyana,public load/capacity,public_load_capacity_signal,public_load_capacity_raw_twh,0.0,TWh,0.0,fillna->0; log1p min-max normalized,higher=stronger,0.3,country_data_centre_electricity_weighted_allocation_iea,https://www.iea.org/reports/energy-and-ai/energy-demand-from-ai,2024,0,fillna_to_zero_before_log1p_minmax
GUY,Guyana,public project capacity,public_project_capacity_signal,public_project_capacity_raw_mw,0.0,MW,0.0,fillna->0; log1p min-max normalized,higher=stronger,0.15,country_data_centre_electricity_weighted_allocation_iea,https://www.iea.org/reports/energy-and-ai/energy-demand-from-ai,2024,0,fillna_to_zero_before_log1p_minmax
GUY,Guyana,service endpoint,service_endpoint_signal,service_endpoint_raw,0.0,score,0.0,fillna->0; log1p min-max normalized,higher=stronger,0.05,ai_service_endpoint_country_score,project-local-derived-table,2024,0,fillna_to_zero_before_log1p_minmax
HKG,"Hong Kong SAR, China",AI compute,ai_compute_signal,ai_compute_raw,11.0,score,0.4712510634961699,fillna->0; log1p min-max normalized,higher=stronger,0.2,country_data_centre_electricity_weighted_allocation_iea,https://www.iea.org/reports/energy-and-ai/energy-demand-from-ai,2024,0,fillna_to_zero_before_log1p_minmax
HKG,"Hong Kong SAR, China",data-center footprint,data_center_footprint_signal,data_center_footprint_raw,0.0,count,0.0,fillna->0; log1p min-max normalized,higher=stronger,0.2,country_data_centre_electricity_weighted_allocation_iea,https://www.iea.org/reports/energy-and-ai/energy-demand-from-ai,2024,0,fillna_to_zero_before_log1p_minmax
HKG,"Hong Kong SAR, China",power-grid evidence,power_grid_evidence_signal,power_grid_evidence_raw,0.0,score,0.0,fillna->0; log1p min-max normalized,higher=stronger,0.1,ai_power_grid_country_score,project-local-derived-table,2024,0,fillna_to_zero_before_log1p_minmax
HKG,"Hong Kong SAR, China",public load/capacity,public_load_capacity_signal,public_load_capacity_raw_twh,0.0,TWh,0.0,fillna->0; log1p min-max normalized,higher=stronger,0.3,country_data_centre_electricity_weighted_allocation_iea,https://www.iea.org/reports/energy-and-ai/energy-demand-from-ai,2024,0,fillna_to_zero_before_log1p_minmax
HKG,"Hong Kong SAR, China",public project capacity,public_project_capacity_signal,public_project_capacity_raw_mw,0.0,MW,0.0,fillna->0; log1p min-max normalized,higher=stronger,0.15,country_data_centre_electricity_weighted_allocation_iea,https://www.iea.org/reports/energy-and-ai/energy-demand-from-ai,2024,0,fillna_to_zero_before_log1p_minmax
HKG,"Hong Kong SAR, China",service endpoint,service_endpoint_signal,service_endpoint_raw,47.18882686302947,score,0.8396589367976609,fillna->0; log1p min-max normalized,higher=stronger,0.05,ai_service_endpoint_country_score,project-local-derived-table,2024,0,fillna_to_zero_before_log1p_minmax
HND,Honduras,AI compute,ai_compute_signal,ai_compute_raw,0.0,score,0.0,fillna->0; log1p min-max normalized,higher=stronger,0.2,country_data_centre_electricity_weighted_allocation_iea,https://www.iea.org/reports/energy-and-ai/energy-demand-from-ai,2024,0,fillna_to_zero_before_log1p_minmax
HND,Honduras,data-center footprint,data_center_footprint_signal,data_center_footprint_raw,0.0,count,0.0,fillna->0; log1p min-max normalized,higher=stronger,0.2,country_data_centre_electricity_weighted_allocation_iea,https://www.iea.org/reports/energy-and-ai/energy-demand-from-ai,2024,0,fillna_to_zero_before_log1p_minmax
HND,Honduras,power-grid evidence,power_grid_evidence_signal,power_grid_evidence_raw,0.0,score,0.0,fillna->0; log1p min-max normalized,higher=stronger,0.1,ai_power_grid_country_score,project-local-derived-table,2024,0,fillna_to_zero_before_log1p_minmax
HND,Honduras,public load/capacity,public_load_capacity_signal,public_load_capacity_raw_twh,0.0,TWh,0.0,fillna->0; log1p min-max normalized,higher=stronger,0.3,country_data_centre_electricity_weighted_allocation_iea,https://www.iea.org/reports/energy-and-ai/energy-demand-from-ai,2024,0,fillna_to_zero_before_log1p_minmax
HND,Honduras,public project capacity,public_project_capacity_signal,public_project_capacity_raw_mw,0.0,MW,0.0,fillna->0; log1p min-max normalized,higher=stronger,0.15,country_data_centre_electricity_weighted_allocation_iea,https://www.iea.org/reports/energy-and-ai/energy-demand-from-ai,2024,0,fillna_to_zero_before_log1p_minmax
HND,Honduras,service endpoint,service_endpoint_signal,service_endpoint_raw,0.0,score,0.0,fillna->0; log1p min-max normalized,higher=stronger,0.05,ai_service_endpoint_country_score,project-local-derived-table,2024,0,fillna_to_zero_before_log1p_minmax
HRV,Croatia,AI compute,ai_compute_signal,ai_compute_raw,0.0,score,0.0,fillna->0; log1p min-max normalized,higher=stronger,0.2,country_data_centre_electricity_weighted_allocation_iea,https://www.iea.org/reports/energy-and-ai/energy-demand-from-ai,2024,0,fillna_to_zero_before_log1p_minmax
HRV,Croatia,data-center footprint,data_center_footprint_signal,data_center_footprint_raw,8.75,count,0.2961357811379965,fillna->0; log1p min-max normalized,higher=stronger,0.2,country_data_centre_electricity_weighted_allocation_iea,https://www.iea.org/reports/energy-and-ai/energy-demand-from-ai,2024,0,fillna_to_zero_before_log1p_minmax
HRV,Croatia,power-grid evidence,power_grid_evidence_signal,power_grid_evidence_raw,0.0,score,0.0,fillna->0; log1p min-max normalized,higher=stronger,0.1,ai_power_grid_country_score,project-local-derived-table,2024,0,fillna_to_zero_before_log1p_minmax
HRV,Croatia,public load/capacity,public_load_capacity_signal,public_load_capacity_raw_twh,0.0,TWh,0.0,fillna->0; log1p min-max normalized,higher=stronger,0.3,country_data_centre_electricity_weighted_allocation_iea,https://www.iea.org/reports/energy-and-ai/energy-demand-from-ai,2024,0,fillna_to_zero_before_log1p_minmax
HRV,Croatia,public project capacity,public_project_capacity_signal,public_project_capacity_raw_mw,0.0,MW,0.0,fillna->0; log1p min-max normalized,higher=stronger,0.15,country_data_centre_electricity_weighted_allocation_iea,https://www.iea.org/reports/energy-and-ai/energy-demand-from-ai,2024,0,fillna_to_zero_before_log1p_minmax
HRV,Croatia,service endpoint,service_endpoint_signal,service_endpoint_raw,0.0,score,0.0,fillna->0; log1p min-max normalized,higher=stronger,0.05,ai_service_endpoint_country_score,project-local-derived-table,2024,0,fillna_to_zero_before_log1p_minmax
HTI,Haiti,AI compute,ai_compute_signal,ai_compute_raw,0.0,score,0.0,fillna->0; log1p min-max normalized,higher=stronger,0.2,country_data_centre_electricity_weighted_allocation_iea,https://www.iea.org/reports/energy-and-ai/energy-demand-from-ai,2024,0,fillna_to_zero_before_log1p_minmax
HTI,Haiti,data-center footprint,data_center_footprint_signal,data_center_footprint_raw,0.0,count,0.0,fillna->0; log1p min-max normalized,higher=stronger,0.2,country_data_centre_electricity_weighted_allocation_iea,https://www.iea.org/reports/energy-and-ai/energy-demand-from-ai,2024,0,fillna_to_zero_before_log1p_minmax
HTI,Haiti,power-grid evidence,power_grid_evidence_signal,power_grid_evidence_raw,0.0,score,0.0,fillna->0; log1p min-max normalized,higher=stronger,0.1,ai_power_grid_country_score,project-local-derived-table,2024,0,fillna_to_zero_before_log1p_minmax
HTI,Haiti,public load/capacity,public_load_capacity_signal,public_load_capacity_raw_twh,0.0,TWh,0.0,fillna->0; log1p min-max normalized,higher=stronger,0.3,country_data_centre_electricity_weighted_allocation_iea,https://www.iea.org/reports/energy-and-ai/energy-demand-from-ai,2024,0,fillna_to_zero_before_log1p_minmax
HTI,Haiti,public project capacity,public_project_capacity_signal,public_project_capacity_raw_mw,0.0,MW,0.0,fillna->0; log1p min-max normalized,higher=stronger,0.15,country_data_centre_electricity_weighted_allocation_iea,https://www.iea.org/reports/energy-and-ai/energy-demand-from-ai,2024,0,fillna_to_zero_before_log1p_minmax
HTI,Haiti,service endpoint,service_endpoint_signal,service_endpoint_raw,0.0,score,0.0,fillna->0; log1p min-max normalized,higher=stronger,0.05,ai_service_endpoint_country_score,project-local-derived-table,2024,0,fillna_to_zero_before_log1p_minmax
HUN,Hungary,AI compute,ai_compute_signal,ai_compute_raw,0.0,score,0.0,fillna->0; log1p min-max normalized,higher=stronger,0.2,country_data_centre_electricity_weighted_allocation_iea,https://www.iea.org/reports/energy-and-ai/energy-demand-from-ai,2024,0,fillna_to_zero_before_log1p_minmax
HUN,Hungary,data-center footprint,data_center_footprint_signal,data_center_footprint_raw,31.25,count,0.4516962000039988,fillna->0; log1p min-max normalized,higher=stronger,0.2,country_data_centre_electricity_weighted_allocation_iea,https://www.iea.org/reports/energy-and-ai/energy-demand-from-ai,2024,0,fillna_to_zero_before_log1p_minmax
HUN,Hungary,power-grid evidence,power_grid_evidence_signal,power_grid_evidence_raw,0.0,score,0.0,fillna->0; log1p min-max normalized,higher=stronger,0.1,ai_power_grid_country_score,project-local-derived-table,2024,0,fillna_to_zero_before_log1p_minmax
HUN,Hungary,public load/capacity,public_load_capacity_signal,public_load_capacity_raw_twh,0.0,TWh,0.0,fillna->0; log1p min-max normalized,higher=stronger,0.3,country_data_centre_electricity_weighted_allocation_iea,https://www.iea.org/reports/energy-and-ai/energy-demand-from-ai,2024,0,fillna_to_zero_before_log1p_minmax
HUN,Hungary,public project capacity,public_project_capacity_signal,public_project_capacity_raw_mw,0.0,MW,0.0,fillna->0; log1p min-max normalized,higher=stronger,0.15,country_data_centre_electricity_weighted_allocation_iea,https://www.iea.org/reports/energy-and-ai/energy-demand-from-ai,2024,0,fillna_to_zero_before_log1p_minmax
HUN,Hungary,service endpoint,service_endpoint_signal,service_endpoint_raw,0.0,score,0.0,fillna->0; log1p min-max normalized,higher=stronger,0.05,ai_service_endpoint_country_score,project-local-derived-table,2024,0,fillna_to_zero_before_log1p_minmax
IDN,Indonesia,AI compute,ai_compute_signal,ai_compute_raw,8.394688567182257,score,0.4248330497002749,fillna->0; log1p min-max normalized,higher=stronger,0.2,country_data_centre_electricity_weighted_allocation_iea,https://www.iea.org/reports/energy-and-ai/energy-demand-from-ai,2024,0,fillna_to_zero_before_log1p_minmax
IDN,Indonesia,data-center footprint,data_center_footprint_signal,data_center_footprint_raw,27.0,count,0.4333197916765671,fillna->0; log1p min-max normalized,higher=stronger,0.2,country_data_centre_electricity_weighted_allocation_iea,https://www.iea.org/reports/energy-and-ai/energy-demand-from-ai,2024,0,fillna_to_zero_before_log1p_minmax
IDN,Indonesia,power-grid evidence,power_grid_evidence_signal,power_grid_evidence_raw,0.0,score,0.0,fillna->0; log1p min-max normalized,higher=stronger,0.1,ai_power_grid_country_score,project-local-derived-table,2024,0,fillna_to_zero_before_log1p_minmax
IDN,Indonesia,public load/capacity,public_load_capacity_signal,public_load_capacity_raw_twh,0.0,TWh,0.0,fillna->0; log1p min-max normalized,higher=stronger,0.3,country_data_centre_electricity_weighted_allocation_iea,https://www.iea.org/reports/energy-and-ai/energy-demand-from-ai,2024,0,fillna_to_zero_before_log1p_minmax
IDN,Indonesia,public project capacity,public_project_capacity_signal,public_project_capacity_raw_mw,0.0,MW,0.0,fillna->0; log1p min-max normalized,higher=stronger,0.15,country_data_centre_electricity_weighted_allocation_iea,https://www.iea.org/reports/energy-and-ai/energy-demand-from-ai,2024,0,fillna_to_zero_before_log1p_minmax
IDN,Indonesia,service endpoint,service_endpoint_signal,service_endpoint_raw,0.0,score,0.0,fillna->0; log1p min-max normalized,higher=stronger,0.05,ai_service_endpoint_country_score,project-local-derived-table,2024,0,fillna_to_zero_before_log1p_minmax
IMN,Isle of Man,AI compute,ai_compute_signal,ai_compute_raw,0.0,score,0.0,fillna->0; log1p min-max normalized,higher=stronger,0.2,country_data_centre_electricity_weighted_allocation_iea,https://www.iea.org/reports/energy-and-ai/energy-demand-from-ai,2024,0,fillna_to_zero_before_log1p_minmax
IMN,Isle of Man,data-center footprint,data_center_footprint_signal,data_center_footprint_raw,0.0,count,0.0,fillna->0; log1p min-max normalized,higher=stronger,0.2,country_data_centre_electricity_weighted_allocation_iea,https://www.iea.org/reports/energy-and-ai/energy-demand-from-ai,2024,0,fillna_to_zero_before_log1p_minmax
IMN,Isle of Man,power-grid evidence,power_grid_evidence_signal,power_grid_evidence_raw,0.0,score,0.0,fillna->0; log1p min-max normalized,higher=stronger,0.1,ai_power_grid_country_score,project-local-derived-table,2024,0,fillna_to_zero_before_log1p_minmax
IMN,Isle of Man,public load/capacity,public_load_capacity_signal,public_load_capacity_raw_twh,0.0,TWh,0.0,fillna->0; log1p min-max normalized,higher=stronger,0.3,country_data_centre_electricity_weighted_allocation_iea,https://www.iea.org/reports/energy-and-ai/energy-demand-from-ai,2024,0,fillna_to_zero_before_log1p_minmax
IMN,Isle of Man,public project capacity,public_project_capacity_signal,public_project_capacity_raw_mw,0.0,MW,0.0,fillna->0; log1p min-max normalized,higher=stronger,0.15,country_data_centre_electricity_weighted_allocation_iea,https://www.iea.org/reports/energy-and-ai/energy-demand-from-ai,2024,0,fillna_to_zero_before_log1p_minmax
IMN,Isle of Man,service endpoint,service_endpoint_signal,service_endpoint_raw,0.0,score,0.0,fillna->0; log1p min-max normalized,higher=stronger,0.05,ai_service_endpoint_country_score,project-local-derived-table,2024,0,fillna_to_zero_before_log1p_minmax
IND,India,AI compute,ai_compute_signal,ai_compute_raw,82.3032398796619,score,0.8387043073704752,fillna->0; log1p min-max normalized,higher=stronger,0.2,country_data_centre_electricity_weighted_allocation_iea,https://www.iea.org/reports/energy-and-ai/energy-demand-from-ai,2024,0,fillna_to_zero_before_log1p_minmax
IND,India,data-center footprint,data_center_footprint_signal,data_center_footprint_raw,83.75,count,0.5773392248886103,fillna->0; log1p min-max normalized,higher=stronger,0.2,country_data_centre_electricity_weighted_allocation_iea,https://www.iea.org/reports/energy-and-ai/energy-demand-from-ai,2024,0,fillna_to_zero_before_log1p_minmax
IND,India,power-grid evidence,power_grid_evidence_signal,power_grid_evidence_raw,11.162084758764468,score,0.568517968438469,fillna->0; log1p min-max normalized,higher=stronger,0.1,ai_power_grid_country_score,project-local-derived-table,2024,0,fillna_to_zero_before_log1p_minmax
IND,India,public load/capacity,public_load_capacity_signal,public_load_capacity_raw_twh,0.3942,TWh,0.0883287831730763,fillna->0; log1p min-max normalized,higher=stronger,0.3,country_data_centre_electricity_weighted_allocation_iea,https://www.iea.org/reports/energy-and-ai/energy-demand-from-ai,2024,0,fillna_to_zero_before_log1p_minmax
IND,India,public project capacity,public_project_capacity_signal,public_project_capacity_raw_mw,60.0,MW,0.4690524411612179,fillna->0; log1p min-max normalized,higher=stronger,0.15,country_data_centre_electricity_weighted_allocation_iea,https://www.iea.org/reports/energy-and-ai/energy-demand-from-ai,2024,0,fillna_to_zero_before_log1p_minmax
IND,India,service endpoint,service_endpoint_signal,service_endpoint_raw,70.45501548795087,score,0.9250176852600892,fillna->0; log1p min-max normalized,higher=stronger,0.05,ai_service_endpoint_country_score,project-local-derived-table,2024,0,fillna_to_zero_before_log1p_minmax
IRL,Ireland,AI compute,ai_compute_signal,ai_compute_raw,8.10340537971748,score,0.4188599935467925,fillna->0; log1p min-max normalized,higher=stronger,0.2,country_data_centre_electricity_weighted_allocation_iea,https://www.iea.org/reports/energy-and-ai/energy-demand-from-ai,2024,0,fillna_to_zero_before_log1p_minmax
IRL,Ireland,data-center footprint,data_center_footprint_signal,data_center_footprint_raw,118.25,count,0.6217500069111077,fillna->0; log1p min-max normalized,higher=stronger,0.2,country_data_centre_electricity_weighted_allocation_iea,https://www.iea.org/reports/energy-and-ai/energy-demand-from-ai,2024,0,fillna_to_zero_before_log1p_minmax
IRL,Ireland,power-grid evidence,power_grid_evidence_signal,power_grid_evidence_raw,1.7810359355401109,score,0.2327535172152262,fillna->0; log1p min-max normalized,higher=stronger,0.1,ai_power_grid_country_score,project-local-derived-table,2024,0,fillna_to_zero_before_log1p_minmax
IRL,Ireland,public load/capacity,public_load_capacity_signal,public_load_capacity_raw_twh,12.0,TWh,0.6817474961625759,fillna->0; log1p min-max normalized,higher=stronger,0.3,country_data_centre_electricity_weighted_allocation_iea,https://www.iea.org/reports/energy-and-ai/energy-demand-from-ai,2024,0,fillna_to_zero_before_log1p_minmax
IRL,Ireland,public project capacity,public_project_capacity_signal,public_project_capacity_raw_mw,0.0,MW,0.0,fillna->0; log1p min-max normalized,higher=stronger,0.15,country_data_centre_electricity_weighted_allocation_iea,https://www.iea.org/reports/energy-and-ai/energy-demand-from-ai,2024,0,fillna_to_zero_before_log1p_minmax
IRL,Ireland,service endpoint,service_endpoint_signal,service_endpoint_raw,34.182425462684805,score,0.7714959269866818,fillna->0; log1p min-max normalized,higher=stronger,0.05,ai_service_endpoint_country_score,project-local-derived-table,2024,0,fillna_to_zero_before_log1p_minmax
IRN,"Iran, Islamic Rep.",AI compute,ai_compute_signal,ai_compute_raw,0.0,score,0.0,fillna->0; log1p min-max normalized,higher=stronger,0.2,country_data_centre_electricity_weighted_allocation_iea,https://www.iea.org/reports/energy-and-ai/energy-demand-from-ai,2024,0,fillna_to_zero_before_log1p_minmax
IRN,"Iran, Islamic Rep.",data-center footprint,data_center_footprint_signal,data_center_footprint_raw,29.75,count,0.445502649697298,fillna->0; log1p min-max normalized,higher=stronger,0.2,country_data_centre_electricity_weighted_allocation_iea,https://www.iea.org/reports/energy-and-ai/energy-demand-from-ai,2024,0,fillna_to_zero_before_log1p_minmax
IRN,"Iran, Islamic Rep.",power-grid evidence,power_grid_evidence_signal,power_grid_evidence_raw,0.0,score,0.0,fillna->0; log1p min-max normalized,higher=stronger,0.1,ai_power_grid_country_score,project-local-derived-table,2024,0,fillna_to_zero_before_log1p_minmax
IRN,"Iran, Islamic Rep.",public load/capacity,public_load_capacity_signal,public_load_capacity_raw_twh,0.0,TWh,0.0,fillna->0; log1p min-max normalized,higher=stronger,0.3,country_data_centre_electricity_weighted_allocation_iea,https://www.iea.org/reports/energy-and-ai/energy-demand-from-ai,2024,0,fillna_to_zero_before_log1p_minmax
IRN,"Iran, Islamic Rep.",public project capacity,public_project_capacity_signal,public_project_capacity_raw_mw,0.0,MW,0.0,fillna->0; log1p min-max normalized,higher=stronger,0.15,country_data_centre_electricity_weighted_allocation_iea,https://www.iea.org/reports/energy-and-ai/energy-demand-from-ai,2024,0,fillna_to_zero_before_log1p_minmax
IRN,"Iran, Islamic Rep.",service endpoint,service_endpoint_signal,service_endpoint_raw,0.0,score,0.0,fillna->0; log1p min-max normalized,higher=stronger,0.05,ai_service_endpoint_country_score,project-local-derived-table,2024,0,fillna_to_zero_before_log1p_minmax
IRQ,Iraq,AI compute,ai_compute_signal,ai_compute_raw,0.0,score,0.0,fillna->0; log1p min-max normalized,higher=stronger,0.2,country_data_centre_electricity_weighted_allocation_iea,https://www.iea.org/reports/energy-and-ai/energy-demand-from-ai,2024,0,fillna_to_zero_before_log1p_minmax
IRQ,Iraq,data-center footprint,data_center_footprint_signal,data_center_footprint_raw,4.75,count,0.2274659056405804,fillna->0; log1p min-max normalized,higher=stronger,0.2,country_data_centre_electricity_weighted_allocation_iea,https://www.iea.org/reports/energy-and-ai/energy-demand-from-ai,2024,0,fillna_to_zero_before_log1p_minmax
IRQ,Iraq,power-grid evidence,power_grid_evidence_signal,power_grid_evidence_raw,0.0,score,0.0,fillna->0; log1p min-max normalized,higher=stronger,0.1,ai_power_grid_country_score,project-local-derived-table,2024,0,fillna_to_zero_before_log1p_minmax
IRQ,Iraq,public load/capacity,public_load_capacity_signal,public_load_capacity_raw_twh,0.0,TWh,0.0,fillna->0; log1p min-max normalized,higher=stronger,0.3,country_data_centre_electricity_weighted_allocation_iea,https://www.iea.org/reports/energy-and-ai/energy-demand-from-ai,2024,0,fillna_to_zero_before_log1p_minmax
IRQ,Iraq,public project capacity,public_project_capacity_signal,public_project_capacity_raw_mw,0.0,MW,0.0,fillna->0; log1p min-max normalized,higher=stronger,0.15,country_data_centre_electricity_weighted_allocation_iea,https://www.iea.org/reports/energy-and-ai/energy-demand-from-ai,2024,0,fillna_to_zero_before_log1p_minmax
IRQ,Iraq,service endpoint,service_endpoint_signal,service_endpoint_raw,0.0,score,0.0,fillna->0; log1p min-max normalized,higher=stronger,0.05,ai_service_endpoint_country_score,project-local-derived-table,2024,0,fillna_to_zero_before_log1p_minmax
ISL,Iceland,AI compute,ai_compute_signal,ai_compute_raw,0.0,score,0.0,fillna->0; log1p min-max normalized,higher=stronger,0.2,country_data_centre_electricity_weighted_allocation_iea,https://www.iea.org/reports/energy-and-ai/energy-demand-from-ai,2024,0,fillna_to_zero_before_log1p_minmax
ISL,Iceland,data-center footprint,data_center_footprint_signal,data_center_footprint_raw,39.75,count,0.4821174652388663,fillna->0; log1p min-max normalized,higher=stronger,0.2,country_data_centre_electricity_weighted_allocation_iea,https://www.iea.org/reports/energy-and-ai/energy-demand-from-ai,2024,0,fillna_to_zero_before_log1p_minmax
ISL,Iceland,power-grid evidence,power_grid_evidence_signal,power_grid_evidence_raw,0.0,score,0.0,fillna->0; log1p min-max normalized,higher=stronger,0.1,ai_power_grid_country_score,project-local-derived-table,2024,0,fillna_to_zero_before_log1p_minmax
ISL,Iceland,public load/capacity,public_load_capacity_signal,public_load_capacity_raw_twh,0.0,TWh,0.0,fillna->0; log1p min-max normalized,higher=stronger,0.3,country_data_centre_electricity_weighted_allocation_iea,https://www.iea.org/reports/energy-and-ai/energy-demand-from-ai,2024,0,fillna_to_zero_before_log1p_minmax
ISL,Iceland,public project capacity,public_project_capacity_signal,public_project_capacity_raw_mw,0.0,MW,0.0,fillna->0; log1p min-max normalized,higher=stronger,0.15,country_data_centre_electricity_weighted_allocation_iea,https://www.iea.org/reports/energy-and-ai/energy-demand-from-ai,2024,0,fillna_to_zero_before_log1p_minmax
ISL,Iceland,service endpoint,service_endpoint_signal,service_endpoint_raw,0.0,score,0.0,fillna->0; log1p min-max normalized,higher=stronger,0.05,ai_service_endpoint_country_score,project-local-derived-table,2024,0,fillna_to_zero_before_log1p_minmax
ISR,Israel,AI compute,ai_compute_signal,ai_compute_raw,14.244669903002237,score,0.516637617194067,fillna->0; log1p min-max normalized,higher=stronger,0.2,country_data_centre_electricity_weighted_allocation_iea,https://www.iea.org/reports/energy-and-ai/energy-demand-from-ai,2024,0,fillna_to_zero_before_log1p_minmax
ISR,Israel,data-center footprint,data_center_footprint_signal,data_center_footprint_raw,5.5,count,0.2434091085580146,fillna->0; log1p min-max normalized,higher=stronger,0.2,country_data_centre_electricity_weighted_allocation_iea,https://www.iea.org/reports/energy-and-ai/energy-demand-from-ai,2024,0,fillna_to_zero_before_log1p_minmax
ISR,Israel,power-grid evidence,power_grid_evidence_signal,power_grid_evidence_raw,0.0,score,0.0,fillna->0; log1p min-max normalized,higher=stronger,0.1,ai_power_grid_country_score,project-local-derived-table,2024,0,fillna_to_zero_before_log1p_minmax
ISR,Israel,public load/capacity,public_load_capacity_signal,public_load_capacity_raw_twh,0.0,TWh,0.0,fillna->0; log1p min-max normalized,higher=stronger,0.3,country_data_centre_electricity_weighted_allocation_iea,https://www.iea.org/reports/energy-and-ai/energy-demand-from-ai,2024,0,fillna_to_zero_before_log1p_minmax
ISR,Israel,public project capacity,public_project_capacity_signal,public_project_capacity_raw_mw,0.0,MW,0.0,fillna->0; log1p min-max normalized,higher=stronger,0.15,country_data_centre_electricity_weighted_allocation_iea,https://www.iea.org/reports/energy-and-ai/energy-demand-from-ai,2024,0,fillna_to_zero_before_log1p_minmax
ISR,Israel,service endpoint,service_endpoint_signal,service_endpoint_raw,45.61975720054522,score,0.8324862615224063,fillna->0; log1p min-max normalized,higher=stronger,0.05,ai_service_endpoint_country_score,project-local-derived-table,2024,0,fillna_to_zero_before_log1p_minmax
ITA,Italy,AI compute,ai_compute_signal,ai_compute_raw,11.580144230645828,score,0.480204803387363,fillna->0; log1p min-max normalized,higher=stronger,0.2,country_data_centre_electricity_weighted_allocation_iea,https://www.iea.org/reports/energy-and-ai/energy-demand-from-ai,2024,0,fillna_to_zero_before_log1p_minmax
ITA,Italy,data-center footprint,data_center_footprint_signal,data_center_footprint_raw,98.75,count,0.5985307095265825,fillna->0; log1p min-max normalized,higher=stronger,0.2,country_data_centre_electricity_weighted_allocation_iea,https://www.iea.org/reports/energy-and-ai/energy-demand-from-ai,2024,0,fillna_to_zero_before_log1p_minmax
ITA,Italy,power-grid evidence,power_grid_evidence_signal,power_grid_evidence_raw,0.0,score,0.0,fillna->0; log1p min-max normalized,higher=stronger,0.1,ai_power_grid_country_score,project-local-derived-table,2024,0,fillna_to_zero_before_log1p_minmax
ITA,Italy,public load/capacity,public_load_capacity_signal,public_load_capacity_raw_twh,0.0,TWh,0.0,fillna->0; log1p min-max normalized,higher=stronger,0.3,country_data_centre_electricity_weighted_allocation_iea,https://www.iea.org/reports/energy-and-ai/energy-demand-from-ai,2024,0,fillna_to_zero_before_log1p_minmax
ITA,Italy,public project capacity,public_project_capacity_signal,public_project_capacity_raw_mw,0.0,MW,0.0,fillna->0; log1p min-max normalized,higher=stronger,0.15,country_data_centre_electricity_weighted_allocation_iea,https://www.iea.org/reports/energy-and-ai/energy-demand-from-ai,2024,0,fillna_to_zero_before_log1p_minmax
ITA,Italy,service endpoint,service_endpoint_signal,service_endpoint_raw,62.46878762588989,score,0.8993369157879972,fillna->0; log1p min-max normalized,higher=stronger,0.05,ai_service_endpoint_country_score,project-local-derived-table,2024,0,fillna_to_zero_before_log1p_minmax
JAM,Jamaica,AI compute,ai_compute_signal,ai_compute_raw,0.0,score,0.0,fillna->0; log1p min-max normalized,higher=stronger,0.2,country_data_centre_electricity_weighted_allocation_iea,https://www.iea.org/reports/energy-and-ai/energy-demand-from-ai,2024,0,fillna_to_zero_before_log1p_minmax
JAM,Jamaica,data-center footprint,data_center_footprint_signal,data_center_footprint_raw,0.0,count,0.0,fillna->0; log1p min-max normalized,higher=stronger,0.2,country_data_centre_electricity_weighted_allocation_iea,https://www.iea.org/reports/energy-and-ai/energy-demand-from-ai,2024,0,fillna_to_zero_before_log1p_minmax
JAM,Jamaica,power-grid evidence,power_grid_evidence_signal,power_grid_evidence_raw,0.0,score,0.0,fillna->0; log1p min-max normalized,higher=stronger,0.1,ai_power_grid_country_score,project-local-derived-table,2024,0,fillna_to_zero_before_log1p_minmax
JAM,Jamaica,public load/capacity,public_load_capacity_signal,public_load_capacity_raw_twh,0.0,TWh,0.0,fillna->0; log1p min-max normalized,higher=stronger,0.3,country_data_centre_electricity_weighted_allocation_iea,https://www.iea.org/reports/energy-and-ai/energy-demand-from-ai,2024,0,fillna_to_zero_before_log1p_minmax
JAM,Jamaica,public project capacity,public_project_capacity_signal,public_project_capacity_raw_mw,0.0,MW,0.0,fillna->0; log1p min-max normalized,higher=stronger,0.15,country_data_centre_electricity_weighted_allocation_iea,https://www.iea.org/reports/energy-and-ai/energy-demand-from-ai,2024,0,fillna_to_zero_before_log1p_minmax
JAM,Jamaica,service endpoint,service_endpoint_signal,service_endpoint_raw,0.0,score,0.0,fillna->0; log1p min-max normalized,higher=stronger,0.05,ai_service_endpoint_country_score,project-local-derived-table,2024,0,fillna_to_zero_before_log1p_minmax
JOR,Jordan,AI compute,ai_compute_signal,ai_compute_raw,0.0,score,0.0,fillna->0; log1p min-max normalized,higher=stronger,0.2,country_data_centre_electricity_weighted_allocation_iea,https://www.iea.org/reports/energy-and-ai/energy-demand-from-ai,2024,0,fillna_to_zero_before_log1p_minmax
JOR,Jordan,data-center footprint,data_center_footprint_signal,data_center_footprint_raw,0.0,count,0.0,fillna->0; log1p min-max normalized,higher=stronger,0.2,country_data_centre_electricity_weighted_allocation_iea,https://www.iea.org/reports/energy-and-ai/energy-demand-from-ai,2024,0,fillna_to_zero_before_log1p_minmax
JOR,Jordan,power-grid evidence,power_grid_evidence_signal,power_grid_evidence_raw,0.0,score,0.0,fillna->0; log1p min-max normalized,higher=stronger,0.1,ai_power_grid_country_score,project-local-derived-table,2024,0,fillna_to_zero_before_log1p_minmax
JOR,Jordan,public load/capacity,public_load_capacity_signal,public_load_capacity_raw_twh,0.0,TWh,0.0,fillna->0; log1p min-max normalized,higher=stronger,0.3,country_data_centre_electricity_weighted_allocation_iea,https://www.iea.org/reports/energy-and-ai/energy-demand-from-ai,2024,0,fillna_to_zero_before_log1p_minmax
JOR,Jordan,public project capacity,public_project_capacity_signal,public_project_capacity_raw_mw,0.0,MW,0.0,fillna->0; log1p min-max normalized,higher=stronger,0.15,country_data_centre_electricity_weighted_allocation_iea,https://www.iea.org/reports/energy-and-ai/energy-demand-from-ai,2024,0,fillna_to_zero_before_log1p_minmax
JOR,Jordan,service endpoint,service_endpoint_signal,service_endpoint_raw,0.0,score,0.0,fillna->0; log1p min-max normalized,higher=stronger,0.05,ai_service_endpoint_country_score,project-local-derived-table,2024,0,fillna_to_zero_before_log1p_minmax
JPN,Japan,AI compute,ai_compute_signal,ai_compute_raw,19.647934113667056,score,0.574173245769317,fillna->0; log1p min-max normalized,higher=stronger,0.2,country_data_centre_electricity_weighted_allocation_iea,https://www.iea.org/reports/energy-and-ai/energy-demand-from-ai,2024,0,fillna_to_zero_before_log1p_minmax
JPN,Japan,data-center footprint,data_center_footprint_signal,data_center_footprint_raw,162.5,count,0.6627894345750285,fillna->0; log1p min-max normalized,higher=stronger,0.2,country_data_centre_electricity_weighted_allocation_iea,https://www.iea.org/reports/energy-and-ai/energy-demand-from-ai,2024,0,fillna_to_zero_before_log1p_minmax
JPN,Japan,power-grid evidence,power_grid_evidence_signal,power_grid_evidence_raw,0.0,score,0.0,fillna->0; log1p min-max normalized,higher=stronger,0.1,ai_power_grid_country_score,project-local-derived-table,2024,0,fillna_to_zero_before_log1p_minmax
JPN,Japan,public load/capacity,public_load_capacity_signal,public_load_capacity_raw_twh,0.0,TWh,0.0,fillna->0; log1p min-max normalized,higher=stronger,0.3,country_data_centre_electricity_weighted_allocation_iea,https://www.iea.org/reports/energy-and-ai/energy-demand-from-ai,2024,0,fillna_to_zero_before_log1p_minmax
JPN,Japan,public project capacity,public_project_capacity_signal,public_project_capacity_raw_mw,0.0,MW,0.0,fillna->0; log1p min-max normalized,higher=stronger,0.15,country_data_centre_electricity_weighted_allocation_iea,https://www.iea.org/reports/energy-and-ai/energy-demand-from-ai,2024,0,fillna_to_zero_before_log1p_minmax
JPN,Japan,service endpoint,service_endpoint_signal,service_endpoint_raw,68.58863253280347,score,0.9192828687444434,fillna->0; log1p min-max normalized,higher=stronger,0.05,ai_service_endpoint_country_score,project-local-derived-table,2024,0,fillna_to_zero_before_log1p_minmax
KAZ,Kazakhstan,AI compute,ai_compute_signal,ai_compute_raw,0.0,score,0.0,fillna->0; log1p min-max normalized,higher=stronger,0.2,country_data_centre_electricity_weighted_allocation_iea,https://www.iea.org/reports/energy-and-ai/energy-demand-from-ai,2024,0,fillna_to_zero_before_log1p_minmax
KAZ,Kazakhstan,data-center footprint,data_center_footprint_signal,data_center_footprint_raw,5.5,count,0.2434091085580146,fillna->0; log1p min-max normalized,higher=stronger,0.2,country_data_centre_electricity_weighted_allocation_iea,https://www.iea.org/reports/energy-and-ai/energy-demand-from-ai,2024,0,fillna_to_zero_before_log1p_minmax
KAZ,Kazakhstan,power-grid evidence,power_grid_evidence_signal,power_grid_evidence_raw,0.0,score,0.0,fillna->0; log1p min-max normalized,higher=stronger,0.1,ai_power_grid_country_score,project-local-derived-table,2024,0,fillna_to_zero_before_log1p_minmax
KAZ,Kazakhstan,public load/capacity,public_load_capacity_signal,public_load_capacity_raw_twh,0.0,TWh,0.0,fillna->0; log1p min-max normalized,higher=stronger,0.3,country_data_centre_electricity_weighted_allocation_iea,https://www.iea.org/reports/energy-and-ai/energy-demand-from-ai,2024,0,fillna_to_zero_before_log1p_minmax
KAZ,Kazakhstan,public project capacity,public_project_capacity_signal,public_project_capacity_raw_mw,0.0,MW,0.0,fillna->0; log1p min-max normalized,higher=stronger,0.15,country_data_centre_electricity_weighted_allocation_iea,https://www.iea.org/reports/energy-and-ai/energy-demand-from-ai,2024,0,fillna_to_zero_before_log1p_minmax
KAZ,Kazakhstan,service endpoint,service_endpoint_signal,service_endpoint_raw,0.0,score,0.0,fillna->0; log1p min-max normalized,higher=stronger,0.05,ai_service_endpoint_country_score,project-local-derived-table,2024,0,fillna_to_zero_before_log1p_minmax
KEN,Kenya,AI compute,ai_compute_signal,ai_compute_raw,0.0,score,0.0,fillna->0; log1p min-max normalized,higher=stronger,0.2,country_data_centre_electricity_weighted_allocation_iea,https://www.iea.org/reports/energy-and-ai/energy-demand-from-ai,2024,0,fillna_to_zero_before_log1p_minmax
KEN,Kenya,data-center footprint,data_center_footprint_signal,data_center_footprint_raw,2.5,count,0.1629092652839571,fillna->0; log1p min-max normalized,higher=stronger,0.2,country_data_centre_electricity_weighted_allocation_iea,https://www.iea.org/reports/energy-and-ai/energy-demand-from-ai,2024,0,fillna_to_zero_before_log1p_minmax
KEN,Kenya,power-grid evidence,power_grid_evidence_signal,power_grid_evidence_raw,0.0,score,0.0,fillna->0; log1p min-max normalized,higher=stronger,0.1,ai_power_grid_country_score,project-local-derived-table,2024,0,fillna_to_zero_before_log1p_minmax
KEN,Kenya,public load/capacity,public_load_capacity_signal,public_load_capacity_raw_twh,0.0,TWh,0.0,fillna->0; log1p min-max normalized,higher=stronger,0.3,country_data_centre_electricity_weighted_allocation_iea,https://www.iea.org/reports/energy-and-ai/energy-demand-from-ai,2024,0,fillna_to_zero_before_log1p_minmax
KEN,Kenya,public project capacity,public_project_capacity_signal,public_project_capacity_raw_mw,0.0,MW,0.0,fillna->0; log1p min-max normalized,higher=stronger,0.15,country_data_centre_electricity_weighted_allocation_iea,https://www.iea.org/reports/energy-and-ai/energy-demand-from-ai,2024,0,fillna_to_zero_before_log1p_minmax
KEN,Kenya,service endpoint,service_endpoint_signal,service_endpoint_raw,0.0,score,0.0,fillna->0; log1p min-max normalized,higher=stronger,0.05,ai_service_endpoint_country_score,project-local-derived-table,2024,0,fillna_to_zero_before_log1p_minmax
KGZ,Kyrgyz Republic,AI compute,ai_compute_signal,ai_compute_raw,0.0,score,0.0,fillna->0; log1p min-max normalized,higher=stronger,0.2,country_data_centre_electricity_weighted_allocation_iea,https://www.iea.org/reports/energy-and-ai/energy-demand-from-ai,2024,0,fillna_to_zero_before_log1p_minmax
KGZ,Kyrgyz Republic,data-center footprint,data_center_footprint_signal,data_center_footprint_raw,0.0,count,0.0,fillna->0; log1p min-max normalized,higher=stronger,0.2,country_data_centre_electricity_weighted_allocation_iea,https://www.iea.org/reports/energy-and-ai/energy-demand-from-ai,2024,0,fillna_to_zero_before_log1p_minmax
KGZ,Kyrgyz Republic,power-grid evidence,power_grid_evidence_signal,power_grid_evidence_raw,0.0,score,0.0,fillna->0; log1p min-max normalized,higher=stronger,0.1,ai_power_grid_country_score,project-local-derived-table,2024,0,fillna_to_zero_before_log1p_minmax
KGZ,Kyrgyz Republic,public load/capacity,public_load_capacity_signal,public_load_capacity_raw_twh,0.0,TWh,0.0,fillna->0; log1p min-max normalized,higher=stronger,0.3,country_data_centre_electricity_weighted_allocation_iea,https://www.iea.org/reports/energy-and-ai/energy-demand-from-ai,2024,0,fillna_to_zero_before_log1p_minmax
KGZ,Kyrgyz Republic,public project capacity,public_project_capacity_signal,public_project_capacity_raw_mw,0.0,MW,0.0,fillna->0; log1p min-max normalized,higher=stronger,0.15,country_data_centre_electricity_weighted_allocation_iea,https://www.iea.org/reports/energy-and-ai/energy-demand-from-ai,2024,0,fillna_to_zero_before_log1p_minmax
KGZ,Kyrgyz Republic,service endpoint,service_endpoint_signal,service_endpoint_raw,0.0,score,0.0,fillna->0; log1p min-max normalized,higher=stronger,0.05,ai_service_endpoint_country_score,project-local-derived-table,2024,0,fillna_to_zero_before_log1p_minmax
KHM,Cambodia,AI compute,ai_compute_signal,ai_compute_raw,0.0,score,0.0,fillna->0; log1p min-max normalized,higher=stronger,0.2,country_data_centre_electricity_weighted_allocation_iea,https://www.iea.org/reports/energy-and-ai/energy-demand-from-ai,2024,0,fillna_to_zero_before_log1p_minmax
KHM,Cambodia,data-center footprint,data_center_footprint_signal,data_center_footprint_raw,0.0,count,0.0,fillna->0; log1p min-max normalized,higher=stronger,0.2,country_data_centre_electricity_weighted_allocation_iea,https://www.iea.org/reports/energy-and-ai/energy-demand-from-ai,2024,0,fillna_to_zero_before_log1p_minmax
KHM,Cambodia,power-grid evidence,power_grid_evidence_signal,power_grid_evidence_raw,0.0,score,0.0,fillna->0; log1p min-max normalized,higher=stronger,0.1,ai_power_grid_country_score,project-local-derived-table,2024,0,fillna_to_zero_before_log1p_minmax
KHM,Cambodia,public load/capacity,public_load_capacity_signal,public_load_capacity_raw_twh,0.0,TWh,0.0,fillna->0; log1p min-max normalized,higher=stronger,0.3,country_data_centre_electricity_weighted_allocation_iea,https://www.iea.org/reports/energy-and-ai/energy-demand-from-ai,2024,0,fillna_to_zero_before_log1p_minmax
KHM,Cambodia,public project capacity,public_project_capacity_signal,public_project_capacity_raw_mw,0.0,MW,0.0,fillna->0; log1p min-max normalized,higher=stronger,0.15,country_data_centre_electricity_weighted_allocation_iea,https://www.iea.org/reports/energy-and-ai/energy-demand-from-ai,2024,0,fillna_to_zero_before_log1p_minmax
KHM,Cambodia,service endpoint,service_endpoint_signal,service_endpoint_raw,0.0,score,0.0,fillna->0; log1p min-max normalized,higher=stronger,0.05,ai_service_endpoint_country_score,project-local-derived-table,2024,0,fillna_to_zero_before_log1p_minmax
KOR,"Korea, Rep.",AI compute,ai_compute_signal,ai_compute_raw,52.8255223603637,score,0.7558786424552154,fillna->0; log1p min-max normalized,higher=stronger,0.2,country_data_centre_electricity_weighted_allocation_iea,https://www.iea.org/reports/energy-and-ai/energy-demand-from-ai,2024,0,fillna_to_zero_before_log1p_minmax
KOR,"Korea, Rep.",data-center footprint,data_center_footprint_signal,data_center_footprint_raw,18.5,count,0.3862726232688664,fillna->0; log1p min-max normalized,higher=stronger,0.2,country_data_centre_electricity_weighted_allocation_iea,https://www.iea.org/reports/energy-and-ai/energy-demand-from-ai,2024,0,fillna_to_zero_before_log1p_minmax
KOR,"Korea, Rep.",power-grid evidence,power_grid_evidence_signal,power_grid_evidence_raw,0.0,score,0.0,fillna->0; log1p min-max normalized,higher=stronger,0.1,ai_power_grid_country_score,project-local-derived-table,2024,0,fillna_to_zero_before_log1p_minmax
KOR,"Korea, Rep.",public load/capacity,public_load_capacity_signal,public_load_capacity_raw_twh,0.0,TWh,0.0,fillna->0; log1p min-max normalized,higher=stronger,0.3,country_data_centre_electricity_weighted_allocation_iea,https://www.iea.org/reports/energy-and-ai/energy-demand-from-ai,2024,0,fillna_to_zero_before_log1p_minmax
KOR,"Korea, Rep.",public project capacity,public_project_capacity_signal,public_project_capacity_raw_mw,0.0,MW,0.0,fillna->0; log1p min-max normalized,higher=stronger,0.15,country_data_centre_electricity_weighted_allocation_iea,https://www.iea.org/reports/energy-and-ai/energy-demand-from-ai,2024,0,fillna_to_zero_before_log1p_minmax
KOR,"Korea, Rep.",service endpoint,service_endpoint_signal,service_endpoint_raw,61.48565869374926,score,0.895954299443138,fillna->0; log1p min-max normalized,higher=stronger,0.05,ai_service_endpoint_country_score,project-local-derived-table,2024,0,fillna_to_zero_before_log1p_minmax
KWT,Kuwait,AI compute,ai_compute_signal,ai_compute_raw,0.0,score,0.0,fillna->0; log1p min-max normalized,higher=stronger,0.2,country_data_centre_electricity_weighted_allocation_iea,https://www.iea.org/reports/energy-and-ai/energy-demand-from-ai,2024,0,fillna_to_zero_before_log1p_minmax
KWT,Kuwait,data-center footprint,data_center_footprint_signal,data_center_footprint_raw,0.0,count,0.0,fillna->0; log1p min-max normalized,higher=stronger,0.2,country_data_centre_electricity_weighted_allocation_iea,https://www.iea.org/reports/energy-and-ai/energy-demand-from-ai,2024,0,fillna_to_zero_before_log1p_minmax
KWT,Kuwait,power-grid evidence,power_grid_evidence_signal,power_grid_evidence_raw,0.0,score,0.0,fillna->0; log1p min-max normalized,higher=stronger,0.1,ai_power_grid_country_score,project-local-derived-table,2024,0,fillna_to_zero_before_log1p_minmax
KWT,Kuwait,public load/capacity,public_load_capacity_signal,public_load_capacity_raw_twh,0.0,TWh,0.0,fillna->0; log1p min-max normalized,higher=stronger,0.3,country_data_centre_electricity_weighted_allocation_iea,https://www.iea.org/reports/energy-and-ai/energy-demand-from-ai,2024,0,fillna_to_zero_before_log1p_minmax
KWT,Kuwait,public project capacity,public_project_capacity_signal,public_project_capacity_raw_mw,0.0,MW,0.0,fillna->0; log1p min-max normalized,higher=stronger,0.15,country_data_centre_electricity_weighted_allocation_iea,https://www.iea.org/reports/energy-and-ai/energy-demand-from-ai,2024,0,fillna_to_zero_before_log1p_minmax
KWT,Kuwait,service endpoint,service_endpoint_signal,service_endpoint_raw,0.0,score,0.0,fillna->0; log1p min-max normalized,higher=stronger,0.05,ai_service_endpoint_country_score,project-local-derived-table,2024,0,fillna_to_zero_before_log1p_minmax
LAO,Lao PDR,AI compute,ai_compute_signal,ai_compute_raw,0.0,score,0.0,fillna->0; log1p min-max normalized,higher=stronger,0.2,country_data_centre_electricity_weighted_allocation_iea,https://www.iea.org/reports/energy-and-ai/energy-demand-from-ai,2024,0,fillna_to_zero_before_log1p_minmax
LAO,Lao PDR,data-center footprint,data_center_footprint_signal,data_center_footprint_raw,0.0,count,0.0,fillna->0; log1p min-max normalized,higher=stronger,0.2,country_data_centre_electricity_weighted_allocation_iea,https://www.iea.org/reports/energy-and-ai/energy-demand-from-ai,2024,0,fillna_to_zero_before_log1p_minmax
LAO,Lao PDR,power-grid evidence,power_grid_evidence_signal,power_grid_evidence_raw,0.0,score,0.0,fillna->0; log1p min-max normalized,higher=stronger,0.1,ai_power_grid_country_score,project-local-derived-table,2024,0,fillna_to_zero_before_log1p_minmax
LAO,Lao PDR,public load/capacity,public_load_capacity_signal,public_load_capacity_raw_twh,0.0,TWh,0.0,fillna->0; log1p min-max normalized,higher=stronger,0.3,country_data_centre_electricity_weighted_allocation_iea,https://www.iea.org/reports/energy-and-ai/energy-demand-from-ai,2024,0,fillna_to_zero_before_log1p_minmax
LAO,Lao PDR,public project capacity,public_project_capacity_signal,public_project_capacity_raw_mw,0.0,MW,0.0,fillna->0; log1p min-max normalized,higher=stronger,0.15,country_data_centre_electricity_weighted_allocation_iea,https://www.iea.org/reports/energy-and-ai/energy-demand-from-ai,2024,0,fillna_to_zero_before_log1p_minmax
LAO,Lao PDR,service endpoint,service_endpoint_signal,service_endpoint_raw,0.0,score,0.0,fillna->0; log1p min-max normalized,higher=stronger,0.05,ai_service_endpoint_country_score,project-local-derived-table,2024,0,fillna_to_zero_before_log1p_minmax
LBN,Lebanon,AI compute,ai_compute_signal,ai_compute_raw,0.0,score,0.0,fillna->0; log1p min-max normalized,higher=stronger,0.2,country_data_centre_electricity_weighted_allocation_iea,https://www.iea.org/reports/energy-and-ai/energy-demand-from-ai,2024,0,fillna_to_zero_before_log1p_minmax
LBN,Lebanon,data-center footprint,data_center_footprint_signal,data_center_footprint_raw,3.25,count,0.1881573085758391,fillna->0; log1p min-max normalized,higher=stronger,0.2,country_data_centre_electricity_weighted_allocation_iea,https://www.iea.org/reports/energy-and-ai/energy-demand-from-ai,2024,0,fillna_to_zero_before_log1p_minmax
LBN,Lebanon,power-grid evidence,power_grid_evidence_signal,power_grid_evidence_raw,0.0,score,0.0,fillna->0; log1p min-max normalized,higher=stronger,0.1,ai_power_grid_country_score,project-local-derived-table,2024,0,fillna_to_zero_before_log1p_minmax
LBN,Lebanon,public load/capacity,public_load_capacity_signal,public_load_capacity_raw_twh,0.0,TWh,0.0,fillna->0; log1p min-max normalized,higher=stronger,0.3,country_data_centre_electricity_weighted_allocation_iea,https://www.iea.org/reports/energy-and-ai/energy-demand-from-ai,2024,0,fillna_to_zero_before_log1p_minmax
LBN,Lebanon,public project capacity,public_project_capacity_signal,public_project_capacity_raw_mw,0.0,MW,0.0,fillna->0; log1p min-max normalized,higher=stronger,0.15,country_data_centre_electricity_weighted_allocation_iea,https://www.iea.org/reports/energy-and-ai/energy-demand-from-ai,2024,0,fillna_to_zero_before_log1p_minmax
LBN,Lebanon,service endpoint,service_endpoint_signal,service_endpoint_raw,0.0,score,0.0,fillna->0; log1p min-max normalized,higher=stronger,0.05,ai_service_endpoint_country_score,project-local-derived-table,2024,0,fillna_to_zero_before_log1p_minmax
LBR,Liberia,AI compute,ai_compute_signal,ai_compute_raw,0.0,score,0.0,fillna->0; log1p min-max normalized,higher=stronger,0.2,country_data_centre_electricity_weighted_allocation_iea,https://www.iea.org/reports/energy-and-ai/energy-demand-from-ai,2024,0,fillna_to_zero_before_log1p_minmax
LBR,Liberia,data-center footprint,data_center_footprint_signal,data_center_footprint_raw,0.0,count,0.0,fillna->0; log1p min-max normalized,higher=stronger,0.2,country_data_centre_electricity_weighted_allocation_iea,https://www.iea.org/reports/energy-and-ai/energy-demand-from-ai,2024,0,fillna_to_zero_before_log1p_minmax
LBR,Liberia,power-grid evidence,power_grid_evidence_signal,power_grid_evidence_raw,0.0,score,0.0,fillna->0; log1p min-max normalized,higher=stronger,0.1,ai_power_grid_country_score,project-local-derived-table,2024,0,fillna_to_zero_before_log1p_minmax
LBR,Liberia,public load/capacity,public_load_capacity_signal,public_load_capacity_raw_twh,0.0,TWh,0.0,fillna->0; log1p min-max normalized,higher=stronger,0.3,country_data_centre_electricity_weighted_allocation_iea,https://www.iea.org/reports/energy-and-ai/energy-demand-from-ai,2024,0,fillna_to_zero_before_log1p_minmax
LBR,Liberia,public project capacity,public_project_capacity_signal,public_project_capacity_raw_mw,0.0,MW,0.0,fillna->0; log1p min-max normalized,higher=stronger,0.15,country_data_centre_electricity_weighted_allocation_iea,https://www.iea.org/reports/energy-and-ai/energy-demand-from-ai,2024,0,fillna_to_zero_before_log1p_minmax
LBR,Liberia,service endpoint,service_endpoint_signal,service_endpoint_raw,0.0,score,0.0,fillna->0; log1p min-max normalized,higher=stronger,0.05,ai_service_endpoint_country_score,project-local-derived-table,2024,0,fillna_to_zero_before_log1p_minmax
LCA,St. Lucia,AI compute,ai_compute_signal,ai_compute_raw,0.0,score,0.0,fillna->0; log1p min-max normalized,higher=stronger,0.2,country_data_centre_electricity_weighted_allocation_iea,https://www.iea.org/reports/energy-and-ai/energy-demand-from-ai,2024,0,fillna_to_zero_before_log1p_minmax
LCA,St. Lucia,data-center footprint,data_center_footprint_signal,data_center_footprint_raw,0.0,count,0.0,fillna->0; log1p min-max normalized,higher=stronger,0.2,country_data_centre_electricity_weighted_allocation_iea,https://www.iea.org/reports/energy-and-ai/energy-demand-from-ai,2024,0,fillna_to_zero_before_log1p_minmax
LCA,St. Lucia,power-grid evidence,power_grid_evidence_signal,power_grid_evidence_raw,0.0,score,0.0,fillna->0; log1p min-max normalized,higher=stronger,0.1,ai_power_grid_country_score,project-local-derived-table,2024,0,fillna_to_zero_before_log1p_minmax
LCA,St. Lucia,public load/capacity,public_load_capacity_signal,public_load_capacity_raw_twh,0.0,TWh,0.0,fillna->0; log1p min-max normalized,higher=stronger,0.3,country_data_centre_electricity_weighted_allocation_iea,https://www.iea.org/reports/energy-and-ai/energy-demand-from-ai,2024,0,fillna_to_zero_before_log1p_minmax
LCA,St. Lucia,public project capacity,public_project_capacity_signal,public_project_capacity_raw_mw,0.0,MW,0.0,fillna->0; log1p min-max normalized,higher=stronger,0.15,country_data_centre_electricity_weighted_allocation_iea,https://www.iea.org/reports/energy-and-ai/energy-demand-from-ai,2024,0,fillna_to_zero_before_log1p_minmax
LCA,St. Lucia,service endpoint,service_endpoint_signal,service_endpoint_raw,0.0,score,0.0,fillna->0; log1p min-max normalized,higher=stronger,0.05,ai_service_endpoint_country_score,project-local-derived-table,2024,0,fillna_to_zero_before_log1p_minmax
LIE,Liechtenstein,AI compute,ai_compute_signal,ai_compute_raw,0.0,score,0.0,fillna->0; log1p min-max normalized,higher=stronger,0.2,country_data_centre_electricity_weighted_allocation_iea,https://www.iea.org/reports/energy-and-ai/energy-demand-from-ai,2024,0,fillna_to_zero_before_log1p_minmax
LIE,Liechtenstein,data-center footprint,data_center_footprint_signal,data_center_footprint_raw,0.0,count,0.0,fillna->0; log1p min-max normalized,higher=stronger,0.2,country_data_centre_electricity_weighted_allocation_iea,https://www.iea.org/reports/energy-and-ai/energy-demand-from-ai,2024,0,fillna_to_zero_before_log1p_minmax
LIE,Liechtenstein,power-grid evidence,power_grid_evidence_signal,power_grid_evidence_raw,0.0,score,0.0,fillna->0; log1p min-max normalized,higher=stronger,0.1,ai_power_grid_country_score,project-local-derived-table,2024,0,fillna_to_zero_before_log1p_minmax
LIE,Liechtenstein,public load/capacity,public_load_capacity_signal,public_load_capacity_raw_twh,0.0,TWh,0.0,fillna->0; log1p min-max normalized,higher=stronger,0.3,country_data_centre_electricity_weighted_allocation_iea,https://www.iea.org/reports/energy-and-ai/energy-demand-from-ai,2024,0,fillna_to_zero_before_log1p_minmax
LIE,Liechtenstein,public project capacity,public_project_capacity_signal,public_project_capacity_raw_mw,0.0,MW,0.0,fillna->0; log1p min-max normalized,higher=stronger,0.15,country_data_centre_electricity_weighted_allocation_iea,https://www.iea.org/reports/energy-and-ai/energy-demand-from-ai,2024,0,fillna_to_zero_before_log1p_minmax
LIE,Liechtenstein,service endpoint,service_endpoint_signal,service_endpoint_raw,0.0,score,0.0,fillna->0; log1p min-max normalized,higher=stronger,0.05,ai_service_endpoint_country_score,project-local-derived-table,2024,0,fillna_to_zero_before_log1p_minmax
LKA,Sri Lanka,AI compute,ai_compute_signal,ai_compute_raw,0.0,score,0.0,fillna->0; log1p min-max normalized,higher=stronger,0.2,country_data_centre_electricity_weighted_allocation_iea,https://www.iea.org/reports/energy-and-ai/energy-demand-from-ai,2024,0,fillna_to_zero_before_log1p_minmax
LKA,Sri Lanka,data-center footprint,data_center_footprint_signal,data_center_footprint_raw,3.25,count,0.1881573085758391,fillna->0; log1p min-max normalized,higher=stronger,0.2,country_data_centre_electricity_weighted_allocation_iea,https://www.iea.org/reports/energy-and-ai/energy-demand-from-ai,2024,0,fillna_to_zero_before_log1p_minmax
LKA,Sri Lanka,power-grid evidence,power_grid_evidence_signal,power_grid_evidence_raw,0.0,score,0.0,fillna->0; log1p min-max normalized,higher=stronger,0.1,ai_power_grid_country_score,project-local-derived-table,2024,0,fillna_to_zero_before_log1p_minmax
LKA,Sri Lanka,public load/capacity,public_load_capacity_signal,public_load_capacity_raw_twh,0.0,TWh,0.0,fillna->0; log1p min-max normalized,higher=stronger,0.3,country_data_centre_electricity_weighted_allocation_iea,https://www.iea.org/reports/energy-and-ai/energy-demand-from-ai,2024,0,fillna_to_zero_before_log1p_minmax
LKA,Sri Lanka,public project capacity,public_project_capacity_signal,public_project_capacity_raw_mw,0.0,MW,0.0,fillna->0; log1p min-max normalized,higher=stronger,0.15,country_data_centre_electricity_weighted_allocation_iea,https://www.iea.org/reports/energy-and-ai/energy-demand-from-ai,2024,0,fillna_to_zero_before_log1p_minmax
LKA,Sri Lanka,service endpoint,service_endpoint_signal,service_endpoint_raw,0.0,score,0.0,fillna->0; log1p min-max normalized,higher=stronger,0.05,ai_service_endpoint_country_score,project-local-derived-table,2024,0,fillna_to_zero_before_log1p_minmax
LSO,Lesotho,AI compute,ai_compute_signal,ai_compute_raw,0.0,score,0.0,fillna->0; log1p min-max normalized,higher=stronger,0.2,country_data_centre_electricity_weighted_allocation_iea,https://www.iea.org/reports/energy-and-ai/energy-demand-from-ai,2024,0,fillna_to_zero_before_log1p_minmax
LSO,Lesotho,data-center footprint,data_center_footprint_signal,data_center_footprint_raw,0.0,count,0.0,fillna->0; log1p min-max normalized,higher=stronger,0.2,country_data_centre_electricity_weighted_allocation_iea,https://www.iea.org/reports/energy-and-ai/energy-demand-from-ai,2024,0,fillna_to_zero_before_log1p_minmax
LSO,Lesotho,power-grid evidence,power_grid_evidence_signal,power_grid_evidence_raw,0.0,score,0.0,fillna->0; log1p min-max normalized,higher=stronger,0.1,ai_power_grid_country_score,project-local-derived-table,2024,0,fillna_to_zero_before_log1p_minmax
LSO,Lesotho,public load/capacity,public_load_capacity_signal,public_load_capacity_raw_twh,0.0,TWh,0.0,fillna->0; log1p min-max normalized,higher=stronger,0.3,country_data_centre_electricity_weighted_allocation_iea,https://www.iea.org/reports/energy-and-ai/energy-demand-from-ai,2024,0,fillna_to_zero_before_log1p_minmax
LSO,Lesotho,public project capacity,public_project_capacity_signal,public_project_capacity_raw_mw,0.0,MW,0.0,fillna->0; log1p min-max normalized,higher=stronger,0.15,country_data_centre_electricity_weighted_allocation_iea,https://www.iea.org/reports/energy-and-ai/energy-demand-from-ai,2024,0,fillna_to_zero_before_log1p_minmax
LSO,Lesotho,service endpoint,service_endpoint_signal,service_endpoint_raw,0.0,score,0.0,fillna->0; log1p min-max normalized,higher=stronger,0.05,ai_service_endpoint_country_score,project-local-derived-table,2024,0,fillna_to_zero_before_log1p_minmax
LTU,Lithuania,AI compute,ai_compute_signal,ai_compute_raw,0.0,score,0.0,fillna->0; log1p min-max normalized,higher=stronger,0.2,country_data_centre_electricity_weighted_allocation_iea,https://www.iea.org/reports/energy-and-ai/energy-demand-from-ai,2024,0,fillna_to_zero_before_log1p_minmax
LTU,Lithuania,data-center footprint,data_center_footprint_signal,data_center_footprint_raw,0.0,count,0.0,fillna->0; log1p min-max normalized,higher=stronger,0.2,country_data_centre_electricity_weighted_allocation_iea,https://www.iea.org/reports/energy-and-ai/energy-demand-from-ai,2024,0,fillna_to_zero_before_log1p_minmax
LTU,Lithuania,power-grid evidence,power_grid_evidence_signal,power_grid_evidence_raw,0.0,score,0.0,fillna->0; log1p min-max normalized,higher=stronger,0.1,ai_power_grid_country_score,project-local-derived-table,2024,0,fillna_to_zero_before_log1p_minmax
LTU,Lithuania,public load/capacity,public_load_capacity_signal,public_load_capacity_raw_twh,0.0,TWh,0.0,fillna->0; log1p min-max normalized,higher=stronger,0.3,country_data_centre_electricity_weighted_allocation_iea,https://www.iea.org/reports/energy-and-ai/energy-demand-from-ai,2024,0,fillna_to_zero_before_log1p_minmax
LTU,Lithuania,public project capacity,public_project_capacity_signal,public_project_capacity_raw_mw,0.0,MW,0.0,fillna->0; log1p min-max normalized,higher=stronger,0.15,country_data_centre_electricity_weighted_allocation_iea,https://www.iea.org/reports/energy-and-ai/energy-demand-from-ai,2024,0,fillna_to_zero_before_log1p_minmax
LTU,Lithuania,service endpoint,service_endpoint_signal,service_endpoint_raw,0.0,score,0.0,fillna->0; log1p min-max normalized,higher=stronger,0.05,ai_service_endpoint_country_score,project-local-derived-table,2024,0,fillna_to_zero_before_log1p_minmax
LUX,Luxembourg,AI compute,ai_compute_signal,ai_compute_raw,0.0,score,0.0,fillna->0; log1p min-max normalized,higher=stronger,0.2,country_data_centre_electricity_weighted_allocation_iea,https://www.iea.org/reports/energy-and-ai/energy-demand-from-ai,2024,0,fillna_to_zero_before_log1p_minmax
LUX,Luxembourg,data-center footprint,data_center_footprint_signal,data_center_footprint_raw,10.25,count,0.3147446112880575,fillna->0; log1p min-max normalized,higher=stronger,0.2,country_data_centre_electricity_weighted_allocation_iea,https://www.iea.org/reports/energy-and-ai/energy-demand-from-ai,2024,0,fillna_to_zero_before_log1p_minmax
LUX,Luxembourg,power-grid evidence,power_grid_evidence_signal,power_grid_evidence_raw,0.0,score,0.0,fillna->0; log1p min-max normalized,higher=stronger,0.1,ai_power_grid_country_score,project-local-derived-table,2024,0,fillna_to_zero_before_log1p_minmax
LUX,Luxembourg,public load/capacity,public_load_capacity_signal,public_load_capacity_raw_twh,0.0,TWh,0.0,fillna->0; log1p min-max normalized,higher=stronger,0.3,country_data_centre_electricity_weighted_allocation_iea,https://www.iea.org/reports/energy-and-ai/energy-demand-from-ai,2024,0,fillna_to_zero_before_log1p_minmax
LUX,Luxembourg,public project capacity,public_project_capacity_signal,public_project_capacity_raw_mw,0.0,MW,0.0,fillna->0; log1p min-max normalized,higher=stronger,0.15,country_data_centre_electricity_weighted_allocation_iea,https://www.iea.org/reports/energy-and-ai/energy-demand-from-ai,2024,0,fillna_to_zero_before_log1p_minmax
LUX,Luxembourg,service endpoint,service_endpoint_signal,service_endpoint_raw,0.0,score,0.0,fillna->0; log1p min-max normalized,higher=stronger,0.05,ai_service_endpoint_country_score,project-local-derived-table,2024,0,fillna_to_zero_before_log1p_minmax
LVA,Latvia,AI compute,ai_compute_signal,ai_compute_raw,0.0,score,0.0,fillna->0; log1p min-max normalized,higher=stronger,0.2,country_data_centre_electricity_weighted_allocation_iea,https://www.iea.org/reports/energy-and-ai/energy-demand-from-ai,2024,0,fillna_to_zero_before_log1p_minmax
LVA,Latvia,data-center footprint,data_center_footprint_signal,data_center_footprint_raw,6.25,count,0.2576093817708407,fillna->0; log1p min-max normalized,higher=stronger,0.2,country_data_centre_electricity_weighted_allocation_iea,https://www.iea.org/reports/energy-and-ai/energy-demand-from-ai,2024,0,fillna_to_zero_before_log1p_minmax
LVA,Latvia,power-grid evidence,power_grid_evidence_signal,power_grid_evidence_raw,0.0,score,0.0,fillna->0; log1p min-max normalized,higher=stronger,0.1,ai_power_grid_country_score,project-local-derived-table,2024,0,fillna_to_zero_before_log1p_minmax
LVA,Latvia,public load/capacity,public_load_capacity_signal,public_load_capacity_raw_twh,0.0,TWh,0.0,fillna->0; log1p min-max normalized,higher=stronger,0.3,country_data_centre_electricity_weighted_allocation_iea,https://www.iea.org/reports/energy-and-ai/energy-demand-from-ai,2024,0,fillna_to_zero_before_log1p_minmax
LVA,Latvia,public project capacity,public_project_capacity_signal,public_project_capacity_raw_mw,0.0,MW,0.0,fillna->0; log1p min-max normalized,higher=stronger,0.15,country_data_centre_electricity_weighted_allocation_iea,https://www.iea.org/reports/energy-and-ai/energy-demand-from-ai,2024,0,fillna_to_zero_before_log1p_minmax
LVA,Latvia,service endpoint,service_endpoint_signal,service_endpoint_raw,0.0,score,0.0,fillna->0; log1p min-max normalized,higher=stronger,0.05,ai_service_endpoint_country_score,project-local-derived-table,2024,0,fillna_to_zero_before_log1p_minmax
MAF,St. Martin (French part),AI compute,ai_compute_signal,ai_compute_raw,0.0,score,0.0,fillna->0; log1p min-max normalized,higher=stronger,0.2,country_data_centre_electricity_weighted_allocation_iea,https://www.iea.org/reports/energy-and-ai/energy-demand-from-ai,2024,0,fillna_to_zero_before_log1p_minmax
MAF,St. Martin (French part),data-center footprint,data_center_footprint_signal,data_center_footprint_raw,0.0,count,0.0,fillna->0; log1p min-max normalized,higher=stronger,0.2,country_data_centre_electricity_weighted_allocation_iea,https://www.iea.org/reports/energy-and-ai/energy-demand-from-ai,2024,0,fillna_to_zero_before_log1p_minmax
MAF,St. Martin (French part),power-grid evidence,power_grid_evidence_signal,power_grid_evidence_raw,0.0,score,0.0,fillna->0; log1p min-max normalized,higher=stronger,0.1,ai_power_grid_country_score,project-local-derived-table,2024,0,fillna_to_zero_before_log1p_minmax
MAF,St. Martin (French part),public load/capacity,public_load_capacity_signal,public_load_capacity_raw_twh,0.0,TWh,0.0,fillna->0; log1p min-max normalized,higher=stronger,0.3,country_data_centre_electricity_weighted_allocation_iea,https://www.iea.org/reports/energy-and-ai/energy-demand-from-ai,2024,0,fillna_to_zero_before_log1p_minmax
MAF,St. Martin (French part),public project capacity,public_project_capacity_signal,public_project_capacity_raw_mw,0.0,MW,0.0,fillna->0; log1p min-max normalized,higher=stronger,0.15,country_data_centre_electricity_weighted_allocation_iea,https://www.iea.org/reports/energy-and-ai/energy-demand-from-ai,2024,0,fillna_to_zero_before_log1p_minmax
MAF,St. Martin (French part),service endpoint,service_endpoint_signal,service_endpoint_raw,0.0,score,0.0,fillna->0; log1p min-max normalized,higher=stronger,0.05,ai_service_endpoint_country_score,project-local-derived-table,2024,0,fillna_to_zero_before_log1p_minmax
MAR,Morocco,AI compute,ai_compute_signal,ai_compute_raw,0.0,score,0.0,fillna->0; log1p min-max normalized,higher=stronger,0.2,country_data_centre_electricity_weighted_allocation_iea,https://www.iea.org/reports/energy-and-ai/energy-demand-from-ai,2024,0,fillna_to_zero_before_log1p_minmax
MAR,Morocco,data-center footprint,data_center_footprint_signal,data_center_footprint_raw,9.25,count,0.3026391349864463,fillna->0; log1p min-max normalized,higher=stronger,0.2,country_data_centre_electricity_weighted_allocation_iea,https://www.iea.org/reports/energy-and-ai/energy-demand-from-ai,2024,0,fillna_to_zero_before_log1p_minmax
MAR,Morocco,power-grid evidence,power_grid_evidence_signal,power_grid_evidence_raw,0.0,score,0.0,fillna->0; log1p min-max normalized,higher=stronger,0.1,ai_power_grid_country_score,project-local-derived-table,2024,0,fillna_to_zero_before_log1p_minmax
MAR,Morocco,public load/capacity,public_load_capacity_signal,public_load_capacity_raw_twh,0.0,TWh,0.0,fillna->0; log1p min-max normalized,higher=stronger,0.3,country_data_centre_electricity_weighted_allocation_iea,https://www.iea.org/reports/energy-and-ai/energy-demand-from-ai,2024,0,fillna_to_zero_before_log1p_minmax
MAR,Morocco,public project capacity,public_project_capacity_signal,public_project_capacity_raw_mw,0.0,MW,0.0,fillna->0; log1p min-max normalized,higher=stronger,0.15,country_data_centre_electricity_weighted_allocation_iea,https://www.iea.org/reports/energy-and-ai/energy-demand-from-ai,2024,0,fillna_to_zero_before_log1p_minmax
MAR,Morocco,service endpoint,service_endpoint_signal,service_endpoint_raw,0.0,score,0.0,fillna->0; log1p min-max normalized,higher=stronger,0.05,ai_service_endpoint_country_score,project-local-derived-table,2024,0,fillna_to_zero_before_log1p_minmax
MCO,Monaco,AI compute,ai_compute_signal,ai_compute_raw,0.0,score,0.0,fillna->0; log1p min-max normalized,higher=stronger,0.2,country_data_centre_electricity_weighted_allocation_iea,https://www.iea.org/reports/energy-and-ai/energy-demand-from-ai,2024,0,fillna_to_zero_before_log1p_minmax
MCO,Monaco,data-center footprint,data_center_footprint_signal,data_center_footprint_raw,0.0,count,0.0,fillna->0; log1p min-max normalized,higher=stronger,0.2,country_data_centre_electricity_weighted_allocation_iea,https://www.iea.org/reports/energy-and-ai/energy-demand-from-ai,2024,0,fillna_to_zero_before_log1p_minmax
MCO,Monaco,power-grid evidence,power_grid_evidence_signal,power_grid_evidence_raw,0.0,score,0.0,fillna->0; log1p min-max normalized,higher=stronger,0.1,ai_power_grid_country_score,project-local-derived-table,2024,0,fillna_to_zero_before_log1p_minmax
MCO,Monaco,public load/capacity,public_load_capacity_signal,public_load_capacity_raw_twh,0.0,TWh,0.0,fillna->0; log1p min-max normalized,higher=stronger,0.3,country_data_centre_electricity_weighted_allocation_iea,https://www.iea.org/reports/energy-and-ai/energy-demand-from-ai,2024,0,fillna_to_zero_before_log1p_minmax
MCO,Monaco,public project capacity,public_project_capacity_signal,public_project_capacity_raw_mw,0.0,MW,0.0,fillna->0; log1p min-max normalized,higher=stronger,0.15,country_data_centre_electricity_weighted_allocation_iea,https://www.iea.org/reports/energy-and-ai/energy-demand-from-ai,2024,0,fillna_to_zero_before_log1p_minmax
MCO,Monaco,service endpoint,service_endpoint_signal,service_endpoint_raw,0.0,score,0.0,fillna->0; log1p min-max normalized,higher=stronger,0.05,ai_service_endpoint_country_score,project-local-derived-table,2024,0,fillna_to_zero_before_log1p_minmax
MDA,Moldova,AI compute,ai_compute_signal,ai_compute_raw,0.0,score,0.0,fillna->0; log1p min-max normalized,higher=stronger,0.2,country_data_centre_electricity_weighted_allocation_iea,https://www.iea.org/reports/energy-and-ai/energy-demand-from-ai,2024,0,fillna_to_zero_before_log1p_minmax
MDA,Moldova,data-center footprint,data_center_footprint_signal,data_center_footprint_raw,3.0,count,0.1802736842617399,fillna->0; log1p min-max normalized,higher=stronger,0.2,country_data_centre_electricity_weighted_allocation_iea,https://www.iea.org/reports/energy-and-ai/energy-demand-from-ai,2024,0,fillna_to_zero_before_log1p_minmax
MDA,Moldova,power-grid evidence,power_grid_evidence_signal,power_grid_evidence_raw,0.0,score,0.0,fillna->0; log1p min-max normalized,higher=stronger,0.1,ai_power_grid_country_score,project-local-derived-table,2024,0,fillna_to_zero_before_log1p_minmax
MDA,Moldova,public load/capacity,public_load_capacity_signal,public_load_capacity_raw_twh,0.0,TWh,0.0,fillna->0; log1p min-max normalized,higher=stronger,0.3,country_data_centre_electricity_weighted_allocation_iea,https://www.iea.org/reports/energy-and-ai/energy-demand-from-ai,2024,0,fillna_to_zero_before_log1p_minmax
MDA,Moldova,public project capacity,public_project_capacity_signal,public_project_capacity_raw_mw,0.0,MW,0.0,fillna->0; log1p min-max normalized,higher=stronger,0.15,country_data_centre_electricity_weighted_allocation_iea,https://www.iea.org/reports/energy-and-ai/energy-demand-from-ai,2024,0,fillna_to_zero_before_log1p_minmax
MDA,Moldova,service endpoint,service_endpoint_signal,service_endpoint_raw,0.0,score,0.0,fillna->0; log1p min-max normalized,higher=stronger,0.05,ai_service_endpoint_country_score,project-local-derived-table,2024,0,fillna_to_zero_before_log1p_minmax
MDG,Madagascar,AI compute,ai_compute_signal,ai_compute_raw,0.0,score,0.0,fillna->0; log1p min-max normalized,higher=stronger,0.2,country_data_centre_electricity_weighted_allocation_iea,https://www.iea.org/reports/energy-and-ai/energy-demand-from-ai,2024,0,fillna_to_zero_before_log1p_minmax
MDG,Madagascar,data-center footprint,data_center_footprint_signal,data_center_footprint_raw,0.0,count,0.0,fillna->0; log1p min-max normalized,higher=stronger,0.2,country_data_centre_electricity_weighted_allocation_iea,https://www.iea.org/reports/energy-and-ai/energy-demand-from-ai,2024,0,fillna_to_zero_before_log1p_minmax
MDG,Madagascar,power-grid evidence,power_grid_evidence_signal,power_grid_evidence_raw,0.0,score,0.0,fillna->0; log1p min-max normalized,higher=stronger,0.1,ai_power_grid_country_score,project-local-derived-table,2024,0,fillna_to_zero_before_log1p_minmax
MDG,Madagascar,public load/capacity,public_load_capacity_signal,public_load_capacity_raw_twh,0.0,TWh,0.0,fillna->0; log1p min-max normalized,higher=stronger,0.3,country_data_centre_electricity_weighted_allocation_iea,https://www.iea.org/reports/energy-and-ai/energy-demand-from-ai,2024,0,fillna_to_zero_before_log1p_minmax
MDG,Madagascar,public project capacity,public_project_capacity_signal,public_project_capacity_raw_mw,0.0,MW,0.0,fillna->0; log1p min-max normalized,higher=stronger,0.15,country_data_centre_electricity_weighted_allocation_iea,https://www.iea.org/reports/energy-and-ai/energy-demand-from-ai,2024,0,fillna_to_zero_before_log1p_minmax
MDG,Madagascar,service endpoint,service_endpoint_signal,service_endpoint_raw,0.0,score,0.0,fillna->0; log1p min-max normalized,higher=stronger,0.05,ai_service_endpoint_country_score,project-local-derived-table,2024,0,fillna_to_zero_before_log1p_minmax
MDV,Maldives,AI compute,ai_compute_signal,ai_compute_raw,0.0,score,0.0,fillna->0; log1p min-max normalized,higher=stronger,0.2,country_data_centre_electricity_weighted_allocation_iea,https://www.iea.org/reports/energy-and-ai/energy-demand-from-ai,2024,0,fillna_to_zero_before_log1p_minmax
MDV,Maldives,data-center footprint,data_center_footprint_signal,data_center_footprint_raw,0.0,count,0.0,fillna->0; log1p min-max normalized,higher=stronger,0.2,country_data_centre_electricity_weighted_allocation_iea,https://www.iea.org/reports/energy-and-ai/energy-demand-from-ai,2024,0,fillna_to_zero_before_log1p_minmax
MDV,Maldives,power-grid evidence,power_grid_evidence_signal,power_grid_evidence_raw,0.0,score,0.0,fillna->0; log1p min-max normalized,higher=stronger,0.1,ai_power_grid_country_score,project-local-derived-table,2024,0,fillna_to_zero_before_log1p_minmax
MDV,Maldives,public load/capacity,public_load_capacity_signal,public_load_capacity_raw_twh,0.0,TWh,0.0,fillna->0; log1p min-max normalized,higher=stronger,0.3,country_data_centre_electricity_weighted_allocation_iea,https://www.iea.org/reports/energy-and-ai/energy-demand-from-ai,2024,0,fillna_to_zero_before_log1p_minmax
MDV,Maldives,public project capacity,public_project_capacity_signal,public_project_capacity_raw_mw,0.0,MW,0.0,fillna->0; log1p min-max normalized,higher=stronger,0.15,country_data_centre_electricity_weighted_allocation_iea,https://www.iea.org/reports/energy-and-ai/energy-demand-from-ai,2024,0,fillna_to_zero_before_log1p_minmax
MDV,Maldives,service endpoint,service_endpoint_signal,service_endpoint_raw,0.0,score,0.0,fillna->0; log1p min-max normalized,higher=stronger,0.05,ai_service_endpoint_country_score,project-local-derived-table,2024,0,fillna_to_zero_before_log1p_minmax
MEX,Mexico,AI compute,ai_compute_signal,ai_compute_raw,4.473256194111093,score,0.3223731962674205,fillna->0; log1p min-max normalized,higher=stronger,0.2,country_data_centre_electricity_weighted_allocation_iea,https://www.iea.org/reports/energy-and-ai/energy-demand-from-ai,2024,0,fillna_to_zero_before_log1p_minmax
MEX,Mexico,data-center footprint,data_center_footprint_signal,data_center_footprint_raw,47.25,count,0.5040864170919059,fillna->0; log1p min-max normalized,higher=stronger,0.2,country_data_centre_electricity_weighted_allocation_iea,https://www.iea.org/reports/energy-and-ai/energy-demand-from-ai,2024,0,fillna_to_zero_before_log1p_minmax
MEX,Mexico,power-grid evidence,power_grid_evidence_signal,power_grid_evidence_raw,0.0,score,0.0,fillna->0; log1p min-max normalized,higher=stronger,0.1,ai_power_grid_country_score,project-local-derived-table,2024,0,fillna_to_zero_before_log1p_minmax
MEX,Mexico,public load/capacity,public_load_capacity_signal,public_load_capacity_raw_twh,0.0,TWh,0.0,fillna->0; log1p min-max normalized,higher=stronger,0.3,country_data_centre_electricity_weighted_allocation_iea,https://www.iea.org/reports/energy-and-ai/energy-demand-from-ai,2024,0,fillna_to_zero_before_log1p_minmax
MEX,Mexico,public project capacity,public_project_capacity_signal,public_project_capacity_raw_mw,0.0,MW,0.0,fillna->0; log1p min-max normalized,higher=stronger,0.15,country_data_centre_electricity_weighted_allocation_iea,https://www.iea.org/reports/energy-and-ai/energy-demand-from-ai,2024,0,fillna_to_zero_before_log1p_minmax
MEX,Mexico,service endpoint,service_endpoint_signal,service_endpoint_raw,12.373975547344656,score,0.5619161375730332,fillna->0; log1p min-max normalized,higher=stronger,0.05,ai_service_endpoint_country_score,project-local-derived-table,2024,0,fillna_to_zero_before_log1p_minmax
MKD,North Macedonia,AI compute,ai_compute_signal,ai_compute_raw,0.0,score,0.0,fillna->0; log1p min-max normalized,higher=stronger,0.2,country_data_centre_electricity_weighted_allocation_iea,https://www.iea.org/reports/energy-and-ai/energy-demand-from-ai,2024,0,fillna_to_zero_before_log1p_minmax
MKD,North Macedonia,data-center footprint,data_center_footprint_signal,data_center_footprint_raw,4.25,count,0.2156359378639389,fillna->0; log1p min-max normalized,higher=stronger,0.2,country_data_centre_electricity_weighted_allocation_iea,https://www.iea.org/reports/energy-and-ai/energy-demand-from-ai,2024,0,fillna_to_zero_before_log1p_minmax
MKD,North Macedonia,power-grid evidence,power_grid_evidence_signal,power_grid_evidence_raw,0.0,score,0.0,fillna->0; log1p min-max normalized,higher=stronger,0.1,ai_power_grid_country_score,project-local-derived-table,2024,0,fillna_to_zero_before_log1p_minmax
MKD,North Macedonia,public load/capacity,public_load_capacity_signal,public_load_capacity_raw_twh,0.0,TWh,0.0,fillna->0; log1p min-max normalized,higher=stronger,0.3,country_data_centre_electricity_weighted_allocation_iea,https://www.iea.org/reports/energy-and-ai/energy-demand-from-ai,2024,0,fillna_to_zero_before_log1p_minmax
MKD,North Macedonia,public project capacity,public_project_capacity_signal,public_project_capacity_raw_mw,0.0,MW,0.0,fillna->0; log1p min-max normalized,higher=stronger,0.15,country_data_centre_electricity_weighted_allocation_iea,https://www.iea.org/reports/energy-and-ai/energy-demand-from-ai,2024,0,fillna_to_zero_before_log1p_minmax
MKD,North Macedonia,service endpoint,service_endpoint_signal,service_endpoint_raw,0.0,score,0.0,fillna->0; log1p min-max normalized,higher=stronger,0.05,ai_service_endpoint_country_score,project-local-derived-table,2024,0,fillna_to_zero_before_log1p_minmax
MLT,Malta,AI compute,ai_compute_signal,ai_compute_raw,0.0,score,0.0,fillna->0; log1p min-max normalized,higher=stronger,0.2,country_data_centre_electricity_weighted_allocation_iea,https://www.iea.org/reports/energy-and-ai/energy-demand-from-ai,2024,0,fillna_to_zero_before_log1p_minmax
MLT,Malta,data-center footprint,data_center_footprint_signal,data_center_footprint_raw,0.0,count,0.0,fillna->0; log1p min-max normalized,higher=stronger,0.2,country_data_centre_electricity_weighted_allocation_iea,https://www.iea.org/reports/energy-and-ai/energy-demand-from-ai,2024,0,fillna_to_zero_before_log1p_minmax
MLT,Malta,power-grid evidence,power_grid_evidence_signal,power_grid_evidence_raw,0.0,score,0.0,fillna->0; log1p min-max normalized,higher=stronger,0.1,ai_power_grid_country_score,project-local-derived-table,2024,0,fillna_to_zero_before_log1p_minmax
MLT,Malta,public load/capacity,public_load_capacity_signal,public_load_capacity_raw_twh,0.0,TWh,0.0,fillna->0; log1p min-max normalized,higher=stronger,0.3,country_data_centre_electricity_weighted_allocation_iea,https://www.iea.org/reports/energy-and-ai/energy-demand-from-ai,2024,0,fillna_to_zero_before_log1p_minmax
MLT,Malta,public project capacity,public_project_capacity_signal,public_project_capacity_raw_mw,0.0,MW,0.0,fillna->0; log1p min-max normalized,higher=stronger,0.15,country_data_centre_electricity_weighted_allocation_iea,https://www.iea.org/reports/energy-and-ai/energy-demand-from-ai,2024,0,fillna_to_zero_before_log1p_minmax
MLT,Malta,service endpoint,service_endpoint_signal,service_endpoint_raw,0.0,score,0.0,fillna->0; log1p min-max normalized,higher=stronger,0.05,ai_service_endpoint_country_score,project-local-derived-table,2024,0,fillna_to_zero_before_log1p_minmax
MNE,Montenegro,AI compute,ai_compute_signal,ai_compute_raw,0.0,score,0.0,fillna->0; log1p min-max normalized,higher=stronger,0.2,country_data_centre_electricity_weighted_allocation_iea,https://www.iea.org/reports/energy-and-ai/energy-demand-from-ai,2024,0,fillna_to_zero_before_log1p_minmax
MNE,Montenegro,data-center footprint,data_center_footprint_signal,data_center_footprint_raw,0.0,count,0.0,fillna->0; log1p min-max normalized,higher=stronger,0.2,country_data_centre_electricity_weighted_allocation_iea,https://www.iea.org/reports/energy-and-ai/energy-demand-from-ai,2024,0,fillna_to_zero_before_log1p_minmax
MNE,Montenegro,power-grid evidence,power_grid_evidence_signal,power_grid_evidence_raw,0.0,score,0.0,fillna->0; log1p min-max normalized,higher=stronger,0.1,ai_power_grid_country_score,project-local-derived-table,2024,0,fillna_to_zero_before_log1p_minmax
MNE,Montenegro,public load/capacity,public_load_capacity_signal,public_load_capacity_raw_twh,0.0,TWh,0.0,fillna->0; log1p min-max normalized,higher=stronger,0.3,country_data_centre_electricity_weighted_allocation_iea,https://www.iea.org/reports/energy-and-ai/energy-demand-from-ai,2024,0,fillna_to_zero_before_log1p_minmax
MNE,Montenegro,public project capacity,public_project_capacity_signal,public_project_capacity_raw_mw,0.0,MW,0.0,fillna->0; log1p min-max normalized,higher=stronger,0.15,country_data_centre_electricity_weighted_allocation_iea,https://www.iea.org/reports/energy-and-ai/energy-demand-from-ai,2024,0,fillna_to_zero_before_log1p_minmax
MNE,Montenegro,service endpoint,service_endpoint_signal,service_endpoint_raw,0.0,score,0.0,fillna->0; log1p min-max normalized,higher=stronger,0.05,ai_service_endpoint_country_score,project-local-derived-table,2024,0,fillna_to_zero_before_log1p_minmax
MNG,Mongolia,AI compute,ai_compute_signal,ai_compute_raw,0.0,score,0.0,fillna->0; log1p min-max normalized,higher=stronger,0.2,country_data_centre_electricity_weighted_allocation_iea,https://www.iea.org/reports/energy-and-ai/energy-demand-from-ai,2024,0,fillna_to_zero_before_log1p_minmax
MNG,Mongolia,data-center footprint,data_center_footprint_signal,data_center_footprint_raw,0.0,count,0.0,fillna->0; log1p min-max normalized,higher=stronger,0.2,country_data_centre_electricity_weighted_allocation_iea,https://www.iea.org/reports/energy-and-ai/energy-demand-from-ai,2024,0,fillna_to_zero_before_log1p_minmax
MNG,Mongolia,power-grid evidence,power_grid_evidence_signal,power_grid_evidence_raw,0.0,score,0.0,fillna->0; log1p min-max normalized,higher=stronger,0.1,ai_power_grid_country_score,project-local-derived-table,2024,0,fillna_to_zero_before_log1p_minmax
MNG,Mongolia,public load/capacity,public_load_capacity_signal,public_load_capacity_raw_twh,0.0,TWh,0.0,fillna->0; log1p min-max normalized,higher=stronger,0.3,country_data_centre_electricity_weighted_allocation_iea,https://www.iea.org/reports/energy-and-ai/energy-demand-from-ai,2024,0,fillna_to_zero_before_log1p_minmax
MNG,Mongolia,public project capacity,public_project_capacity_signal,public_project_capacity_raw_mw,0.0,MW,0.0,fillna->0; log1p min-max normalized,higher=stronger,0.15,country_data_centre_electricity_weighted_allocation_iea,https://www.iea.org/reports/energy-and-ai/energy-demand-from-ai,2024,0,fillna_to_zero_before_log1p_minmax
MNG,Mongolia,service endpoint,service_endpoint_signal,service_endpoint_raw,0.0,score,0.0,fillna->0; log1p min-max normalized,higher=stronger,0.05,ai_service_endpoint_country_score,project-local-derived-table,2024,0,fillna_to_zero_before_log1p_minmax
MOZ,Mozambique,AI compute,ai_compute_signal,ai_compute_raw,0.0,score,0.0,fillna->0; log1p min-max normalized,higher=stronger,0.2,country_data_centre_electricity_weighted_allocation_iea,https://www.iea.org/reports/energy-and-ai/energy-demand-from-ai,2024,0,fillna_to_zero_before_log1p_minmax
MOZ,Mozambique,data-center footprint,data_center_footprint_signal,data_center_footprint_raw,1.5,count,0.1191544239972239,fillna->0; log1p min-max normalized,higher=stronger,0.2,country_data_centre_electricity_weighted_allocation_iea,https://www.iea.org/reports/energy-and-ai/energy-demand-from-ai,2024,0,fillna_to_zero_before_log1p_minmax
MOZ,Mozambique,power-grid evidence,power_grid_evidence_signal,power_grid_evidence_raw,0.0,score,0.0,fillna->0; log1p min-max normalized,higher=stronger,0.1,ai_power_grid_country_score,project-local-derived-table,2024,0,fillna_to_zero_before_log1p_minmax
MOZ,Mozambique,public load/capacity,public_load_capacity_signal,public_load_capacity_raw_twh,0.0,TWh,0.0,fillna->0; log1p min-max normalized,higher=stronger,0.3,country_data_centre_electricity_weighted_allocation_iea,https://www.iea.org/reports/energy-and-ai/energy-demand-from-ai,2024,0,fillna_to_zero_before_log1p_minmax
MOZ,Mozambique,public project capacity,public_project_capacity_signal,public_project_capacity_raw_mw,0.0,MW,0.0,fillna->0; log1p min-max normalized,higher=stronger,0.15,country_data_centre_electricity_weighted_allocation_iea,https://www.iea.org/reports/energy-and-ai/energy-demand-from-ai,2024,0,fillna_to_zero_before_log1p_minmax
MOZ,Mozambique,service endpoint,service_endpoint_signal,service_endpoint_raw,0.0,score,0.0,fillna->0; log1p min-max normalized,higher=stronger,0.05,ai_service_endpoint_country_score,project-local-derived-table,2024,0,fillna_to_zero_before_log1p_minmax
MRT,Mauritania,AI compute,ai_compute_signal,ai_compute_raw,0.0,score,0.0,fillna->0; log1p min-max normalized,higher=stronger,0.2,country_data_centre_electricity_weighted_allocation_iea,https://www.iea.org/reports/energy-and-ai/energy-demand-from-ai,2024,0,fillna_to_zero_before_log1p_minmax
MRT,Mauritania,data-center footprint,data_center_footprint_signal,data_center_footprint_raw,0.0,count,0.0,fillna->0; log1p min-max normalized,higher=stronger,0.2,country_data_centre_electricity_weighted_allocation_iea,https://www.iea.org/reports/energy-and-ai/energy-demand-from-ai,2024,0,fillna_to_zero_before_log1p_minmax
MRT,Mauritania,power-grid evidence,power_grid_evidence_signal,power_grid_evidence_raw,0.0,score,0.0,fillna->0; log1p min-max normalized,higher=stronger,0.1,ai_power_grid_country_score,project-local-derived-table,2024,0,fillna_to_zero_before_log1p_minmax
MRT,Mauritania,public load/capacity,public_load_capacity_signal,public_load_capacity_raw_twh,0.0,TWh,0.0,fillna->0; log1p min-max normalized,higher=stronger,0.3,country_data_centre_electricity_weighted_allocation_iea,https://www.iea.org/reports/energy-and-ai/energy-demand-from-ai,2024,0,fillna_to_zero_before_log1p_minmax
MRT,Mauritania,public project capacity,public_project_capacity_signal,public_project_capacity_raw_mw,0.0,MW,0.0,fillna->0; log1p min-max normalized,higher=stronger,0.15,country_data_centre_electricity_weighted_allocation_iea,https://www.iea.org/reports/energy-and-ai/energy-demand-from-ai,2024,0,fillna_to_zero_before_log1p_minmax
MRT,Mauritania,service endpoint,service_endpoint_signal,service_endpoint_raw,0.0,score,0.0,fillna->0; log1p min-max normalized,higher=stronger,0.05,ai_service_endpoint_country_score,project-local-derived-table,2024,0,fillna_to_zero_before_log1p_minmax
MUS,Mauritius,AI compute,ai_compute_signal,ai_compute_raw,0.0,score,0.0,fillna->0; log1p min-max normalized,higher=stronger,0.2,country_data_centre_electricity_weighted_allocation_iea,https://www.iea.org/reports/energy-and-ai/energy-demand-from-ai,2024,0,fillna_to_zero_before_log1p_minmax
MUS,Mauritius,data-center footprint,data_center_footprint_signal,data_center_footprint_raw,0.0,count,0.0,fillna->0; log1p min-max normalized,higher=stronger,0.2,country_data_centre_electricity_weighted_allocation_iea,https://www.iea.org/reports/energy-and-ai/energy-demand-from-ai,2024,0,fillna_to_zero_before_log1p_minmax
MUS,Mauritius,power-grid evidence,power_grid_evidence_signal,power_grid_evidence_raw,0.0,score,0.0,fillna->0; log1p min-max normalized,higher=stronger,0.1,ai_power_grid_country_score,project-local-derived-table,2024,0,fillna_to_zero_before_log1p_minmax
MUS,Mauritius,public load/capacity,public_load_capacity_signal,public_load_capacity_raw_twh,0.0,TWh,0.0,fillna->0; log1p min-max normalized,higher=stronger,0.3,country_data_centre_electricity_weighted_allocation_iea,https://www.iea.org/reports/energy-and-ai/energy-demand-from-ai,2024,0,fillna_to_zero_before_log1p_minmax
MUS,Mauritius,public project capacity,public_project_capacity_signal,public_project_capacity_raw_mw,0.0,MW,0.0,fillna->0; log1p min-max normalized,higher=stronger,0.15,country_data_centre_electricity_weighted_allocation_iea,https://www.iea.org/reports/energy-and-ai/energy-demand-from-ai,2024,0,fillna_to_zero_before_log1p_minmax
MUS,Mauritius,service endpoint,service_endpoint_signal,service_endpoint_raw,0.0,score,0.0,fillna->0; log1p min-max normalized,higher=stronger,0.05,ai_service_endpoint_country_score,project-local-derived-table,2024,0,fillna_to_zero_before_log1p_minmax
MWI,Malawi,AI compute,ai_compute_signal,ai_compute_raw,0.0,score,0.0,fillna->0; log1p min-max normalized,higher=stronger,0.2,country_data_centre_electricity_weighted_allocation_iea,https://www.iea.org/reports/energy-and-ai/energy-demand-from-ai,2024,0,fillna_to_zero_before_log1p_minmax
MWI,Malawi,data-center footprint,data_center_footprint_signal,data_center_footprint_raw,1.5,count,0.1191544239972239,fillna->0; log1p min-max normalized,higher=stronger,0.2,country_data_centre_electricity_weighted_allocation_iea,https://www.iea.org/reports/energy-and-ai/energy-demand-from-ai,2024,0,fillna_to_zero_before_log1p_minmax
MWI,Malawi,power-grid evidence,power_grid_evidence_signal,power_grid_evidence_raw,0.0,score,0.0,fillna->0; log1p min-max normalized,higher=stronger,0.1,ai_power_grid_country_score,project-local-derived-table,2024,0,fillna_to_zero_before_log1p_minmax
MWI,Malawi,public load/capacity,public_load_capacity_signal,public_load_capacity_raw_twh,0.0,TWh,0.0,fillna->0; log1p min-max normalized,higher=stronger,0.3,country_data_centre_electricity_weighted_allocation_iea,https://www.iea.org/reports/energy-and-ai/energy-demand-from-ai,2024,0,fillna_to_zero_before_log1p_minmax
MWI,Malawi,public project capacity,public_project_capacity_signal,public_project_capacity_raw_mw,0.0,MW,0.0,fillna->0; log1p min-max normalized,higher=stronger,0.15,country_data_centre_electricity_weighted_allocation_iea,https://www.iea.org/reports/energy-and-ai/energy-demand-from-ai,2024,0,fillna_to_zero_before_log1p_minmax
MWI,Malawi,service endpoint,service_endpoint_signal,service_endpoint_raw,0.0,score,0.0,fillna->0; log1p min-max normalized,higher=stronger,0.05,ai_service_endpoint_country_score,project-local-derived-table,2024,0,fillna_to_zero_before_log1p_minmax
MYS,Malaysia,AI compute,ai_compute_signal,ai_compute_raw,5.782522510693024,score,0.3630474577555789,fillna->0; log1p min-max normalized,higher=stronger,0.2,country_data_centre_electricity_weighted_allocation_iea,https://www.iea.org/reports/energy-and-ai/energy-demand-from-ai,2024,0,fillna_to_zero_before_log1p_minmax
MYS,Malaysia,data-center footprint,data_center_footprint_signal,data_center_footprint_raw,109.5,count,0.6118401013955939,fillna->0; log1p min-max normalized,higher=stronger,0.2,country_data_centre_electricity_weighted_allocation_iea,https://www.iea.org/reports/energy-and-ai/energy-demand-from-ai,2024,0,fillna_to_zero_before_log1p_minmax
MYS,Malaysia,power-grid evidence,power_grid_evidence_signal,power_grid_evidence_raw,21.78103593554011,score,0.711335669755471,fillna->0; log1p min-max normalized,higher=stronger,0.1,ai_power_grid_country_score,project-local-derived-table,2024,0,fillna_to_zero_before_log1p_minmax
MYS,Malaysia,public load/capacity,public_load_capacity_signal,public_load_capacity_raw_twh,42.048,TWh,1.0,fillna->0; log1p min-max normalized,higher=stronger,0.3,country_data_centre_electricity_weighted_allocation_iea,https://www.iea.org/reports/energy-and-ai/energy-demand-from-ai,2024,0,fillna_to_zero_before_log1p_minmax
MYS,Malaysia,public project capacity,public_project_capacity_signal,public_project_capacity_raw_mw,6400.0,MW,1.0,fillna->0; log1p min-max normalized,higher=stronger,0.15,country_data_centre_electricity_weighted_allocation_iea,https://www.iea.org/reports/energy-and-ai/energy-demand-from-ai,2024,0,fillna_to_zero_before_log1p_minmax
MYS,Malaysia,service endpoint,service_endpoint_signal,service_endpoint_raw,0.0,score,0.0,fillna->0; log1p min-max normalized,higher=stronger,0.05,ai_service_endpoint_country_score,project-local-derived-table,2024,0,fillna_to_zero_before_log1p_minmax
NCL,New Caledonia,AI compute,ai_compute_signal,ai_compute_raw,0.0,score,0.0,fillna->0; log1p min-max normalized,higher=stronger,0.2,country_data_centre_electricity_weighted_allocation_iea,https://www.iea.org/reports/energy-and-ai/energy-demand-from-ai,2024,0,fillna_to_zero_before_log1p_minmax
NCL,New Caledonia,data-center footprint,data_center_footprint_signal,data_center_footprint_raw,0.0,count,0.0,fillna->0; log1p min-max normalized,higher=stronger,0.2,country_data_centre_electricity_weighted_allocation_iea,https://www.iea.org/reports/energy-and-ai/energy-demand-from-ai,2024,0,fillna_to_zero_before_log1p_minmax
NCL,New Caledonia,power-grid evidence,power_grid_evidence_signal,power_grid_evidence_raw,0.0,score,0.0,fillna->0; log1p min-max normalized,higher=stronger,0.1,ai_power_grid_country_score,project-local-derived-table,2024,0,fillna_to_zero_before_log1p_minmax
NCL,New Caledonia,public load/capacity,public_load_capacity_signal,public_load_capacity_raw_twh,0.0,TWh,0.0,fillna->0; log1p min-max normalized,higher=stronger,0.3,country_data_centre_electricity_weighted_allocation_iea,https://www.iea.org/reports/energy-and-ai/energy-demand-from-ai,2024,0,fillna_to_zero_before_log1p_minmax
NCL,New Caledonia,public project capacity,public_project_capacity_signal,public_project_capacity_raw_mw,0.0,MW,0.0,fillna->0; log1p min-max normalized,higher=stronger,0.15,country_data_centre_electricity_weighted_allocation_iea,https://www.iea.org/reports/energy-and-ai/energy-demand-from-ai,2024,0,fillna_to_zero_before_log1p_minmax
NCL,New Caledonia,service endpoint,service_endpoint_signal,service_endpoint_raw,0.0,score,0.0,fillna->0; log1p min-max normalized,higher=stronger,0.05,ai_service_endpoint_country_score,project-local-derived-table,2024,0,fillna_to_zero_before_log1p_minmax
NER,Niger,AI compute,ai_compute_signal,ai_compute_raw,0.0,score,0.0,fillna->0; log1p min-max normalized,higher=stronger,0.2,country_data_centre_electricity_weighted_allocation_iea,https://www.iea.org/reports/energy-and-ai/energy-demand-from-ai,2024,0,fillna_to_zero_before_log1p_minmax
NER,Niger,data-center footprint,data_center_footprint_signal,data_center_footprint_raw,0.0,count,0.0,fillna->0; log1p min-max normalized,higher=stronger,0.2,country_data_centre_electricity_weighted_allocation_iea,https://www.iea.org/reports/energy-and-ai/energy-demand-from-ai,2024,0,fillna_to_zero_before_log1p_minmax
NER,Niger,power-grid evidence,power_grid_evidence_signal,power_grid_evidence_raw,0.0,score,0.0,fillna->0; log1p min-max normalized,higher=stronger,0.1,ai_power_grid_country_score,project-local-derived-table,2024,0,fillna_to_zero_before_log1p_minmax
NER,Niger,public load/capacity,public_load_capacity_signal,public_load_capacity_raw_twh,0.0,TWh,0.0,fillna->0; log1p min-max normalized,higher=stronger,0.3,country_data_centre_electricity_weighted_allocation_iea,https://www.iea.org/reports/energy-and-ai/energy-demand-from-ai,2024,0,fillna_to_zero_before_log1p_minmax
NER,Niger,public project capacity,public_project_capacity_signal,public_project_capacity_raw_mw,0.0,MW,0.0,fillna->0; log1p min-max normalized,higher=stronger,0.15,country_data_centre_electricity_weighted_allocation_iea,https://www.iea.org/reports/energy-and-ai/energy-demand-from-ai,2024,0,fillna_to_zero_before_log1p_minmax
NER,Niger,service endpoint,service_endpoint_signal,service_endpoint_raw,0.0,score,0.0,fillna->0; log1p min-max normalized,higher=stronger,0.05,ai_service_endpoint_country_score,project-local-derived-table,2024,0,fillna_to_zero_before_log1p_minmax
NGA,Nigeria,AI compute,ai_compute_signal,ai_compute_raw,0.0,score,0.0,fillna->0; log1p min-max normalized,higher=stronger,0.2,country_data_centre_electricity_weighted_allocation_iea,https://www.iea.org/reports/energy-and-ai/energy-demand-from-ai,2024,0,fillna_to_zero_before_log1p_minmax
NGA,Nigeria,data-center footprint,data_center_footprint_signal,data_center_footprint_raw,1.75,count,0.1315485574099101,fillna->0; log1p min-max normalized,higher=stronger,0.2,country_data_centre_electricity_weighted_allocation_iea,https://www.iea.org/reports/energy-and-ai/energy-demand-from-ai,2024,0,fillna_to_zero_before_log1p_minmax
NGA,Nigeria,power-grid evidence,power_grid_evidence_signal,power_grid_evidence_raw,0.0,score,0.0,fillna->0; log1p min-max normalized,higher=stronger,0.1,ai_power_grid_country_score,project-local-derived-table,2024,0,fillna_to_zero_before_log1p_minmax
NGA,Nigeria,public load/capacity,public_load_capacity_signal,public_load_capacity_raw_twh,0.0,TWh,0.0,fillna->0; log1p min-max normalized,higher=stronger,0.3,country_data_centre_electricity_weighted_allocation_iea,https://www.iea.org/reports/energy-and-ai/energy-demand-from-ai,2024,0,fillna_to_zero_before_log1p_minmax
NGA,Nigeria,public project capacity,public_project_capacity_signal,public_project_capacity_raw_mw,0.0,MW,0.0,fillna->0; log1p min-max normalized,higher=stronger,0.15,country_data_centre_electricity_weighted_allocation_iea,https://www.iea.org/reports/energy-and-ai/energy-demand-from-ai,2024,0,fillna_to_zero_before_log1p_minmax
NGA,Nigeria,service endpoint,service_endpoint_signal,service_endpoint_raw,0.0,score,0.0,fillna->0; log1p min-max normalized,higher=stronger,0.05,ai_service_endpoint_country_score,project-local-derived-table,2024,0,fillna_to_zero_before_log1p_minmax
NLD,Netherlands,AI compute,ai_compute_signal,ai_compute_raw,8.691311895900833,score,0.4307282369527161,fillna->0; log1p min-max normalized,higher=stronger,0.2,country_data_centre_electricity_weighted_allocation_iea,https://www.iea.org/reports/energy-and-ai/energy-demand-from-ai,2024,0,fillna_to_zero_before_log1p_minmax
NLD,Netherlands,data-center footprint,data_center_footprint_signal,data_center_footprint_raw,212.5,count,0.6974872003995193,fillna->0; log1p min-max normalized,higher=stronger,0.2,country_data_centre_electricity_weighted_allocation_iea,https://www.iea.org/reports/energy-and-ai/energy-demand-from-ai,2024,0,fillna_to_zero_before_log1p_minmax
NLD,Netherlands,power-grid evidence,power_grid_evidence_signal,power_grid_evidence_raw,0.0,score,0.0,fillna->0; log1p min-max normalized,higher=stronger,0.1,ai_power_grid_country_score,project-local-derived-table,2024,0,fillna_to_zero_before_log1p_minmax
NLD,Netherlands,public load/capacity,public_load_capacity_signal,public_load_capacity_raw_twh,0.0,TWh,0.0,fillna->0; log1p min-max normalized,higher=stronger,0.3,country_data_centre_electricity_weighted_allocation_iea,https://www.iea.org/reports/energy-and-ai/energy-demand-from-ai,2024,0,fillna_to_zero_before_log1p_minmax
NLD,Netherlands,public project capacity,public_project_capacity_signal,public_project_capacity_raw_mw,0.0,MW,0.0,fillna->0; log1p min-max normalized,higher=stronger,0.15,country_data_centre_electricity_weighted_allocation_iea,https://www.iea.org/reports/energy-and-ai/energy-demand-from-ai,2024,0,fillna_to_zero_before_log1p_minmax
NLD,Netherlands,service endpoint,service_endpoint_signal,service_endpoint_raw,48.97247845648508,score,0.8475341887046332,fillna->0; log1p min-max normalized,higher=stronger,0.05,ai_service_endpoint_country_score,project-local-derived-table,2024,0,fillna_to_zero_before_log1p_minmax
NOR,Norway,AI compute,ai_compute_signal,ai_compute_raw,73.38579904879063,score,0.8172322039401237,fillna->0; log1p min-max normalized,higher=stronger,0.2,country_data_centre_electricity_weighted_allocation_iea,https://www.iea.org/reports/energy-and-ai/energy-demand-from-ai,2024,0,fillna_to_zero_before_log1p_minmax
NOR,Norway,data-center footprint,data_center_footprint_signal,data_center_footprint_raw,17.25,count,0.3776575548198101,fillna->0; log1p min-max normalized,higher=stronger,0.2,country_data_centre_electricity_weighted_allocation_iea,https://www.iea.org/reports/energy-and-ai/energy-demand-from-ai,2024,0,fillna_to_zero_before_log1p_minmax
NOR,Norway,power-grid evidence,power_grid_evidence_signal,power_grid_evidence_raw,16.663458471756194,score,0.6534375325294178,fillna->0; log1p min-max normalized,higher=stronger,0.1,ai_power_grid_country_score,project-local-derived-table,2024,0,fillna_to_zero_before_log1p_minmax
NOR,Norway,public load/capacity,public_load_capacity_signal,public_load_capacity_raw_twh,1.5111,TWh,0.2447218574687139,fillna->0; log1p min-max normalized,higher=stronger,0.3,country_data_centre_electricity_weighted_allocation_iea,https://www.iea.org/reports/energy-and-ai/energy-demand-from-ai,2024,0,fillna_to_zero_before_log1p_minmax
NOR,Norway,public project capacity,public_project_capacity_signal,public_project_capacity_raw_mw,230.0,MW,0.6209821554455922,fillna->0; log1p min-max normalized,higher=stronger,0.15,country_data_centre_electricity_weighted_allocation_iea,https://www.iea.org/reports/energy-and-ai/energy-demand-from-ai,2024,0,fillna_to_zero_before_log1p_minmax
NOR,Norway,service endpoint,service_endpoint_signal,service_endpoint_raw,17.247951094689313,score,0.6292474474598057,fillna->0; log1p min-max normalized,higher=stronger,0.05,ai_service_endpoint_country_score,project-local-derived-table,2024,0,fillna_to_zero_before_log1p_minmax
NPL,Nepal,AI compute,ai_compute_signal,ai_compute_raw,0.0,score,0.0,fillna->0; log1p min-max normalized,higher=stronger,0.2,country_data_centre_electricity_weighted_allocation_iea,https://www.iea.org/reports/energy-and-ai/energy-demand-from-ai,2024,0,fillna_to_zero_before_log1p_minmax
NPL,Nepal,data-center footprint,data_center_footprint_signal,data_center_footprint_raw,3.25,count,0.1881573085758391,fillna->0; log1p min-max normalized,higher=stronger,0.2,country_data_centre_electricity_weighted_allocation_iea,https://www.iea.org/reports/energy-and-ai/energy-demand-from-ai,2024,0,fillna_to_zero_before_log1p_minmax
NPL,Nepal,power-grid evidence,power_grid_evidence_signal,power_grid_evidence_raw,0.0,score,0.0,fillna->0; log1p min-max normalized,higher=stronger,0.1,ai_power_grid_country_score,project-local-derived-table,2024,0,fillna_to_zero_before_log1p_minmax
NPL,Nepal,public load/capacity,public_load_capacity_signal,public_load_capacity_raw_twh,0.0,TWh,0.0,fillna->0; log1p min-max normalized,higher=stronger,0.3,country_data_centre_electricity_weighted_allocation_iea,https://www.iea.org/reports/energy-and-ai/energy-demand-from-ai,2024,0,fillna_to_zero_before_log1p_minmax
NPL,Nepal,public project capacity,public_project_capacity_signal,public_project_capacity_raw_mw,0.0,MW,0.0,fillna->0; log1p min-max normalized,higher=stronger,0.15,country_data_centre_electricity_weighted_allocation_iea,https://www.iea.org/reports/energy-and-ai/energy-demand-from-ai,2024,0,fillna_to_zero_before_log1p_minmax
NPL,Nepal,service endpoint,service_endpoint_signal,service_endpoint_raw,0.0,score,0.0,fillna->0; log1p min-max normalized,higher=stronger,0.05,ai_service_endpoint_country_score,project-local-derived-table,2024,0,fillna_to_zero_before_log1p_minmax
NZL,New Zealand,AI compute,ai_compute_signal,ai_compute_raw,5.489339806004475,score,0.3546673539347622,fillna->0; log1p min-max normalized,higher=stronger,0.2,country_data_centre_electricity_weighted_allocation_iea,https://www.iea.org/reports/energy-and-ai/energy-demand-from-ai,2024,0,fillna_to_zero_before_log1p_minmax
NZL,New Zealand,data-center footprint,data_center_footprint_signal,data_center_footprint_raw,52.25,count,0.5169086157046778,fillna->0; log1p min-max normalized,higher=stronger,0.2,country_data_centre_electricity_weighted_allocation_iea,https://www.iea.org/reports/energy-and-ai/energy-demand-from-ai,2024,0,fillna_to_zero_before_log1p_minmax
NZL,New Zealand,power-grid evidence,power_grid_evidence_signal,power_grid_evidence_raw,0.0,score,0.0,fillna->0; log1p min-max normalized,higher=stronger,0.1,ai_power_grid_country_score,project-local-derived-table,2024,0,fillna_to_zero_before_log1p_minmax
NZL,New Zealand,public load/capacity,public_load_capacity_signal,public_load_capacity_raw_twh,0.0,TWh,0.0,fillna->0; log1p min-max normalized,higher=stronger,0.3,country_data_centre_electricity_weighted_allocation_iea,https://www.iea.org/reports/energy-and-ai/energy-demand-from-ai,2024,0,fillna_to_zero_before_log1p_minmax
NZL,New Zealand,public project capacity,public_project_capacity_signal,public_project_capacity_raw_mw,0.0,MW,0.0,fillna->0; log1p min-max normalized,higher=stronger,0.15,country_data_centre_electricity_weighted_allocation_iea,https://www.iea.org/reports/energy-and-ai/energy-demand-from-ai,2024,0,fillna_to_zero_before_log1p_minmax
NZL,New Zealand,service endpoint,service_endpoint_signal,service_endpoint_raw,12.373975547344656,score,0.5619161375730332,fillna->0; log1p min-max normalized,higher=stronger,0.05,ai_service_endpoint_country_score,project-local-derived-table,2024,0,fillna_to_zero_before_log1p_minmax
OMN,Oman,AI compute,ai_compute_signal,ai_compute_raw,0.0,score,0.0,fillna->0; log1p min-max normalized,higher=stronger,0.2,country_data_centre_electricity_weighted_allocation_iea,https://www.iea.org/reports/energy-and-ai/energy-demand-from-ai,2024,0,fillna_to_zero_before_log1p_minmax
OMN,Oman,data-center footprint,data_center_footprint_signal,data_center_footprint_raw,0.0,count,0.0,fillna->0; log1p min-max normalized,higher=stronger,0.2,country_data_centre_electricity_weighted_allocation_iea,https://www.iea.org/reports/energy-and-ai/energy-demand-from-ai,2024,0,fillna_to_zero_before_log1p_minmax
OMN,Oman,power-grid evidence,power_grid_evidence_signal,power_grid_evidence_raw,0.0,score,0.0,fillna->0; log1p min-max normalized,higher=stronger,0.1,ai_power_grid_country_score,project-local-derived-table,2024,0,fillna_to_zero_before_log1p_minmax
OMN,Oman,public load/capacity,public_load_capacity_signal,public_load_capacity_raw_twh,0.0,TWh,0.0,fillna->0; log1p min-max normalized,higher=stronger,0.3,country_data_centre_electricity_weighted_allocation_iea,https://www.iea.org/reports/energy-and-ai/energy-demand-from-ai,2024,0,fillna_to_zero_before_log1p_minmax
OMN,Oman,public project capacity,public_project_capacity_signal,public_project_capacity_raw_mw,0.0,MW,0.0,fillna->0; log1p min-max normalized,higher=stronger,0.15,country_data_centre_electricity_weighted_allocation_iea,https://www.iea.org/reports/energy-and-ai/energy-demand-from-ai,2024,0,fillna_to_zero_before_log1p_minmax
OMN,Oman,service endpoint,service_endpoint_signal,service_endpoint_raw,0.0,score,0.0,fillna->0; log1p min-max normalized,higher=stronger,0.05,ai_service_endpoint_country_score,project-local-derived-table,2024,0,fillna_to_zero_before_log1p_minmax
PAK,Pakistan,AI compute,ai_compute_signal,ai_compute_raw,0.0,score,0.0,fillna->0; log1p min-max normalized,higher=stronger,0.2,country_data_centre_electricity_weighted_allocation_iea,https://www.iea.org/reports/energy-and-ai/energy-demand-from-ai,2024,0,fillna_to_zero_before_log1p_minmax
PAK,Pakistan,data-center footprint,data_center_footprint_signal,data_center_footprint_raw,13.75,count,0.349969183590848,fillna->0; log1p min-max normalized,higher=stronger,0.2,country_data_centre_electricity_weighted_allocation_iea,https://www.iea.org/reports/energy-and-ai/energy-demand-from-ai,2024,0,fillna_to_zero_before_log1p_minmax
PAK,Pakistan,power-grid evidence,power_grid_evidence_signal,power_grid_evidence_raw,0.0,score,0.0,fillna->0; log1p min-max normalized,higher=stronger,0.1,ai_power_grid_country_score,project-local-derived-table,2024,0,fillna_to_zero_before_log1p_minmax
PAK,Pakistan,public load/capacity,public_load_capacity_signal,public_load_capacity_raw_twh,0.0,TWh,0.0,fillna->0; log1p min-max normalized,higher=stronger,0.3,country_data_centre_electricity_weighted_allocation_iea,https://www.iea.org/reports/energy-and-ai/energy-demand-from-ai,2024,0,fillna_to_zero_before_log1p_minmax
PAK,Pakistan,public project capacity,public_project_capacity_signal,public_project_capacity_raw_mw,0.0,MW,0.0,fillna->0; log1p min-max normalized,higher=stronger,0.15,country_data_centre_electricity_weighted_allocation_iea,https://www.iea.org/reports/energy-and-ai/energy-demand-from-ai,2024,0,fillna_to_zero_before_log1p_minmax
PAK,Pakistan,service endpoint,service_endpoint_signal,service_endpoint_raw,0.0,score,0.0,fillna->0; log1p min-max normalized,higher=stronger,0.05,ai_service_endpoint_country_score,project-local-derived-table,2024,0,fillna_to_zero_before_log1p_minmax
PAN,Panama,AI compute,ai_compute_signal,ai_compute_raw,0.0,score,0.0,fillna->0; log1p min-max normalized,higher=stronger,0.2,country_data_centre_electricity_weighted_allocation_iea,https://www.iea.org/reports/energy-and-ai/energy-demand-from-ai,2024,0,fillna_to_zero_before_log1p_minmax
PAN,Panama,data-center footprint,data_center_footprint_signal,data_center_footprint_raw,1.5,count,0.1191544239972239,fillna->0; log1p min-max normalized,higher=stronger,0.2,country_data_centre_electricity_weighted_allocation_iea,https://www.iea.org/reports/energy-and-ai/energy-demand-from-ai,2024,0,fillna_to_zero_before_log1p_minmax
PAN,Panama,power-grid evidence,power_grid_evidence_signal,power_grid_evidence_raw,0.0,score,0.0,fillna->0; log1p min-max normalized,higher=stronger,0.1,ai_power_grid_country_score,project-local-derived-table,2024,0,fillna_to_zero_before_log1p_minmax
PAN,Panama,public load/capacity,public_load_capacity_signal,public_load_capacity_raw_twh,0.0,TWh,0.0,fillna->0; log1p min-max normalized,higher=stronger,0.3,country_data_centre_electricity_weighted_allocation_iea,https://www.iea.org/reports/energy-and-ai/energy-demand-from-ai,2024,0,fillna_to_zero_before_log1p_minmax
PAN,Panama,public project capacity,public_project_capacity_signal,public_project_capacity_raw_mw,0.0,MW,0.0,fillna->0; log1p min-max normalized,higher=stronger,0.15,country_data_centre_electricity_weighted_allocation_iea,https://www.iea.org/reports/energy-and-ai/energy-demand-from-ai,2024,0,fillna_to_zero_before_log1p_minmax
PAN,Panama,service endpoint,service_endpoint_signal,service_endpoint_raw,0.0,score,0.0,fillna->0; log1p min-max normalized,higher=stronger,0.05,ai_service_endpoint_country_score,project-local-derived-table,2024,0,fillna_to_zero_before_log1p_minmax
PER,Peru,AI compute,ai_compute_signal,ai_compute_raw,0.0,score,0.0,fillna->0; log1p min-max normalized,higher=stronger,0.2,country_data_centre_electricity_weighted_allocation_iea,https://www.iea.org/reports/energy-and-ai/energy-demand-from-ai,2024,0,fillna_to_zero_before_log1p_minmax
PER,Peru,data-center footprint,data_center_footprint_signal,data_center_footprint_raw,16.0,count,0.3684309928375792,fillna->0; log1p min-max normalized,higher=stronger,0.2,country_data_centre_electricity_weighted_allocation_iea,https://www.iea.org/reports/energy-and-ai/energy-demand-from-ai,2024,0,fillna_to_zero_before_log1p_minmax
PER,Peru,power-grid evidence,power_grid_evidence_signal,power_grid_evidence_raw,0.0,score,0.0,fillna->0; log1p min-max normalized,higher=stronger,0.1,ai_power_grid_country_score,project-local-derived-table,2024,0,fillna_to_zero_before_log1p_minmax
PER,Peru,public load/capacity,public_load_capacity_signal,public_load_capacity_raw_twh,0.0,TWh,0.0,fillna->0; log1p min-max normalized,higher=stronger,0.3,country_data_centre_electricity_weighted_allocation_iea,https://www.iea.org/reports/energy-and-ai/energy-demand-from-ai,2024,0,fillna_to_zero_before_log1p_minmax
PER,Peru,public project capacity,public_project_capacity_signal,public_project_capacity_raw_mw,0.0,MW,0.0,fillna->0; log1p min-max normalized,higher=stronger,0.15,country_data_centre_electricity_weighted_allocation_iea,https://www.iea.org/reports/energy-and-ai/energy-demand-from-ai,2024,0,fillna_to_zero_before_log1p_minmax
PER,Peru,service endpoint,service_endpoint_signal,service_endpoint_raw,0.0,score,0.0,fillna->0; log1p min-max normalized,higher=stronger,0.05,ai_service_endpoint_country_score,project-local-derived-table,2024,0,fillna_to_zero_before_log1p_minmax
PHL,Philippines,AI compute,ai_compute_signal,ai_compute_raw,0.0,score,0.0,fillna->0; log1p min-max normalized,higher=stronger,0.2,country_data_centre_electricity_weighted_allocation_iea,https://www.iea.org/reports/energy-and-ai/energy-demand-from-ai,2024,0,fillna_to_zero_before_log1p_minmax
PHL,Philippines,data-center footprint,data_center_footprint_signal,data_center_footprint_raw,16.25,count,0.3703294203514322,fillna->0; log1p min-max normalized,higher=stronger,0.2,country_data_centre_electricity_weighted_allocation_iea,https://www.iea.org/reports/energy-and-ai/energy-demand-from-ai,2024,0,fillna_to_zero_before_log1p_minmax
PHL,Philippines,power-grid evidence,power_grid_evidence_signal,power_grid_evidence_raw,0.0,score,0.0,fillna->0; log1p min-max normalized,higher=stronger,0.1,ai_power_grid_country_score,project-local-derived-table,2024,0,fillna_to_zero_before_log1p_minmax
PHL,Philippines,public load/capacity,public_load_capacity_signal,public_load_capacity_raw_twh,0.0,TWh,0.0,fillna->0; log1p min-max normalized,higher=stronger,0.3,country_data_centre_electricity_weighted_allocation_iea,https://www.iea.org/reports/energy-and-ai/energy-demand-from-ai,2024,0,fillna_to_zero_before_log1p_minmax
PHL,Philippines,public project capacity,public_project_capacity_signal,public_project_capacity_raw_mw,0.0,MW,0.0,fillna->0; log1p min-max normalized,higher=stronger,0.15,country_data_centre_electricity_weighted_allocation_iea,https://www.iea.org/reports/energy-and-ai/energy-demand-from-ai,2024,0,fillna_to_zero_before_log1p_minmax
PHL,Philippines,service endpoint,service_endpoint_signal,service_endpoint_raw,0.0,score,0.0,fillna->0; log1p min-max normalized,higher=stronger,0.05,ai_service_endpoint_country_score,project-local-derived-table,2024,0,fillna_to_zero_before_log1p_minmax
PNG,Papua New Guinea,AI compute,ai_compute_signal,ai_compute_raw,0.0,score,0.0,fillna->0; log1p min-max normalized,higher=stronger,0.2,country_data_centre_electricity_weighted_allocation_iea,https://www.iea.org/reports/energy-and-ai/energy-demand-from-ai,2024,0,fillna_to_zero_before_log1p_minmax
PNG,Papua New Guinea,data-center footprint,data_center_footprint_signal,data_center_footprint_raw,1.25,count,0.1054533451599635,fillna->0; log1p min-max normalized,higher=stronger,0.2,country_data_centre_electricity_weighted_allocation_iea,https://www.iea.org/reports/energy-and-ai/energy-demand-from-ai,2024,0,fillna_to_zero_before_log1p_minmax
PNG,Papua New Guinea,power-grid evidence,power_grid_evidence_signal,power_grid_evidence_raw,0.0,score,0.0,fillna->0; log1p min-max normalized,higher=stronger,0.1,ai_power_grid_country_score,project-local-derived-table,2024,0,fillna_to_zero_before_log1p_minmax
PNG,Papua New Guinea,public load/capacity,public_load_capacity_signal,public_load_capacity_raw_twh,0.0,TWh,0.0,fillna->0; log1p min-max normalized,higher=stronger,0.3,country_data_centre_electricity_weighted_allocation_iea,https://www.iea.org/reports/energy-and-ai/energy-demand-from-ai,2024,0,fillna_to_zero_before_log1p_minmax
PNG,Papua New Guinea,public project capacity,public_project_capacity_signal,public_project_capacity_raw_mw,0.0,MW,0.0,fillna->0; log1p min-max normalized,higher=stronger,0.15,country_data_centre_electricity_weighted_allocation_iea,https://www.iea.org/reports/energy-and-ai/energy-demand-from-ai,2024,0,fillna_to_zero_before_log1p_minmax
PNG,Papua New Guinea,service endpoint,service_endpoint_signal,service_endpoint_raw,0.0,score,0.0,fillna->0; log1p min-max normalized,higher=stronger,0.05,ai_service_endpoint_country_score,project-local-derived-table,2024,0,fillna_to_zero_before_log1p_minmax
POL,Poland,AI compute,ai_compute_signal,ai_compute_raw,7.450055992540057,score,0.4047360603732979,fillna->0; log1p min-max normalized,higher=stronger,0.2,country_data_centre_electricity_weighted_allocation_iea,https://www.iea.org/reports/energy-and-ai/energy-demand-from-ai,2024,0,fillna_to_zero_before_log1p_minmax
POL,Poland,data-center footprint,data_center_footprint_signal,data_center_footprint_raw,38.25,count,0.4772403945856732,fillna->0; log1p min-max normalized,higher=stronger,0.2,country_data_centre_electricity_weighted_allocation_iea,https://www.iea.org/reports/energy-and-ai/energy-demand-from-ai,2024,0,fillna_to_zero_before_log1p_minmax
POL,Poland,power-grid evidence,power_grid_evidence_signal,power_grid_evidence_raw,0.0,score,0.0,fillna->0; log1p min-max normalized,higher=stronger,0.1,ai_power_grid_country_score,project-local-derived-table,2024,0,fillna_to_zero_before_log1p_minmax
POL,Poland,public load/capacity,public_load_capacity_signal,public_load_capacity_raw_twh,0.0,TWh,0.0,fillna->0; log1p min-max normalized,higher=stronger,0.3,country_data_centre_electricity_weighted_allocation_iea,https://www.iea.org/reports/energy-and-ai/energy-demand-from-ai,2024,0,fillna_to_zero_before_log1p_minmax
POL,Poland,public project capacity,public_project_capacity_signal,public_project_capacity_raw_mw,0.0,MW,0.0,fillna->0; log1p min-max normalized,higher=stronger,0.15,country_data_centre_electricity_weighted_allocation_iea,https://www.iea.org/reports/energy-and-ai/energy-demand-from-ai,2024,0,fillna_to_zero_before_log1p_minmax
POL,Poland,service endpoint,service_endpoint_signal,service_endpoint_raw,49.90127345562372,score,0.8515244461498462,fillna->0; log1p min-max normalized,higher=stronger,0.05,ai_service_endpoint_country_score,project-local-derived-table,2024,0,fillna_to_zero_before_log1p_minmax
PRI,Puerto Rico (US),AI compute,ai_compute_signal,ai_compute_raw,0.0,score,0.0,fillna->0; log1p min-max normalized,higher=stronger,0.2,country_data_centre_electricity_weighted_allocation_iea,https://www.iea.org/reports/energy-and-ai/energy-demand-from-ai,2024,0,fillna_to_zero_before_log1p_minmax
PRI,Puerto Rico (US),data-center footprint,data_center_footprint_signal,data_center_footprint_raw,3.0,count,0.1802736842617399,fillna->0; log1p min-max normalized,higher=stronger,0.2,country_data_centre_electricity_weighted_allocation_iea,https://www.iea.org/reports/energy-and-ai/energy-demand-from-ai,2024,0,fillna_to_zero_before_log1p_minmax
PRI,Puerto Rico (US),power-grid evidence,power_grid_evidence_signal,power_grid_evidence_raw,0.0,score,0.0,fillna->0; log1p min-max normalized,higher=stronger,0.1,ai_power_grid_country_score,project-local-derived-table,2024,0,fillna_to_zero_before_log1p_minmax
PRI,Puerto Rico (US),public load/capacity,public_load_capacity_signal,public_load_capacity_raw_twh,0.0,TWh,0.0,fillna->0; log1p min-max normalized,higher=stronger,0.3,country_data_centre_electricity_weighted_allocation_iea,https://www.iea.org/reports/energy-and-ai/energy-demand-from-ai,2024,0,fillna_to_zero_before_log1p_minmax
PRI,Puerto Rico (US),public project capacity,public_project_capacity_signal,public_project_capacity_raw_mw,0.0,MW,0.0,fillna->0; log1p min-max normalized,higher=stronger,0.15,country_data_centre_electricity_weighted_allocation_iea,https://www.iea.org/reports/energy-and-ai/energy-demand-from-ai,2024,0,fillna_to_zero_before_log1p_minmax
PRI,Puerto Rico (US),service endpoint,service_endpoint_signal,service_endpoint_raw,0.0,score,0.0,fillna->0; log1p min-max normalized,higher=stronger,0.05,ai_service_endpoint_country_score,project-local-derived-table,2024,0,fillna_to_zero_before_log1p_minmax
PRT,Portugal,AI compute,ai_compute_signal,ai_compute_raw,0.0,score,0.0,fillna->0; log1p min-max normalized,higher=stronger,0.2,country_data_centre_electricity_weighted_allocation_iea,https://www.iea.org/reports/energy-and-ai/energy-demand-from-ai,2024,0,fillna_to_zero_before_log1p_minmax
PRT,Portugal,data-center footprint,data_center_footprint_signal,data_center_footprint_raw,20.75,count,0.4004728964816924,fillna->0; log1p min-max normalized,higher=stronger,0.2,country_data_centre_electricity_weighted_allocation_iea,https://www.iea.org/reports/energy-and-ai/energy-demand-from-ai,2024,0,fillna_to_zero_before_log1p_minmax
PRT,Portugal,power-grid evidence,power_grid_evidence_signal,power_grid_evidence_raw,0.0,score,0.0,fillna->0; log1p min-max normalized,higher=stronger,0.1,ai_power_grid_country_score,project-local-derived-table,2024,0,fillna_to_zero_before_log1p_minmax
PRT,Portugal,public load/capacity,public_load_capacity_signal,public_load_capacity_raw_twh,0.0,TWh,0.0,fillna->0; log1p min-max normalized,higher=stronger,0.3,country_data_centre_electricity_weighted_allocation_iea,https://www.iea.org/reports/energy-and-ai/energy-demand-from-ai,2024,0,fillna_to_zero_before_log1p_minmax
PRT,Portugal,public project capacity,public_project_capacity_signal,public_project_capacity_raw_mw,0.0,MW,0.0,fillna->0; log1p min-max normalized,higher=stronger,0.15,country_data_centre_electricity_weighted_allocation_iea,https://www.iea.org/reports/energy-and-ai/energy-demand-from-ai,2024,0,fillna_to_zero_before_log1p_minmax
PRT,Portugal,service endpoint,service_endpoint_signal,service_endpoint_raw,0.0,score,0.0,fillna->0; log1p min-max normalized,higher=stronger,0.05,ai_service_endpoint_country_score,project-local-derived-table,2024,0,fillna_to_zero_before_log1p_minmax
PRY,Paraguay,AI compute,ai_compute_signal,ai_compute_raw,0.0,score,0.0,fillna->0; log1p min-max normalized,higher=stronger,0.2,country_data_centre_electricity_weighted_allocation_iea,https://www.iea.org/reports/energy-and-ai/energy-demand-from-ai,2024,0,fillna_to_zero_before_log1p_minmax
PRY,Paraguay,data-center footprint,data_center_footprint_signal,data_center_footprint_raw,1.5,count,0.1191544239972239,fillna->0; log1p min-max normalized,higher=stronger,0.2,country_data_centre_electricity_weighted_allocation_iea,https://www.iea.org/reports/energy-and-ai/energy-demand-from-ai,2024,0,fillna_to_zero_before_log1p_minmax
PRY,Paraguay,power-grid evidence,power_grid_evidence_signal,power_grid_evidence_raw,0.0,score,0.0,fillna->0; log1p min-max normalized,higher=stronger,0.1,ai_power_grid_country_score,project-local-derived-table,2024,0,fillna_to_zero_before_log1p_minmax
PRY,Paraguay,public load/capacity,public_load_capacity_signal,public_load_capacity_raw_twh,0.0,TWh,0.0,fillna->0; log1p min-max normalized,higher=stronger,0.3,country_data_centre_electricity_weighted_allocation_iea,https://www.iea.org/reports/energy-and-ai/energy-demand-from-ai,2024,0,fillna_to_zero_before_log1p_minmax
PRY,Paraguay,public project capacity,public_project_capacity_signal,public_project_capacity_raw_mw,0.0,MW,0.0,fillna->0; log1p min-max normalized,higher=stronger,0.15,country_data_centre_electricity_weighted_allocation_iea,https://www.iea.org/reports/energy-and-ai/energy-demand-from-ai,2024,0,fillna_to_zero_before_log1p_minmax
PRY,Paraguay,service endpoint,service_endpoint_signal,service_endpoint_raw,0.0,score,0.0,fillna->0; log1p min-max normalized,higher=stronger,0.05,ai_service_endpoint_country_score,project-local-derived-table,2024,0,fillna_to_zero_before_log1p_minmax
PSE,West Bank and Gaza,AI compute,ai_compute_signal,ai_compute_raw,0.0,score,0.0,fillna->0; log1p min-max normalized,higher=stronger,0.2,country_data_centre_electricity_weighted_allocation_iea,https://www.iea.org/reports/energy-and-ai/energy-demand-from-ai,2024,0,fillna_to_zero_before_log1p_minmax
PSE,West Bank and Gaza,data-center footprint,data_center_footprint_signal,data_center_footprint_raw,1.5,count,0.1191544239972239,fillna->0; log1p min-max normalized,higher=stronger,0.2,country_data_centre_electricity_weighted_allocation_iea,https://www.iea.org/reports/energy-and-ai/energy-demand-from-ai,2024,0,fillna_to_zero_before_log1p_minmax
PSE,West Bank and Gaza,power-grid evidence,power_grid_evidence_signal,power_grid_evidence_raw,0.0,score,0.0,fillna->0; log1p min-max normalized,higher=stronger,0.1,ai_power_grid_country_score,project-local-derived-table,2024,0,fillna_to_zero_before_log1p_minmax
PSE,West Bank and Gaza,public load/capacity,public_load_capacity_signal,public_load_capacity_raw_twh,0.0,TWh,0.0,fillna->0; log1p min-max normalized,higher=stronger,0.3,country_data_centre_electricity_weighted_allocation_iea,https://www.iea.org/reports/energy-and-ai/energy-demand-from-ai,2024,0,fillna_to_zero_before_log1p_minmax
PSE,West Bank and Gaza,public project capacity,public_project_capacity_signal,public_project_capacity_raw_mw,0.0,MW,0.0,fillna->0; log1p min-max normalized,higher=stronger,0.15,country_data_centre_electricity_weighted_allocation_iea,https://www.iea.org/reports/energy-and-ai/energy-demand-from-ai,2024,0,fillna_to_zero_before_log1p_minmax
PSE,West Bank and Gaza,service endpoint,service_endpoint_signal,service_endpoint_raw,0.0,score,0.0,fillna->0; log1p min-max normalized,higher=stronger,0.05,ai_service_endpoint_country_score,project-local-derived-table,2024,0,fillna_to_zero_before_log1p_minmax
PYF,French Polynesia,AI compute,ai_compute_signal,ai_compute_raw,0.0,score,0.0,fillna->0; log1p min-max normalized,higher=stronger,0.2,country_data_centre_electricity_weighted_allocation_iea,https://www.iea.org/reports/energy-and-ai/energy-demand-from-ai,2024,0,fillna_to_zero_before_log1p_minmax
PYF,French Polynesia,data-center footprint,data_center_footprint_signal,data_center_footprint_raw,0.0,count,0.0,fillna->0; log1p min-max normalized,higher=stronger,0.2,country_data_centre_electricity_weighted_allocation_iea,https://www.iea.org/reports/energy-and-ai/energy-demand-from-ai,2024,0,fillna_to_zero_before_log1p_minmax
PYF,French Polynesia,power-grid evidence,power_grid_evidence_signal,power_grid_evidence_raw,0.0,score,0.0,fillna->0; log1p min-max normalized,higher=stronger,0.1,ai_power_grid_country_score,project-local-derived-table,2024,0,fillna_to_zero_before_log1p_minmax
PYF,French Polynesia,public load/capacity,public_load_capacity_signal,public_load_capacity_raw_twh,0.0,TWh,0.0,fillna->0; log1p min-max normalized,higher=stronger,0.3,country_data_centre_electricity_weighted_allocation_iea,https://www.iea.org/reports/energy-and-ai/energy-demand-from-ai,2024,0,fillna_to_zero_before_log1p_minmax
PYF,French Polynesia,public project capacity,public_project_capacity_signal,public_project_capacity_raw_mw,0.0,MW,0.0,fillna->0; log1p min-max normalized,higher=stronger,0.15,country_data_centre_electricity_weighted_allocation_iea,https://www.iea.org/reports/energy-and-ai/energy-demand-from-ai,2024,0,fillna_to_zero_before_log1p_minmax
PYF,French Polynesia,service endpoint,service_endpoint_signal,service_endpoint_raw,0.0,score,0.0,fillna->0; log1p min-max normalized,higher=stronger,0.05,ai_service_endpoint_country_score,project-local-derived-table,2024,0,fillna_to_zero_before_log1p_minmax
QAT,Qatar,AI compute,ai_compute_signal,ai_compute_raw,5.0,score,0.3397989037033206,fillna->0; log1p min-max normalized,higher=stronger,0.2,country_data_centre_electricity_weighted_allocation_iea,https://www.iea.org/reports/energy-and-ai/energy-demand-from-ai,2024,0,fillna_to_zero_before_log1p_minmax
QAT,Qatar,data-center footprint,data_center_footprint_signal,data_center_footprint_raw,0.0,count,0.0,fillna->0; log1p min-max normalized,higher=stronger,0.2,country_data_centre_electricity_weighted_allocation_iea,https://www.iea.org/reports/energy-and-ai/energy-demand-from-ai,2024,0,fillna_to_zero_before_log1p_minmax
QAT,Qatar,power-grid evidence,power_grid_evidence_signal,power_grid_evidence_raw,0.0,score,0.0,fillna->0; log1p min-max normalized,higher=stronger,0.1,ai_power_grid_country_score,project-local-derived-table,2024,0,fillna_to_zero_before_log1p_minmax
QAT,Qatar,public load/capacity,public_load_capacity_signal,public_load_capacity_raw_twh,0.0,TWh,0.0,fillna->0; log1p min-max normalized,higher=stronger,0.3,country_data_centre_electricity_weighted_allocation_iea,https://www.iea.org/reports/energy-and-ai/energy-demand-from-ai,2024,0,fillna_to_zero_before_log1p_minmax
QAT,Qatar,public project capacity,public_project_capacity_signal,public_project_capacity_raw_mw,0.0,MW,0.0,fillna->0; log1p min-max normalized,higher=stronger,0.15,country_data_centre_electricity_weighted_allocation_iea,https://www.iea.org/reports/energy-and-ai/energy-demand-from-ai,2024,0,fillna_to_zero_before_log1p_minmax
QAT,Qatar,service endpoint,service_endpoint_signal,service_endpoint_raw,45.61975720054522,score,0.8324862615224063,fillna->0; log1p min-max normalized,higher=stronger,0.05,ai_service_endpoint_country_score,project-local-derived-table,2024,0,fillna_to_zero_before_log1p_minmax
ROU,Romania,AI compute,ai_compute_signal,ai_compute_raw,0.0,score,0.0,fillna->0; log1p min-max normalized,higher=stronger,0.2,country_data_centre_electricity_weighted_allocation_iea,https://www.iea.org/reports/energy-and-ai/energy-demand-from-ai,2024,0,fillna_to_zero_before_log1p_minmax
ROU,Romania,data-center footprint,data_center_footprint_signal,data_center_footprint_raw,9.0,count,0.2994281082589639,fillna->0; log1p min-max normalized,higher=stronger,0.2,country_data_centre_electricity_weighted_allocation_iea,https://www.iea.org/reports/energy-and-ai/energy-demand-from-ai,2024,0,fillna_to_zero_before_log1p_minmax
ROU,Romania,power-grid evidence,power_grid_evidence_signal,power_grid_evidence_raw,0.0,score,0.0,fillna->0; log1p min-max normalized,higher=stronger,0.1,ai_power_grid_country_score,project-local-derived-table,2024,0,fillna_to_zero_before_log1p_minmax
ROU,Romania,public load/capacity,public_load_capacity_signal,public_load_capacity_raw_twh,0.0,TWh,0.0,fillna->0; log1p min-max normalized,higher=stronger,0.3,country_data_centre_electricity_weighted_allocation_iea,https://www.iea.org/reports/energy-and-ai/energy-demand-from-ai,2024,0,fillna_to_zero_before_log1p_minmax
ROU,Romania,public project capacity,public_project_capacity_signal,public_project_capacity_raw_mw,0.0,MW,0.0,fillna->0; log1p min-max normalized,higher=stronger,0.15,country_data_centre_electricity_weighted_allocation_iea,https://www.iea.org/reports/energy-and-ai/energy-demand-from-ai,2024,0,fillna_to_zero_before_log1p_minmax
ROU,Romania,service endpoint,service_endpoint_signal,service_endpoint_raw,0.0,score,0.0,fillna->0; log1p min-max normalized,higher=stronger,0.05,ai_service_endpoint_country_score,project-local-derived-table,2024,0,fillna_to_zero_before_log1p_minmax
RUS,Russian Federation,AI compute,ai_compute_signal,ai_compute_raw,0.0,score,0.0,fillna->0; log1p min-max normalized,higher=stronger,0.2,country_data_centre_electricity_weighted_allocation_iea,https://www.iea.org/reports/energy-and-ai/energy-demand-from-ai,2024,0,fillna_to_zero_before_log1p_minmax
RUS,Russian Federation,data-center footprint,data_center_footprint_signal,data_center_footprint_raw,106.25,count,0.6079580228096466,fillna->0; log1p min-max normalized,higher=stronger,0.2,country_data_centre_electricity_weighted_allocation_iea,https://www.iea.org/reports/energy-and-ai/energy-demand-from-ai,2024,0,fillna_to_zero_before_log1p_minmax
RUS,Russian Federation,power-grid evidence,power_grid_evidence_signal,power_grid_evidence_raw,0.0,score,0.0,fillna->0; log1p min-max normalized,higher=stronger,0.1,ai_power_grid_country_score,project-local-derived-table,2024,0,fillna_to_zero_before_log1p_minmax
RUS,Russian Federation,public load/capacity,public_load_capacity_signal,public_load_capacity_raw_twh,0.0,TWh,0.0,fillna->0; log1p min-max normalized,higher=stronger,0.3,country_data_centre_electricity_weighted_allocation_iea,https://www.iea.org/reports/energy-and-ai/energy-demand-from-ai,2024,0,fillna_to_zero_before_log1p_minmax
RUS,Russian Federation,public project capacity,public_project_capacity_signal,public_project_capacity_raw_mw,0.0,MW,0.0,fillna->0; log1p min-max normalized,higher=stronger,0.15,country_data_centre_electricity_weighted_allocation_iea,https://www.iea.org/reports/energy-and-ai/energy-demand-from-ai,2024,0,fillna_to_zero_before_log1p_minmax
RUS,Russian Federation,service endpoint,service_endpoint_signal,service_endpoint_raw,0.0,score,0.0,fillna->0; log1p min-max normalized,higher=stronger,0.05,ai_service_endpoint_country_score,project-local-derived-table,2024,0,fillna_to_zero_before_log1p_minmax
RWA,Rwanda,AI compute,ai_compute_signal,ai_compute_raw,0.0,score,0.0,fillna->0; log1p min-max normalized,higher=stronger,0.2,country_data_centre_electricity_weighted_allocation_iea,https://www.iea.org/reports/energy-and-ai/energy-demand-from-ai,2024,0,fillna_to_zero_before_log1p_minmax
RWA,Rwanda,data-center footprint,data_center_footprint_signal,data_center_footprint_raw,0.0,count,0.0,fillna->0; log1p min-max normalized,higher=stronger,0.2,country_data_centre_electricity_weighted_allocation_iea,https://www.iea.org/reports/energy-and-ai/energy-demand-from-ai,2024,0,fillna_to_zero_before_log1p_minmax
RWA,Rwanda,power-grid evidence,power_grid_evidence_signal,power_grid_evidence_raw,0.0,score,0.0,fillna->0; log1p min-max normalized,higher=stronger,0.1,ai_power_grid_country_score,project-local-derived-table,2024,0,fillna_to_zero_before_log1p_minmax
RWA,Rwanda,public load/capacity,public_load_capacity_signal,public_load_capacity_raw_twh,0.0,TWh,0.0,fillna->0; log1p min-max normalized,higher=stronger,0.3,country_data_centre_electricity_weighted_allocation_iea,https://www.iea.org/reports/energy-and-ai/energy-demand-from-ai,2024,0,fillna_to_zero_before_log1p_minmax
RWA,Rwanda,public project capacity,public_project_capacity_signal,public_project_capacity_raw_mw,0.0,MW,0.0,fillna->0; log1p min-max normalized,higher=stronger,0.15,country_data_centre_electricity_weighted_allocation_iea,https://www.iea.org/reports/energy-and-ai/energy-demand-from-ai,2024,0,fillna_to_zero_before_log1p_minmax
RWA,Rwanda,service endpoint,service_endpoint_signal,service_endpoint_raw,0.0,score,0.0,fillna->0; log1p min-max normalized,higher=stronger,0.05,ai_service_endpoint_country_score,project-local-derived-table,2024,0,fillna_to_zero_before_log1p_minmax
SAU,Saudi Arabia,AI compute,ai_compute_signal,ai_compute_raw,63.53066200888062,score,0.7902789379262048,fillna->0; log1p min-max normalized,higher=stronger,0.2,country_data_centre_electricity_weighted_allocation_iea,https://www.iea.org/reports/energy-and-ai/energy-demand-from-ai,2024,0,fillna_to_zero_before_log1p_minmax
SAU,Saudi Arabia,data-center footprint,data_center_footprint_signal,data_center_footprint_raw,1.5,count,0.1191544239972239,fillna->0; log1p min-max normalized,higher=stronger,0.2,country_data_centre_electricity_weighted_allocation_iea,https://www.iea.org/reports/energy-and-ai/energy-demand-from-ai,2024,0,fillna_to_zero_before_log1p_minmax
SAU,Saudi Arabia,power-grid evidence,power_grid_evidence_signal,power_grid_evidence_raw,21.78076914563681,score,0.7113330047750689,fillna->0; log1p min-max normalized,higher=stronger,0.1,ai_power_grid_country_score,project-local-derived-table,2024,0,fillna_to_zero_before_log1p_minmax
SAU,Saudi Arabia,public load/capacity,public_load_capacity_signal,public_load_capacity_raw_twh,1.971,TWh,0.2894224361841562,fillna->0; log1p min-max normalized,higher=stronger,0.3,country_data_centre_electricity_weighted_allocation_iea,https://www.iea.org/reports/energy-and-ai/energy-demand-from-ai,2024,0,fillna_to_zero_before_log1p_minmax
SAU,Saudi Arabia,public project capacity,public_project_capacity_signal,public_project_capacity_raw_mw,300.0,MW,0.6511836874846635,fillna->0; log1p min-max normalized,higher=stronger,0.15,country_data_centre_electricity_weighted_allocation_iea,https://www.iea.org/reports/energy-and-ai/energy-demand-from-ai,2024,0,fillna_to_zero_before_log1p_minmax
SAU,Saudi Arabia,service endpoint,service_endpoint_signal,service_endpoint_raw,36.3585628977919,score,0.7845000218468037,fillna->0; log1p min-max normalized,higher=stronger,0.05,ai_service_endpoint_country_score,project-local-derived-table,2024,0,fillna_to_zero_before_log1p_minmax
SEN,Senegal,AI compute,ai_compute_signal,ai_compute_raw,0.0,score,0.0,fillna->0; log1p min-max normalized,higher=stronger,0.2,country_data_centre_electricity_weighted_allocation_iea,https://www.iea.org/reports/energy-and-ai/energy-demand-from-ai,2024,0,fillna_to_zero_before_log1p_minmax
SEN,Senegal,data-center footprint,data_center_footprint_signal,data_center_footprint_raw,0.0,count,0.0,fillna->0; log1p min-max normalized,higher=stronger,0.2,country_data_centre_electricity_weighted_allocation_iea,https://www.iea.org/reports/energy-and-ai/energy-demand-from-ai,2024,0,fillna_to_zero_before_log1p_minmax
SEN,Senegal,power-grid evidence,power_grid_evidence_signal,power_grid_evidence_raw,0.0,score,0.0,fillna->0; log1p min-max normalized,higher=stronger,0.1,ai_power_grid_country_score,project-local-derived-table,2024,0,fillna_to_zero_before_log1p_minmax
SEN,Senegal,public load/capacity,public_load_capacity_signal,public_load_capacity_raw_twh,0.0,TWh,0.0,fillna->0; log1p min-max normalized,higher=stronger,0.3,country_data_centre_electricity_weighted_allocation_iea,https://www.iea.org/reports/energy-and-ai/energy-demand-from-ai,2024,0,fillna_to_zero_before_log1p_minmax
SEN,Senegal,public project capacity,public_project_capacity_signal,public_project_capacity_raw_mw,0.0,MW,0.0,fillna->0; log1p min-max normalized,higher=stronger,0.15,country_data_centre_electricity_weighted_allocation_iea,https://www.iea.org/reports/energy-and-ai/energy-demand-from-ai,2024,0,fillna_to_zero_before_log1p_minmax
SEN,Senegal,service endpoint,service_endpoint_signal,service_endpoint_raw,0.0,score,0.0,fillna->0; log1p min-max normalized,higher=stronger,0.05,ai_service_endpoint_country_score,project-local-derived-table,2024,0,fillna_to_zero_before_log1p_minmax
SGP,Singapore,AI compute,ai_compute_signal,ai_compute_raw,14.0,score,0.513569206867111,fillna->0; log1p min-max normalized,higher=stronger,0.2,country_data_centre_electricity_weighted_allocation_iea,https://www.iea.org/reports/energy-and-ai/energy-demand-from-ai,2024,0,fillna_to_zero_before_log1p_minmax
SGP,Singapore,data-center footprint,data_center_footprint_signal,data_center_footprint_raw,0.0,count,0.0,fillna->0; log1p min-max normalized,higher=stronger,0.2,country_data_centre_electricity_weighted_allocation_iea,https://www.iea.org/reports/energy-and-ai/energy-demand-from-ai,2024,0,fillna_to_zero_before_log1p_minmax
SGP,Singapore,power-grid evidence,power_grid_evidence_signal,power_grid_evidence_raw,17.38726664740981,score,0.6625764214210338,fillna->0; log1p min-max normalized,higher=stronger,0.1,ai_power_grid_country_score,project-local-derived-table,2024,0,fillna_to_zero_before_log1p_minmax
SGP,Singapore,public load/capacity,public_load_capacity_signal,public_load_capacity_raw_twh,1.971,TWh,0.2894224361841562,fillna->0; log1p min-max normalized,higher=stronger,0.3,country_data_centre_electricity_weighted_allocation_iea,https://www.iea.org/reports/energy-and-ai/energy-demand-from-ai,2024,0,fillna_to_zero_before_log1p_minmax
SGP,Singapore,public project capacity,public_project_capacity_signal,public_project_capacity_raw_mw,300.0,MW,0.6511836874846635,fillna->0; log1p min-max normalized,higher=stronger,0.15,country_data_centre_electricity_weighted_allocation_iea,https://www.iea.org/reports/energy-and-ai/energy-demand-from-ai,2024,0,fillna_to_zero_before_log1p_minmax
SGP,Singapore,service endpoint,service_endpoint_signal,service_endpoint_raw,61.43103558379701,score,0.8957648021908613,fillna->0; log1p min-max normalized,higher=stronger,0.05,ai_service_endpoint_country_score,project-local-derived-table,2024,0,fillna_to_zero_before_log1p_minmax
SLE,Sierra Leone,AI compute,ai_compute_signal,ai_compute_raw,0.0,score,0.0,fillna->0; log1p min-max normalized,higher=stronger,0.2,country_data_centre_electricity_weighted_allocation_iea,https://www.iea.org/reports/energy-and-ai/energy-demand-from-ai,2024,0,fillna_to_zero_before_log1p_minmax
SLE,Sierra Leone,data-center footprint,data_center_footprint_signal,data_center_footprint_raw,0.0,count,0.0,fillna->0; log1p min-max normalized,higher=stronger,0.2,country_data_centre_electricity_weighted_allocation_iea,https://www.iea.org/reports/energy-and-ai/energy-demand-from-ai,2024,0,fillna_to_zero_before_log1p_minmax
SLE,Sierra Leone,power-grid evidence,power_grid_evidence_signal,power_grid_evidence_raw,0.0,score,0.0,fillna->0; log1p min-max normalized,higher=stronger,0.1,ai_power_grid_country_score,project-local-derived-table,2024,0,fillna_to_zero_before_log1p_minmax
SLE,Sierra Leone,public load/capacity,public_load_capacity_signal,public_load_capacity_raw_twh,0.0,TWh,0.0,fillna->0; log1p min-max normalized,higher=stronger,0.3,country_data_centre_electricity_weighted_allocation_iea,https://www.iea.org/reports/energy-and-ai/energy-demand-from-ai,2024,0,fillna_to_zero_before_log1p_minmax
SLE,Sierra Leone,public project capacity,public_project_capacity_signal,public_project_capacity_raw_mw,0.0,MW,0.0,fillna->0; log1p min-max normalized,higher=stronger,0.15,country_data_centre_electricity_weighted_allocation_iea,https://www.iea.org/reports/energy-and-ai/energy-demand-from-ai,2024,0,fillna_to_zero_before_log1p_minmax
SLE,Sierra Leone,service endpoint,service_endpoint_signal,service_endpoint_raw,0.0,score,0.0,fillna->0; log1p min-max normalized,higher=stronger,0.05,ai_service_endpoint_country_score,project-local-derived-table,2024,0,fillna_to_zero_before_log1p_minmax
SLV,El Salvador,AI compute,ai_compute_signal,ai_compute_raw,0.0,score,0.0,fillna->0; log1p min-max normalized,higher=stronger,0.2,country_data_centre_electricity_weighted_allocation_iea,https://www.iea.org/reports/energy-and-ai/energy-demand-from-ai,2024,0,fillna_to_zero_before_log1p_minmax
SLV,El Salvador,data-center footprint,data_center_footprint_signal,data_center_footprint_raw,5.0,count,0.2330003568417217,fillna->0; log1p min-max normalized,higher=stronger,0.2,country_data_centre_electricity_weighted_allocation_iea,https://www.iea.org/reports/energy-and-ai/energy-demand-from-ai,2024,0,fillna_to_zero_before_log1p_minmax
SLV,El Salvador,power-grid evidence,power_grid_evidence_signal,power_grid_evidence_raw,0.0,score,0.0,fillna->0; log1p min-max normalized,higher=stronger,0.1,ai_power_grid_country_score,project-local-derived-table,2024,0,fillna_to_zero_before_log1p_minmax
SLV,El Salvador,public load/capacity,public_load_capacity_signal,public_load_capacity_raw_twh,0.0,TWh,0.0,fillna->0; log1p min-max normalized,higher=stronger,0.3,country_data_centre_electricity_weighted_allocation_iea,https://www.iea.org/reports/energy-and-ai/energy-demand-from-ai,2024,0,fillna_to_zero_before_log1p_minmax
SLV,El Salvador,public project capacity,public_project_capacity_signal,public_project_capacity_raw_mw,0.0,MW,0.0,fillna->0; log1p min-max normalized,higher=stronger,0.15,country_data_centre_electricity_weighted_allocation_iea,https://www.iea.org/reports/energy-and-ai/energy-demand-from-ai,2024,0,fillna_to_zero_before_log1p_minmax
SLV,El Salvador,service endpoint,service_endpoint_signal,service_endpoint_raw,0.0,score,0.0,fillna->0; log1p min-max normalized,higher=stronger,0.05,ai_service_endpoint_country_score,project-local-derived-table,2024,0,fillna_to_zero_before_log1p_minmax
SMR,San Marino,AI compute,ai_compute_signal,ai_compute_raw,0.0,score,0.0,fillna->0; log1p min-max normalized,higher=stronger,0.2,country_data_centre_electricity_weighted_allocation_iea,https://www.iea.org/reports/energy-and-ai/energy-demand-from-ai,2024,0,fillna_to_zero_before_log1p_minmax
SMR,San Marino,data-center footprint,data_center_footprint_signal,data_center_footprint_raw,0.0,count,0.0,fillna->0; log1p min-max normalized,higher=stronger,0.2,country_data_centre_electricity_weighted_allocation_iea,https://www.iea.org/reports/energy-and-ai/energy-demand-from-ai,2024,0,fillna_to_zero_before_log1p_minmax
SMR,San Marino,power-grid evidence,power_grid_evidence_signal,power_grid_evidence_raw,0.0,score,0.0,fillna->0; log1p min-max normalized,higher=stronger,0.1,ai_power_grid_country_score,project-local-derived-table,2024,0,fillna_to_zero_before_log1p_minmax
SMR,San Marino,public load/capacity,public_load_capacity_signal,public_load_capacity_raw_twh,0.0,TWh,0.0,fillna->0; log1p min-max normalized,higher=stronger,0.3,country_data_centre_electricity_weighted_allocation_iea,https://www.iea.org/reports/energy-and-ai/energy-demand-from-ai,2024,0,fillna_to_zero_before_log1p_minmax
SMR,San Marino,public project capacity,public_project_capacity_signal,public_project_capacity_raw_mw,0.0,MW,0.0,fillna->0; log1p min-max normalized,higher=stronger,0.15,country_data_centre_electricity_weighted_allocation_iea,https://www.iea.org/reports/energy-and-ai/energy-demand-from-ai,2024,0,fillna_to_zero_before_log1p_minmax
SMR,San Marino,service endpoint,service_endpoint_signal,service_endpoint_raw,0.0,score,0.0,fillna->0; log1p min-max normalized,higher=stronger,0.05,ai_service_endpoint_country_score,project-local-derived-table,2024,0,fillna_to_zero_before_log1p_minmax
SRB,Serbia,AI compute,ai_compute_signal,ai_compute_raw,0.0,score,0.0,fillna->0; log1p min-max normalized,higher=stronger,0.2,country_data_centre_electricity_weighted_allocation_iea,https://www.iea.org/reports/energy-and-ai/energy-demand-from-ai,2024,0,fillna_to_zero_before_log1p_minmax
SRB,Serbia,data-center footprint,data_center_footprint_signal,data_center_footprint_raw,2.75,count,0.1718810965772056,fillna->0; log1p min-max normalized,higher=stronger,0.2,country_data_centre_electricity_weighted_allocation_iea,https://www.iea.org/reports/energy-and-ai/energy-demand-from-ai,2024,0,fillna_to_zero_before_log1p_minmax
SRB,Serbia,power-grid evidence,power_grid_evidence_signal,power_grid_evidence_raw,0.0,score,0.0,fillna->0; log1p min-max normalized,higher=stronger,0.1,ai_power_grid_country_score,project-local-derived-table,2024,0,fillna_to_zero_before_log1p_minmax
SRB,Serbia,public load/capacity,public_load_capacity_signal,public_load_capacity_raw_twh,0.0,TWh,0.0,fillna->0; log1p min-max normalized,higher=stronger,0.3,country_data_centre_electricity_weighted_allocation_iea,https://www.iea.org/reports/energy-and-ai/energy-demand-from-ai,2024,0,fillna_to_zero_before_log1p_minmax
SRB,Serbia,public project capacity,public_project_capacity_signal,public_project_capacity_raw_mw,0.0,MW,0.0,fillna->0; log1p min-max normalized,higher=stronger,0.15,country_data_centre_electricity_weighted_allocation_iea,https://www.iea.org/reports/energy-and-ai/energy-demand-from-ai,2024,0,fillna_to_zero_before_log1p_minmax
SRB,Serbia,service endpoint,service_endpoint_signal,service_endpoint_raw,0.0,score,0.0,fillna->0; log1p min-max normalized,higher=stronger,0.05,ai_service_endpoint_country_score,project-local-derived-table,2024,0,fillna_to_zero_before_log1p_minmax
SUR,Suriname,AI compute,ai_compute_signal,ai_compute_raw,0.0,score,0.0,fillna->0; log1p min-max normalized,higher=stronger,0.2,country_data_centre_electricity_weighted_allocation_iea,https://www.iea.org/reports/energy-and-ai/energy-demand-from-ai,2024,0,fillna_to_zero_before_log1p_minmax
SUR,Suriname,data-center footprint,data_center_footprint_signal,data_center_footprint_raw,0.0,count,0.0,fillna->0; log1p min-max normalized,higher=stronger,0.2,country_data_centre_electricity_weighted_allocation_iea,https://www.iea.org/reports/energy-and-ai/energy-demand-from-ai,2024,0,fillna_to_zero_before_log1p_minmax
SUR,Suriname,power-grid evidence,power_grid_evidence_signal,power_grid_evidence_raw,0.0,score,0.0,fillna->0; log1p min-max normalized,higher=stronger,0.1,ai_power_grid_country_score,project-local-derived-table,2024,0,fillna_to_zero_before_log1p_minmax
SUR,Suriname,public load/capacity,public_load_capacity_signal,public_load_capacity_raw_twh,0.0,TWh,0.0,fillna->0; log1p min-max normalized,higher=stronger,0.3,country_data_centre_electricity_weighted_allocation_iea,https://www.iea.org/reports/energy-and-ai/energy-demand-from-ai,2024,0,fillna_to_zero_before_log1p_minmax
SUR,Suriname,public project capacity,public_project_capacity_signal,public_project_capacity_raw_mw,0.0,MW,0.0,fillna->0; log1p min-max normalized,higher=stronger,0.15,country_data_centre_electricity_weighted_allocation_iea,https://www.iea.org/reports/energy-and-ai/energy-demand-from-ai,2024,0,fillna_to_zero_before_log1p_minmax
SUR,Suriname,service endpoint,service_endpoint_signal,service_endpoint_raw,0.0,score,0.0,fillna->0; log1p min-max normalized,higher=stronger,0.05,ai_service_endpoint_country_score,project-local-derived-table,2024,0,fillna_to_zero_before_log1p_minmax
SVK,Slovak Republic,AI compute,ai_compute_signal,ai_compute_raw,0.0,score,0.0,fillna->0; log1p min-max normalized,higher=stronger,0.2,country_data_centre_electricity_weighted_allocation_iea,https://www.iea.org/reports/energy-and-ai/energy-demand-from-ai,2024,0,fillna_to_zero_before_log1p_minmax
SVK,Slovak Republic,data-center footprint,data_center_footprint_signal,data_center_footprint_raw,6.0,count,0.2530461074148271,fillna->0; log1p min-max normalized,higher=stronger,0.2,country_data_centre_electricity_weighted_allocation_iea,https://www.iea.org/reports/energy-and-ai/energy-demand-from-ai,2024,0,fillna_to_zero_before_log1p_minmax
SVK,Slovak Republic,power-grid evidence,power_grid_evidence_signal,power_grid_evidence_raw,0.0,score,0.0,fillna->0; log1p min-max normalized,higher=stronger,0.1,ai_power_grid_country_score,project-local-derived-table,2024,0,fillna_to_zero_before_log1p_minmax
SVK,Slovak Republic,public load/capacity,public_load_capacity_signal,public_load_capacity_raw_twh,0.0,TWh,0.0,fillna->0; log1p min-max normalized,higher=stronger,0.3,country_data_centre_electricity_weighted_allocation_iea,https://www.iea.org/reports/energy-and-ai/energy-demand-from-ai,2024,0,fillna_to_zero_before_log1p_minmax
SVK,Slovak Republic,public project capacity,public_project_capacity_signal,public_project_capacity_raw_mw,0.0,MW,0.0,fillna->0; log1p min-max normalized,higher=stronger,0.15,country_data_centre_electricity_weighted_allocation_iea,https://www.iea.org/reports/energy-and-ai/energy-demand-from-ai,2024,0,fillna_to_zero_before_log1p_minmax
SVK,Slovak Republic,service endpoint,service_endpoint_signal,service_endpoint_raw,0.0,score,0.0,fillna->0; log1p min-max normalized,higher=stronger,0.05,ai_service_endpoint_country_score,project-local-derived-table,2024,0,fillna_to_zero_before_log1p_minmax
SVN,Slovenia,AI compute,ai_compute_signal,ai_compute_raw,0.0,score,0.0,fillna->0; log1p min-max normalized,higher=stronger,0.2,country_data_centre_electricity_weighted_allocation_iea,https://www.iea.org/reports/energy-and-ai/energy-demand-from-ai,2024,0,fillna_to_zero_before_log1p_minmax
SVN,Slovenia,data-center footprint,data_center_footprint_signal,data_center_footprint_raw,2.75,count,0.1718810965772056,fillna->0; log1p min-max normalized,higher=stronger,0.2,country_data_centre_electricity_weighted_allocation_iea,https://www.iea.org/reports/energy-and-ai/energy-demand-from-ai,2024,0,fillna_to_zero_before_log1p_minmax
SVN,Slovenia,power-grid evidence,power_grid_evidence_signal,power_grid_evidence_raw,0.0,score,0.0,fillna->0; log1p min-max normalized,higher=stronger,0.1,ai_power_grid_country_score,project-local-derived-table,2024,0,fillna_to_zero_before_log1p_minmax
SVN,Slovenia,public load/capacity,public_load_capacity_signal,public_load_capacity_raw_twh,0.0,TWh,0.0,fillna->0; log1p min-max normalized,higher=stronger,0.3,country_data_centre_electricity_weighted_allocation_iea,https://www.iea.org/reports/energy-and-ai/energy-demand-from-ai,2024,0,fillna_to_zero_before_log1p_minmax
SVN,Slovenia,public project capacity,public_project_capacity_signal,public_project_capacity_raw_mw,0.0,MW,0.0,fillna->0; log1p min-max normalized,higher=stronger,0.15,country_data_centre_electricity_weighted_allocation_iea,https://www.iea.org/reports/energy-and-ai/energy-demand-from-ai,2024,0,fillna_to_zero_before_log1p_minmax
SVN,Slovenia,service endpoint,service_endpoint_signal,service_endpoint_raw,0.0,score,0.0,fillna->0; log1p min-max normalized,higher=stronger,0.05,ai_service_endpoint_country_score,project-local-derived-table,2024,0,fillna_to_zero_before_log1p_minmax
SWE,Sweden,AI compute,ai_compute_signal,ai_compute_raw,10.433972380646676,score,0.4620878363882332,fillna->0; log1p min-max normalized,higher=stronger,0.2,country_data_centre_electricity_weighted_allocation_iea,https://www.iea.org/reports/energy-and-ai/energy-demand-from-ai,2024,0,fillna_to_zero_before_log1p_minmax
SWE,Sweden,data-center footprint,data_center_footprint_signal,data_center_footprint_raw,33.25,count,0.4595205130399233,fillna->0; log1p min-max normalized,higher=stronger,0.2,country_data_centre_electricity_weighted_allocation_iea,https://www.iea.org/reports/energy-and-ai/energy-demand-from-ai,2024,0,fillna_to_zero_before_log1p_minmax
SWE,Sweden,power-grid evidence,power_grid_evidence_signal,power_grid_evidence_raw,0.0,score,0.0,fillna->0; log1p min-max normalized,higher=stronger,0.1,ai_power_grid_country_score,project-local-derived-table,2024,0,fillna_to_zero_before_log1p_minmax
SWE,Sweden,public load/capacity,public_load_capacity_signal,public_load_capacity_raw_twh,0.0,TWh,0.0,fillna->0; log1p min-max normalized,higher=stronger,0.3,country_data_centre_electricity_weighted_allocation_iea,https://www.iea.org/reports/energy-and-ai/energy-demand-from-ai,2024,0,fillna_to_zero_before_log1p_minmax
SWE,Sweden,public project capacity,public_project_capacity_signal,public_project_capacity_raw_mw,0.0,MW,0.0,fillna->0; log1p min-max normalized,higher=stronger,0.15,country_data_centre_electricity_weighted_allocation_iea,https://www.iea.org/reports/energy-and-ai/energy-demand-from-ai,2024,0,fillna_to_zero_before_log1p_minmax
SWE,Sweden,service endpoint,service_endpoint_signal,service_endpoint_raw,36.20530808540096,score,0.7836093181901933,fillna->0; log1p min-max normalized,higher=stronger,0.05,ai_service_endpoint_country_score,project-local-derived-table,2024,0,fillna_to_zero_before_log1p_minmax
SWZ,Eswatini,AI compute,ai_compute_signal,ai_compute_raw,0.0,score,0.0,fillna->0; log1p min-max normalized,higher=stronger,0.2,country_data_centre_electricity_weighted_allocation_iea,https://www.iea.org/reports/energy-and-ai/energy-demand-from-ai,2024,0,fillna_to_zero_before_log1p_minmax
SWZ,Eswatini,data-center footprint,data_center_footprint_signal,data_center_footprint_raw,0.0,count,0.0,fillna->0; log1p min-max normalized,higher=stronger,0.2,country_data_centre_electricity_weighted_allocation_iea,https://www.iea.org/reports/energy-and-ai/energy-demand-from-ai,2024,0,fillna_to_zero_before_log1p_minmax
SWZ,Eswatini,power-grid evidence,power_grid_evidence_signal,power_grid_evidence_raw,0.0,score,0.0,fillna->0; log1p min-max normalized,higher=stronger,0.1,ai_power_grid_country_score,project-local-derived-table,2024,0,fillna_to_zero_before_log1p_minmax
SWZ,Eswatini,public load/capacity,public_load_capacity_signal,public_load_capacity_raw_twh,0.0,TWh,0.0,fillna->0; log1p min-max normalized,higher=stronger,0.3,country_data_centre_electricity_weighted_allocation_iea,https://www.iea.org/reports/energy-and-ai/energy-demand-from-ai,2024,0,fillna_to_zero_before_log1p_minmax
SWZ,Eswatini,public project capacity,public_project_capacity_signal,public_project_capacity_raw_mw,0.0,MW,0.0,fillna->0; log1p min-max normalized,higher=stronger,0.15,country_data_centre_electricity_weighted_allocation_iea,https://www.iea.org/reports/energy-and-ai/energy-demand-from-ai,2024,0,fillna_to_zero_before_log1p_minmax
SWZ,Eswatini,service endpoint,service_endpoint_signal,service_endpoint_raw,0.0,score,0.0,fillna->0; log1p min-max normalized,higher=stronger,0.05,ai_service_endpoint_country_score,project-local-derived-table,2024,0,fillna_to_zero_before_log1p_minmax
TCD,Chad,AI compute,ai_compute_signal,ai_compute_raw,0.0,score,0.0,fillna->0; log1p min-max normalized,higher=stronger,0.2,country_data_centre_electricity_weighted_allocation_iea,https://www.iea.org/reports/energy-and-ai/energy-demand-from-ai,2024,0,fillna_to_zero_before_log1p_minmax
TCD,Chad,data-center footprint,data_center_footprint_signal,data_center_footprint_raw,0.0,count,0.0,fillna->0; log1p min-max normalized,higher=stronger,0.2,country_data_centre_electricity_weighted_allocation_iea,https://www.iea.org/reports/energy-and-ai/energy-demand-from-ai,2024,0,fillna_to_zero_before_log1p_minmax
TCD,Chad,power-grid evidence,power_grid_evidence_signal,power_grid_evidence_raw,0.0,score,0.0,fillna->0; log1p min-max normalized,higher=stronger,0.1,ai_power_grid_country_score,project-local-derived-table,2024,0,fillna_to_zero_before_log1p_minmax
TCD,Chad,public load/capacity,public_load_capacity_signal,public_load_capacity_raw_twh,0.0,TWh,0.0,fillna->0; log1p min-max normalized,higher=stronger,0.3,country_data_centre_electricity_weighted_allocation_iea,https://www.iea.org/reports/energy-and-ai/energy-demand-from-ai,2024,0,fillna_to_zero_before_log1p_minmax
TCD,Chad,public project capacity,public_project_capacity_signal,public_project_capacity_raw_mw,0.0,MW,0.0,fillna->0; log1p min-max normalized,higher=stronger,0.15,country_data_centre_electricity_weighted_allocation_iea,https://www.iea.org/reports/energy-and-ai/energy-demand-from-ai,2024,0,fillna_to_zero_before_log1p_minmax
TCD,Chad,service endpoint,service_endpoint_signal,service_endpoint_raw,0.0,score,0.0,fillna->0; log1p min-max normalized,higher=stronger,0.05,ai_service_endpoint_country_score,project-local-derived-table,2024,0,fillna_to_zero_before_log1p_minmax
TGO,Togo,AI compute,ai_compute_signal,ai_compute_raw,0.0,score,0.0,fillna->0; log1p min-max normalized,higher=stronger,0.2,country_data_centre_electricity_weighted_allocation_iea,https://www.iea.org/reports/energy-and-ai/energy-demand-from-ai,2024,0,fillna_to_zero_before_log1p_minmax
TGO,Togo,data-center footprint,data_center_footprint_signal,data_center_footprint_raw,0.0,count,0.0,fillna->0; log1p min-max normalized,higher=stronger,0.2,country_data_centre_electricity_weighted_allocation_iea,https://www.iea.org/reports/energy-and-ai/energy-demand-from-ai,2024,0,fillna_to_zero_before_log1p_minmax
TGO,Togo,power-grid evidence,power_grid_evidence_signal,power_grid_evidence_raw,0.0,score,0.0,fillna->0; log1p min-max normalized,higher=stronger,0.1,ai_power_grid_country_score,project-local-derived-table,2024,0,fillna_to_zero_before_log1p_minmax
TGO,Togo,public load/capacity,public_load_capacity_signal,public_load_capacity_raw_twh,0.0,TWh,0.0,fillna->0; log1p min-max normalized,higher=stronger,0.3,country_data_centre_electricity_weighted_allocation_iea,https://www.iea.org/reports/energy-and-ai/energy-demand-from-ai,2024,0,fillna_to_zero_before_log1p_minmax
TGO,Togo,public project capacity,public_project_capacity_signal,public_project_capacity_raw_mw,0.0,MW,0.0,fillna->0; log1p min-max normalized,higher=stronger,0.15,country_data_centre_electricity_weighted_allocation_iea,https://www.iea.org/reports/energy-and-ai/energy-demand-from-ai,2024,0,fillna_to_zero_before_log1p_minmax
TGO,Togo,service endpoint,service_endpoint_signal,service_endpoint_raw,0.0,score,0.0,fillna->0; log1p min-max normalized,higher=stronger,0.05,ai_service_endpoint_country_score,project-local-derived-table,2024,0,fillna_to_zero_before_log1p_minmax
THA,Thailand,AI compute,ai_compute_signal,ai_compute_raw,0.0,score,0.0,fillna->0; log1p min-max normalized,higher=stronger,0.2,country_data_centre_electricity_weighted_allocation_iea,https://www.iea.org/reports/energy-and-ai/energy-demand-from-ai,2024,0,fillna_to_zero_before_log1p_minmax
THA,Thailand,data-center footprint,data_center_footprint_signal,data_center_footprint_raw,7.25,count,0.2744120721207618,fillna->0; log1p min-max normalized,higher=stronger,0.2,country_data_centre_electricity_weighted_allocation_iea,https://www.iea.org/reports/energy-and-ai/energy-demand-from-ai,2024,0,fillna_to_zero_before_log1p_minmax
THA,Thailand,power-grid evidence,power_grid_evidence_signal,power_grid_evidence_raw,0.0,score,0.0,fillna->0; log1p min-max normalized,higher=stronger,0.1,ai_power_grid_country_score,project-local-derived-table,2024,0,fillna_to_zero_before_log1p_minmax
THA,Thailand,public load/capacity,public_load_capacity_signal,public_load_capacity_raw_twh,0.0,TWh,0.0,fillna->0; log1p min-max normalized,higher=stronger,0.3,country_data_centre_electricity_weighted_allocation_iea,https://www.iea.org/reports/energy-and-ai/energy-demand-from-ai,2024,0,fillna_to_zero_before_log1p_minmax
THA,Thailand,public project capacity,public_project_capacity_signal,public_project_capacity_raw_mw,0.0,MW,0.0,fillna->0; log1p min-max normalized,higher=stronger,0.15,country_data_centre_electricity_weighted_allocation_iea,https://www.iea.org/reports/energy-and-ai/energy-demand-from-ai,2024,0,fillna_to_zero_before_log1p_minmax
THA,Thailand,service endpoint,service_endpoint_signal,service_endpoint_raw,0.0,score,0.0,fillna->0; log1p min-max normalized,higher=stronger,0.05,ai_service_endpoint_country_score,project-local-derived-table,2024,0,fillna_to_zero_before_log1p_minmax
TJK,Tajikistan,AI compute,ai_compute_signal,ai_compute_raw,0.0,score,0.0,fillna->0; log1p min-max normalized,higher=stronger,0.2,country_data_centre_electricity_weighted_allocation_iea,https://www.iea.org/reports/energy-and-ai/energy-demand-from-ai,2024,0,fillna_to_zero_before_log1p_minmax
TJK,Tajikistan,data-center footprint,data_center_footprint_signal,data_center_footprint_raw,0.0,count,0.0,fillna->0; log1p min-max normalized,higher=stronger,0.2,country_data_centre_electricity_weighted_allocation_iea,https://www.iea.org/reports/energy-and-ai/energy-demand-from-ai,2024,0,fillna_to_zero_before_log1p_minmax
TJK,Tajikistan,power-grid evidence,power_grid_evidence_signal,power_grid_evidence_raw,0.0,score,0.0,fillna->0; log1p min-max normalized,higher=stronger,0.1,ai_power_grid_country_score,project-local-derived-table,2024,0,fillna_to_zero_before_log1p_minmax
TJK,Tajikistan,public load/capacity,public_load_capacity_signal,public_load_capacity_raw_twh,0.0,TWh,0.0,fillna->0; log1p min-max normalized,higher=stronger,0.3,country_data_centre_electricity_weighted_allocation_iea,https://www.iea.org/reports/energy-and-ai/energy-demand-from-ai,2024,0,fillna_to_zero_before_log1p_minmax
TJK,Tajikistan,public project capacity,public_project_capacity_signal,public_project_capacity_raw_mw,0.0,MW,0.0,fillna->0; log1p min-max normalized,higher=stronger,0.15,country_data_centre_electricity_weighted_allocation_iea,https://www.iea.org/reports/energy-and-ai/energy-demand-from-ai,2024,0,fillna_to_zero_before_log1p_minmax
TJK,Tajikistan,service endpoint,service_endpoint_signal,service_endpoint_raw,0.0,score,0.0,fillna->0; log1p min-max normalized,higher=stronger,0.05,ai_service_endpoint_country_score,project-local-derived-table,2024,0,fillna_to_zero_before_log1p_minmax
TLS,Timor-Leste,AI compute,ai_compute_signal,ai_compute_raw,0.0,score,0.0,fillna->0; log1p min-max normalized,higher=stronger,0.2,country_data_centre_electricity_weighted_allocation_iea,https://www.iea.org/reports/energy-and-ai/energy-demand-from-ai,2024,0,fillna_to_zero_before_log1p_minmax
TLS,Timor-Leste,data-center footprint,data_center_footprint_signal,data_center_footprint_raw,0.0,count,0.0,fillna->0; log1p min-max normalized,higher=stronger,0.2,country_data_centre_electricity_weighted_allocation_iea,https://www.iea.org/reports/energy-and-ai/energy-demand-from-ai,2024,0,fillna_to_zero_before_log1p_minmax
TLS,Timor-Leste,power-grid evidence,power_grid_evidence_signal,power_grid_evidence_raw,0.0,score,0.0,fillna->0; log1p min-max normalized,higher=stronger,0.1,ai_power_grid_country_score,project-local-derived-table,2024,0,fillna_to_zero_before_log1p_minmax
TLS,Timor-Leste,public load/capacity,public_load_capacity_signal,public_load_capacity_raw_twh,0.0,TWh,0.0,fillna->0; log1p min-max normalized,higher=stronger,0.3,country_data_centre_electricity_weighted_allocation_iea,https://www.iea.org/reports/energy-and-ai/energy-demand-from-ai,2024,0,fillna_to_zero_before_log1p_minmax
TLS,Timor-Leste,public project capacity,public_project_capacity_signal,public_project_capacity_raw_mw,0.0,MW,0.0,fillna->0; log1p min-max normalized,higher=stronger,0.15,country_data_centre_electricity_weighted_allocation_iea,https://www.iea.org/reports/energy-and-ai/energy-demand-from-ai,2024,0,fillna_to_zero_before_log1p_minmax
TLS,Timor-Leste,service endpoint,service_endpoint_signal,service_endpoint_raw,0.0,score,0.0,fillna->0; log1p min-max normalized,higher=stronger,0.05,ai_service_endpoint_country_score,project-local-derived-table,2024,0,fillna_to_zero_before_log1p_minmax
TTO,Trinidad and Tobago,AI compute,ai_compute_signal,ai_compute_raw,0.0,score,0.0,fillna->0; log1p min-max normalized,higher=stronger,0.2,country_data_centre_electricity_weighted_allocation_iea,https://www.iea.org/reports/energy-and-ai/energy-demand-from-ai,2024,0,fillna_to_zero_before_log1p_minmax
TTO,Trinidad and Tobago,data-center footprint,data_center_footprint_signal,data_center_footprint_raw,1.75,count,0.1315485574099101,fillna->0; log1p min-max normalized,higher=stronger,0.2,country_data_centre_electricity_weighted_allocation_iea,https://www.iea.org/reports/energy-and-ai/energy-demand-from-ai,2024,0,fillna_to_zero_before_log1p_minmax
TTO,Trinidad and Tobago,power-grid evidence,power_grid_evidence_signal,power_grid_evidence_raw,0.0,score,0.0,fillna->0; log1p min-max normalized,higher=stronger,0.1,ai_power_grid_country_score,project-local-derived-table,2024,0,fillna_to_zero_before_log1p_minmax
TTO,Trinidad and Tobago,public load/capacity,public_load_capacity_signal,public_load_capacity_raw_twh,0.0,TWh,0.0,fillna->0; log1p min-max normalized,higher=stronger,0.3,country_data_centre_electricity_weighted_allocation_iea,https://www.iea.org/reports/energy-and-ai/energy-demand-from-ai,2024,0,fillna_to_zero_before_log1p_minmax
TTO,Trinidad and Tobago,public project capacity,public_project_capacity_signal,public_project_capacity_raw_mw,0.0,MW,0.0,fillna->0; log1p min-max normalized,higher=stronger,0.15,country_data_centre_electricity_weighted_allocation_iea,https://www.iea.org/reports/energy-and-ai/energy-demand-from-ai,2024,0,fillna_to_zero_before_log1p_minmax
TTO,Trinidad and Tobago,service endpoint,service_endpoint_signal,service_endpoint_raw,0.0,score,0.0,fillna->0; log1p min-max normalized,higher=stronger,0.05,ai_service_endpoint_country_score,project-local-derived-table,2024,0,fillna_to_zero_before_log1p_minmax
TUN,Tunisia,AI compute,ai_compute_signal,ai_compute_raw,0.0,score,0.0,fillna->0; log1p min-max normalized,higher=stronger,0.2,country_data_centre_electricity_weighted_allocation_iea,https://www.iea.org/reports/energy-and-ai/energy-demand-from-ai,2024,0,fillna_to_zero_before_log1p_minmax
TUN,Tunisia,data-center footprint,data_center_footprint_signal,data_center_footprint_raw,1.5,count,0.1191544239972239,fillna->0; log1p min-max normalized,higher=stronger,0.2,country_data_centre_electricity_weighted_allocation_iea,https://www.iea.org/reports/energy-and-ai/energy-demand-from-ai,2024,0,fillna_to_zero_before_log1p_minmax
TUN,Tunisia,power-grid evidence,power_grid_evidence_signal,power_grid_evidence_raw,0.0,score,0.0,fillna->0; log1p min-max normalized,higher=stronger,0.1,ai_power_grid_country_score,project-local-derived-table,2024,0,fillna_to_zero_before_log1p_minmax
TUN,Tunisia,public load/capacity,public_load_capacity_signal,public_load_capacity_raw_twh,0.0,TWh,0.0,fillna->0; log1p min-max normalized,higher=stronger,0.3,country_data_centre_electricity_weighted_allocation_iea,https://www.iea.org/reports/energy-and-ai/energy-demand-from-ai,2024,0,fillna_to_zero_before_log1p_minmax
TUN,Tunisia,public project capacity,public_project_capacity_signal,public_project_capacity_raw_mw,0.0,MW,0.0,fillna->0; log1p min-max normalized,higher=stronger,0.15,country_data_centre_electricity_weighted_allocation_iea,https://www.iea.org/reports/energy-and-ai/energy-demand-from-ai,2024,0,fillna_to_zero_before_log1p_minmax
TUN,Tunisia,service endpoint,service_endpoint_signal,service_endpoint_raw,0.0,score,0.0,fillna->0; log1p min-max normalized,higher=stronger,0.05,ai_service_endpoint_country_score,project-local-derived-table,2024,0,fillna_to_zero_before_log1p_minmax
TUR,Turkiye,AI compute,ai_compute_signal,ai_compute_raw,0.0,score,0.0,fillna->0; log1p min-max normalized,higher=stronger,0.2,country_data_centre_electricity_weighted_allocation_iea,https://www.iea.org/reports/energy-and-ai/energy-demand-from-ai,2024,0,fillna_to_zero_before_log1p_minmax
TUR,Turkiye,data-center footprint,data_center_footprint_signal,data_center_footprint_raw,20.75,count,0.4004728964816924,fillna->0; log1p min-max normalized,higher=stronger,0.2,country_data_centre_electricity_weighted_allocation_iea,https://www.iea.org/reports/energy-and-ai/energy-demand-from-ai,2024,0,fillna_to_zero_before_log1p_minmax
TUR,Turkiye,power-grid evidence,power_grid_evidence_signal,power_grid_evidence_raw,0.0,score,0.0,fillna->0; log1p min-max normalized,higher=stronger,0.1,ai_power_grid_country_score,project-local-derived-table,2024,0,fillna_to_zero_before_log1p_minmax
TUR,Turkiye,public load/capacity,public_load_capacity_signal,public_load_capacity_raw_twh,0.0,TWh,0.0,fillna->0; log1p min-max normalized,higher=stronger,0.3,country_data_centre_electricity_weighted_allocation_iea,https://www.iea.org/reports/energy-and-ai/energy-demand-from-ai,2024,0,fillna_to_zero_before_log1p_minmax
TUR,Turkiye,public project capacity,public_project_capacity_signal,public_project_capacity_raw_mw,0.0,MW,0.0,fillna->0; log1p min-max normalized,higher=stronger,0.15,country_data_centre_electricity_weighted_allocation_iea,https://www.iea.org/reports/energy-and-ai/energy-demand-from-ai,2024,0,fillna_to_zero_before_log1p_minmax
TUR,Turkiye,service endpoint,service_endpoint_signal,service_endpoint_raw,0.0,score,0.0,fillna->0; log1p min-max normalized,higher=stronger,0.05,ai_service_endpoint_country_score,project-local-derived-table,2024,0,fillna_to_zero_before_log1p_minmax
TWN,Taiwan,AI compute,ai_compute_signal,ai_compute_raw,3.265719621186405,score,0.2751016528115421,fillna->0; log1p min-max normalized,higher=stronger,0.2,country_data_centre_electricity_weighted_allocation_iea,https://www.iea.org/reports/energy-and-ai/energy-demand-from-ai,2024,0,fillna_to_zero_before_log1p_minmax
TWN,Taiwan,data-center footprint,data_center_footprint_signal,data_center_footprint_raw,7.75,count,0.282063689281181,fillna->0; log1p min-max normalized,higher=stronger,0.2,country_data_centre_electricity_weighted_allocation_iea,https://www.iea.org/reports/energy-and-ai/energy-demand-from-ai,2024,0,fillna_to_zero_before_log1p_minmax
TWN,Taiwan,power-grid evidence,power_grid_evidence_signal,power_grid_evidence_raw,0.0,score,0.0,fillna->0; log1p min-max normalized,higher=stronger,0.1,ai_power_grid_country_score,project-local-derived-table,2024,0,fillna_to_zero_before_log1p_minmax
TWN,Taiwan,public load/capacity,public_load_capacity_signal,public_load_capacity_raw_twh,0.0,TWh,0.0,fillna->0; log1p min-max normalized,higher=stronger,0.3,country_data_centre_electricity_weighted_allocation_iea,https://www.iea.org/reports/energy-and-ai/energy-demand-from-ai,2024,0,fillna_to_zero_before_log1p_minmax
TWN,Taiwan,public project capacity,public_project_capacity_signal,public_project_capacity_raw_mw,0.0,MW,0.0,fillna->0; log1p min-max normalized,higher=stronger,0.15,country_data_centre_electricity_weighted_allocation_iea,https://www.iea.org/reports/energy-and-ai/energy-demand-from-ai,2024,0,fillna_to_zero_before_log1p_minmax
TWN,Taiwan,service endpoint,service_endpoint_signal,service_endpoint_raw,36.3585628977919,score,0.7845000218468037,fillna->0; log1p min-max normalized,higher=stronger,0.05,ai_service_endpoint_country_score,project-local-derived-table,2024,0,fillna_to_zero_before_log1p_minmax
TZA,Tanzania,AI compute,ai_compute_signal,ai_compute_raw,0.0,score,0.0,fillna->0; log1p min-max normalized,higher=stronger,0.2,country_data_centre_electricity_weighted_allocation_iea,https://www.iea.org/reports/energy-and-ai/energy-demand-from-ai,2024,0,fillna_to_zero_before_log1p_minmax
TZA,Tanzania,data-center footprint,data_center_footprint_signal,data_center_footprint_raw,1.25,count,0.1054533451599635,fillna->0; log1p min-max normalized,higher=stronger,0.2,country_data_centre_electricity_weighted_allocation_iea,https://www.iea.org/reports/energy-and-ai/energy-demand-from-ai,2024,0,fillna_to_zero_before_log1p_minmax
TZA,Tanzania,power-grid evidence,power_grid_evidence_signal,power_grid_evidence_raw,0.0,score,0.0,fillna->0; log1p min-max normalized,higher=stronger,0.1,ai_power_grid_country_score,project-local-derived-table,2024,0,fillna_to_zero_before_log1p_minmax
TZA,Tanzania,public load/capacity,public_load_capacity_signal,public_load_capacity_raw_twh,0.0,TWh,0.0,fillna->0; log1p min-max normalized,higher=stronger,0.3,country_data_centre_electricity_weighted_allocation_iea,https://www.iea.org/reports/energy-and-ai/energy-demand-from-ai,2024,0,fillna_to_zero_before_log1p_minmax
TZA,Tanzania,public project capacity,public_project_capacity_signal,public_project_capacity_raw_mw,0.0,MW,0.0,fillna->0; log1p min-max normalized,higher=stronger,0.15,country_data_centre_electricity_weighted_allocation_iea,https://www.iea.org/reports/energy-and-ai/energy-demand-from-ai,2024,0,fillna_to_zero_before_log1p_minmax
TZA,Tanzania,service endpoint,service_endpoint_signal,service_endpoint_raw,0.0,score,0.0,fillna->0; log1p min-max normalized,higher=stronger,0.05,ai_service_endpoint_country_score,project-local-derived-table,2024,0,fillna_to_zero_before_log1p_minmax
UGA,Uganda,AI compute,ai_compute_signal,ai_compute_raw,0.0,score,0.0,fillna->0; log1p min-max normalized,higher=stronger,0.2,country_data_centre_electricity_weighted_allocation_iea,https://www.iea.org/reports/energy-and-ai/energy-demand-from-ai,2024,0,fillna_to_zero_before_log1p_minmax
UGA,Uganda,data-center footprint,data_center_footprint_signal,data_center_footprint_raw,3.25,count,0.1881573085758391,fillna->0; log1p min-max normalized,higher=stronger,0.2,country_data_centre_electricity_weighted_allocation_iea,https://www.iea.org/reports/energy-and-ai/energy-demand-from-ai,2024,0,fillna_to_zero_before_log1p_minmax
UGA,Uganda,power-grid evidence,power_grid_evidence_signal,power_grid_evidence_raw,0.0,score,0.0,fillna->0; log1p min-max normalized,higher=stronger,0.1,ai_power_grid_country_score,project-local-derived-table,2024,0,fillna_to_zero_before_log1p_minmax
UGA,Uganda,public load/capacity,public_load_capacity_signal,public_load_capacity_raw_twh,0.0,TWh,0.0,fillna->0; log1p min-max normalized,higher=stronger,0.3,country_data_centre_electricity_weighted_allocation_iea,https://www.iea.org/reports/energy-and-ai/energy-demand-from-ai,2024,0,fillna_to_zero_before_log1p_minmax
UGA,Uganda,public project capacity,public_project_capacity_signal,public_project_capacity_raw_mw,0.0,MW,0.0,fillna->0; log1p min-max normalized,higher=stronger,0.15,country_data_centre_electricity_weighted_allocation_iea,https://www.iea.org/reports/energy-and-ai/energy-demand-from-ai,2024,0,fillna_to_zero_before_log1p_minmax
UGA,Uganda,service endpoint,service_endpoint_signal,service_endpoint_raw,0.0,score,0.0,fillna->0; log1p min-max normalized,higher=stronger,0.05,ai_service_endpoint_country_score,project-local-derived-table,2024,0,fillna_to_zero_before_log1p_minmax
UKR,Ukraine,AI compute,ai_compute_signal,ai_compute_raw,0.0,score,0.0,fillna->0; log1p min-max normalized,higher=stronger,0.2,country_data_centre_electricity_weighted_allocation_iea,https://www.iea.org/reports/energy-and-ai/energy-demand-from-ai,2024,0,fillna_to_zero_before_log1p_minmax
UKR,Ukraine,data-center footprint,data_center_footprint_signal,data_center_footprint_raw,10.0,count,0.3118222416716501,fillna->0; log1p min-max normalized,higher=stronger,0.2,country_data_centre_electricity_weighted_allocation_iea,https://www.iea.org/reports/energy-and-ai/energy-demand-from-ai,2024,0,fillna_to_zero_before_log1p_minmax
UKR,Ukraine,power-grid evidence,power_grid_evidence_signal,power_grid_evidence_raw,0.0,score,0.0,fillna->0; log1p min-max normalized,higher=stronger,0.1,ai_power_grid_country_score,project-local-derived-table,2024,0,fillna_to_zero_before_log1p_minmax
UKR,Ukraine,public load/capacity,public_load_capacity_signal,public_load_capacity_raw_twh,0.0,TWh,0.0,fillna->0; log1p min-max normalized,higher=stronger,0.3,country_data_centre_electricity_weighted_allocation_iea,https://www.iea.org/reports/energy-and-ai/energy-demand-from-ai,2024,0,fillna_to_zero_before_log1p_minmax
UKR,Ukraine,public project capacity,public_project_capacity_signal,public_project_capacity_raw_mw,0.0,MW,0.0,fillna->0; log1p min-max normalized,higher=stronger,0.15,country_data_centre_electricity_weighted_allocation_iea,https://www.iea.org/reports/energy-and-ai/energy-demand-from-ai,2024,0,fillna_to_zero_before_log1p_minmax
UKR,Ukraine,service endpoint,service_endpoint_signal,service_endpoint_raw,0.0,score,0.0,fillna->0; log1p min-max normalized,higher=stronger,0.05,ai_service_endpoint_country_score,project-local-derived-table,2024,0,fillna_to_zero_before_log1p_minmax
URY,Uruguay,AI compute,ai_compute_signal,ai_compute_raw,0.0,score,0.0,fillna->0; log1p min-max normalized,higher=stronger,0.2,country_data_centre_electricity_weighted_allocation_iea,https://www.iea.org/reports/energy-and-ai/energy-demand-from-ai,2024,0,fillna_to_zero_before_log1p_minmax
URY,Uruguay,data-center footprint,data_center_footprint_signal,data_center_footprint_raw,1.75,count,0.1315485574099101,fillna->0; log1p min-max normalized,higher=stronger,0.2,country_data_centre_electricity_weighted_allocation_iea,https://www.iea.org/reports/energy-and-ai/energy-demand-from-ai,2024,0,fillna_to_zero_before_log1p_minmax
URY,Uruguay,power-grid evidence,power_grid_evidence_signal,power_grid_evidence_raw,0.0,score,0.0,fillna->0; log1p min-max normalized,higher=stronger,0.1,ai_power_grid_country_score,project-local-derived-table,2024,0,fillna_to_zero_before_log1p_minmax
URY,Uruguay,public load/capacity,public_load_capacity_signal,public_load_capacity_raw_twh,0.0,TWh,0.0,fillna->0; log1p min-max normalized,higher=stronger,0.3,country_data_centre_electricity_weighted_allocation_iea,https://www.iea.org/reports/energy-and-ai/energy-demand-from-ai,2024,0,fillna_to_zero_before_log1p_minmax
URY,Uruguay,public project capacity,public_project_capacity_signal,public_project_capacity_raw_mw,0.0,MW,0.0,fillna->0; log1p min-max normalized,higher=stronger,0.15,country_data_centre_electricity_weighted_allocation_iea,https://www.iea.org/reports/energy-and-ai/energy-demand-from-ai,2024,0,fillna_to_zero_before_log1p_minmax
URY,Uruguay,service endpoint,service_endpoint_signal,service_endpoint_raw,0.0,score,0.0,fillna->0; log1p min-max normalized,higher=stronger,0.05,ai_service_endpoint_country_score,project-local-derived-table,2024,0,fillna_to_zero_before_log1p_minmax
USA,United States,AI compute,ai_compute_signal,ai_compute_raw,194.0,score,1.0,fillna->0; log1p min-max normalized,higher=stronger,0.2,country_data_centre_electricity_weighted_allocation_iea,https://www.iea.org/reports/energy-and-ai/energy-demand-from-ai,2024,0,fillna_to_zero_before_log1p_minmax
USA,United States,data-center footprint,data_center_footprint_signal,data_center_footprint_raw,2185.25,count,1.0,fillna->0; log1p min-max normalized,higher=stronger,0.2,country_data_centre_electricity_weighted_allocation_iea,https://www.iea.org/reports/energy-and-ai/energy-demand-from-ai,2024,0,fillna_to_zero_before_log1p_minmax
USA,United States,power-grid evidence,power_grid_evidence_signal,power_grid_evidence_raw,80.0,score,1.0,fillna->0; log1p min-max normalized,higher=stronger,0.1,ai_power_grid_country_score,project-local-derived-table,2024,0,fillna_to_zero_before_log1p_minmax
USA,United States,public load/capacity,public_load_capacity_signal,public_load_capacity_raw_twh,25.8484824,TWh,0.8745170520414706,fillna->0; log1p min-max normalized,higher=stronger,0.3,country_data_centre_electricity_weighted_allocation_iea,https://www.iea.org/reports/energy-and-ai/energy-demand-from-ai,2024,0,fillna_to_zero_before_log1p_minmax
USA,United States,public project capacity,public_project_capacity_signal,public_project_capacity_raw_mw,3350.0,MW,0.92615472977029,fillna->0; log1p min-max normalized,higher=stronger,0.15,country_data_centre_electricity_weighted_allocation_iea,https://www.iea.org/reports/energy-and-ai/energy-demand-from-ai,2024,0,fillna_to_zero_before_log1p_minmax
USA,United States,service endpoint,service_endpoint_signal,service_endpoint_raw,100.0,score,1.0,fillna->0; log1p min-max normalized,higher=stronger,0.05,ai_service_endpoint_country_score,project-local-derived-table,2024,0,fillna_to_zero_before_log1p_minmax
UZB,Uzbekistan,AI compute,ai_compute_signal,ai_compute_raw,0.0,score,0.0,fillna->0; log1p min-max normalized,higher=stronger,0.2,country_data_centre_electricity_weighted_allocation_iea,https://www.iea.org/reports/energy-and-ai/energy-demand-from-ai,2024,0,fillna_to_zero_before_log1p_minmax
UZB,Uzbekistan,data-center footprint,data_center_footprint_signal,data_center_footprint_raw,1.75,count,0.1315485574099101,fillna->0; log1p min-max normalized,higher=stronger,0.2,country_data_centre_electricity_weighted_allocation_iea,https://www.iea.org/reports/energy-and-ai/energy-demand-from-ai,2024,0,fillna_to_zero_before_log1p_minmax
UZB,Uzbekistan,power-grid evidence,power_grid_evidence_signal,power_grid_evidence_raw,0.0,score,0.0,fillna->0; log1p min-max normalized,higher=stronger,0.1,ai_power_grid_country_score,project-local-derived-table,2024,0,fillna_to_zero_before_log1p_minmax
UZB,Uzbekistan,public load/capacity,public_load_capacity_signal,public_load_capacity_raw_twh,0.0,TWh,0.0,fillna->0; log1p min-max normalized,higher=stronger,0.3,country_data_centre_electricity_weighted_allocation_iea,https://www.iea.org/reports/energy-and-ai/energy-demand-from-ai,2024,0,fillna_to_zero_before_log1p_minmax
UZB,Uzbekistan,public project capacity,public_project_capacity_signal,public_project_capacity_raw_mw,0.0,MW,0.0,fillna->0; log1p min-max normalized,higher=stronger,0.15,country_data_centre_electricity_weighted_allocation_iea,https://www.iea.org/reports/energy-and-ai/energy-demand-from-ai,2024,0,fillna_to_zero_before_log1p_minmax
UZB,Uzbekistan,service endpoint,service_endpoint_signal,service_endpoint_raw,0.0,score,0.0,fillna->0; log1p min-max normalized,higher=stronger,0.05,ai_service_endpoint_country_score,project-local-derived-table,2024,0,fillna_to_zero_before_log1p_minmax
VCT,St. Vincent and the Grenadines,AI compute,ai_compute_signal,ai_compute_raw,0.0,score,0.0,fillna->0; log1p min-max normalized,higher=stronger,0.2,country_data_centre_electricity_weighted_allocation_iea,https://www.iea.org/reports/energy-and-ai/energy-demand-from-ai,2024,0,fillna_to_zero_before_log1p_minmax
VCT,St. Vincent and the Grenadines,data-center footprint,data_center_footprint_signal,data_center_footprint_raw,0.0,count,0.0,fillna->0; log1p min-max normalized,higher=stronger,0.2,country_data_centre_electricity_weighted_allocation_iea,https://www.iea.org/reports/energy-and-ai/energy-demand-from-ai,2024,0,fillna_to_zero_before_log1p_minmax
VCT,St. Vincent and the Grenadines,power-grid evidence,power_grid_evidence_signal,power_grid_evidence_raw,0.0,score,0.0,fillna->0; log1p min-max normalized,higher=stronger,0.1,ai_power_grid_country_score,project-local-derived-table,2024,0,fillna_to_zero_before_log1p_minmax
VCT,St. Vincent and the Grenadines,public load/capacity,public_load_capacity_signal,public_load_capacity_raw_twh,0.0,TWh,0.0,fillna->0; log1p min-max normalized,higher=stronger,0.3,country_data_centre_electricity_weighted_allocation_iea,https://www.iea.org/reports/energy-and-ai/energy-demand-from-ai,2024,0,fillna_to_zero_before_log1p_minmax
VCT,St. Vincent and the Grenadines,public project capacity,public_project_capacity_signal,public_project_capacity_raw_mw,0.0,MW,0.0,fillna->0; log1p min-max normalized,higher=stronger,0.15,country_data_centre_electricity_weighted_allocation_iea,https://www.iea.org/reports/energy-and-ai/energy-demand-from-ai,2024,0,fillna_to_zero_before_log1p_minmax
VCT,St. Vincent and the Grenadines,service endpoint,service_endpoint_signal,service_endpoint_raw,0.0,score,0.0,fillna->0; log1p min-max normalized,higher=stronger,0.05,ai_service_endpoint_country_score,project-local-derived-table,2024,0,fillna_to_zero_before_log1p_minmax
VIR,Virgin Islands (U.S.),AI compute,ai_compute_signal,ai_compute_raw,0.0,score,0.0,fillna->0; log1p min-max normalized,higher=stronger,0.2,country_data_centre_electricity_weighted_allocation_iea,https://www.iea.org/reports/energy-and-ai/energy-demand-from-ai,2024,0,fillna_to_zero_before_log1p_minmax
VIR,Virgin Islands (U.S.),data-center footprint,data_center_footprint_signal,data_center_footprint_raw,0.0,count,0.0,fillna->0; log1p min-max normalized,higher=stronger,0.2,country_data_centre_electricity_weighted_allocation_iea,https://www.iea.org/reports/energy-and-ai/energy-demand-from-ai,2024,0,fillna_to_zero_before_log1p_minmax
VIR,Virgin Islands (U.S.),power-grid evidence,power_grid_evidence_signal,power_grid_evidence_raw,0.0,score,0.0,fillna->0; log1p min-max normalized,higher=stronger,0.1,ai_power_grid_country_score,project-local-derived-table,2024,0,fillna_to_zero_before_log1p_minmax
VIR,Virgin Islands (U.S.),public load/capacity,public_load_capacity_signal,public_load_capacity_raw_twh,0.0,TWh,0.0,fillna->0; log1p min-max normalized,higher=stronger,0.3,country_data_centre_electricity_weighted_allocation_iea,https://www.iea.org/reports/energy-and-ai/energy-demand-from-ai,2024,0,fillna_to_zero_before_log1p_minmax
VIR,Virgin Islands (U.S.),public project capacity,public_project_capacity_signal,public_project_capacity_raw_mw,0.0,MW,0.0,fillna->0; log1p min-max normalized,higher=stronger,0.15,country_data_centre_electricity_weighted_allocation_iea,https://www.iea.org/reports/energy-and-ai/energy-demand-from-ai,2024,0,fillna_to_zero_before_log1p_minmax
VIR,Virgin Islands (U.S.),service endpoint,service_endpoint_signal,service_endpoint_raw,0.0,score,0.0,fillna->0; log1p min-max normalized,higher=stronger,0.05,ai_service_endpoint_country_score,project-local-derived-table,2024,0,fillna_to_zero_before_log1p_minmax
VNM,Viet Nam,AI compute,ai_compute_signal,ai_compute_raw,0.0,score,0.0,fillna->0; log1p min-max normalized,higher=stronger,0.2,country_data_centre_electricity_weighted_allocation_iea,https://www.iea.org/reports/energy-and-ai/energy-demand-from-ai,2024,0,fillna_to_zero_before_log1p_minmax
VNM,Viet Nam,data-center footprint,data_center_footprint_signal,data_center_footprint_raw,9.0,count,0.2994281082589639,fillna->0; log1p min-max normalized,higher=stronger,0.2,country_data_centre_electricity_weighted_allocation_iea,https://www.iea.org/reports/energy-and-ai/energy-demand-from-ai,2024,0,fillna_to_zero_before_log1p_minmax
VNM,Viet Nam,power-grid evidence,power_grid_evidence_signal,power_grid_evidence_raw,0.0,score,0.0,fillna->0; log1p min-max normalized,higher=stronger,0.1,ai_power_grid_country_score,project-local-derived-table,2024,0,fillna_to_zero_before_log1p_minmax
VNM,Viet Nam,public load/capacity,public_load_capacity_signal,public_load_capacity_raw_twh,0.0,TWh,0.0,fillna->0; log1p min-max normalized,higher=stronger,0.3,country_data_centre_electricity_weighted_allocation_iea,https://www.iea.org/reports/energy-and-ai/energy-demand-from-ai,2024,0,fillna_to_zero_before_log1p_minmax
VNM,Viet Nam,public project capacity,public_project_capacity_signal,public_project_capacity_raw_mw,0.0,MW,0.0,fillna->0; log1p min-max normalized,higher=stronger,0.15,country_data_centre_electricity_weighted_allocation_iea,https://www.iea.org/reports/energy-and-ai/energy-demand-from-ai,2024,0,fillna_to_zero_before_log1p_minmax
VNM,Viet Nam,service endpoint,service_endpoint_signal,service_endpoint_raw,0.0,score,0.0,fillna->0; log1p min-max normalized,higher=stronger,0.05,ai_service_endpoint_country_score,project-local-derived-table,2024,0,fillna_to_zero_before_log1p_minmax
XKX,Kosovo,AI compute,ai_compute_signal,ai_compute_raw,0.0,score,0.0,fillna->0; log1p min-max normalized,higher=stronger,0.2,country_data_centre_electricity_weighted_allocation_iea,https://www.iea.org/reports/energy-and-ai/energy-demand-from-ai,2024,0,fillna_to_zero_before_log1p_minmax
XKX,Kosovo,data-center footprint,data_center_footprint_signal,data_center_footprint_raw,0.0,count,0.0,fillna->0; log1p min-max normalized,higher=stronger,0.2,country_data_centre_electricity_weighted_allocation_iea,https://www.iea.org/reports/energy-and-ai/energy-demand-from-ai,2024,0,fillna_to_zero_before_log1p_minmax
XKX,Kosovo,power-grid evidence,power_grid_evidence_signal,power_grid_evidence_raw,0.0,score,0.0,fillna->0; log1p min-max normalized,higher=stronger,0.1,ai_power_grid_country_score,project-local-derived-table,2024,0,fillna_to_zero_before_log1p_minmax
XKX,Kosovo,public load/capacity,public_load_capacity_signal,public_load_capacity_raw_twh,0.0,TWh,0.0,fillna->0; log1p min-max normalized,higher=stronger,0.3,country_data_centre_electricity_weighted_allocation_iea,https://www.iea.org/reports/energy-and-ai/energy-demand-from-ai,2024,0,fillna_to_zero_before_log1p_minmax
XKX,Kosovo,public project capacity,public_project_capacity_signal,public_project_capacity_raw_mw,0.0,MW,0.0,fillna->0; log1p min-max normalized,higher=stronger,0.15,country_data_centre_electricity_weighted_allocation_iea,https://www.iea.org/reports/energy-and-ai/energy-demand-from-ai,2024,0,fillna_to_zero_before_log1p_minmax
XKX,Kosovo,service endpoint,service_endpoint_signal,service_endpoint_raw,0.0,score,0.0,fillna->0; log1p min-max normalized,higher=stronger,0.05,ai_service_endpoint_country_score,project-local-derived-table,2024,0,fillna_to_zero_before_log1p_minmax
ZAF,South Africa,AI compute,ai_compute_signal,ai_compute_raw,10.547212858961975,score,0.4639568180812849,fillna->0; log1p min-max normalized,higher=stronger,0.2,country_data_centre_electricity_weighted_allocation_iea,https://www.iea.org/reports/energy-and-ai/energy-demand-from-ai,2024,0,fillna_to_zero_before_log1p_minmax
ZAF,South Africa,data-center footprint,data_center_footprint_signal,data_center_footprint_raw,72.0,count,0.5579312390815501,fillna->0; log1p min-max normalized,higher=stronger,0.2,country_data_centre_electricity_weighted_allocation_iea,https://www.iea.org/reports/energy-and-ai/energy-demand-from-ai,2024,0,fillna_to_zero_before_log1p_minmax
ZAF,South Africa,power-grid evidence,power_grid_evidence_signal,power_grid_evidence_raw,0.0,score,0.0,fillna->0; log1p min-max normalized,higher=stronger,0.1,ai_power_grid_country_score,project-local-derived-table,2024,0,fillna_to_zero_before_log1p_minmax
ZAF,South Africa,public load/capacity,public_load_capacity_signal,public_load_capacity_raw_twh,0.0,TWh,0.0,fillna->0; log1p min-max normalized,higher=stronger,0.3,country_data_centre_electricity_weighted_allocation_iea,https://www.iea.org/reports/energy-and-ai/energy-demand-from-ai,2024,0,fillna_to_zero_before_log1p_minmax
ZAF,South Africa,public project capacity,public_project_capacity_signal,public_project_capacity_raw_mw,0.0,MW,0.0,fillna->0; log1p min-max normalized,higher=stronger,0.15,country_data_centre_electricity_weighted_allocation_iea,https://www.iea.org/reports/energy-and-ai/energy-demand-from-ai,2024,0,fillna_to_zero_before_log1p_minmax
ZAF,South Africa,service endpoint,service_endpoint_signal,service_endpoint_raw,17.247951094689313,score,0.6292474474598057,fillna->0; log1p min-max normalized,higher=stronger,0.05,ai_service_endpoint_country_score,project-local-derived-table,2024,0,fillna_to_zero_before_log1p_minmax
ZMB,Zambia,AI compute,ai_compute_signal,ai_compute_raw,0.0,score,0.0,fillna->0; log1p min-max normalized,higher=stronger,0.2,country_data_centre_electricity_weighted_allocation_iea,https://www.iea.org/reports/energy-and-ai/energy-demand-from-ai,2024,0,fillna_to_zero_before_log1p_minmax
ZMB,Zambia,data-center footprint,data_center_footprint_signal,data_center_footprint_raw,0.0,count,0.0,fillna->0; log1p min-max normalized,higher=stronger,0.2,country_data_centre_electricity_weighted_allocation_iea,https://www.iea.org/reports/energy-and-ai/energy-demand-from-ai,2024,0,fillna_to_zero_before_log1p_minmax
ZMB,Zambia,power-grid evidence,power_grid_evidence_signal,power_grid_evidence_raw,0.0,score,0.0,fillna->0; log1p min-max normalized,higher=stronger,0.1,ai_power_grid_country_score,project-local-derived-table,2024,0,fillna_to_zero_before_log1p_minmax
ZMB,Zambia,public load/capacity,public_load_capacity_signal,public_load_capacity_raw_twh,0.0,TWh,0.0,fillna->0; log1p min-max normalized,higher=stronger,0.3,country_data_centre_electricity_weighted_allocation_iea,https://www.iea.org/reports/energy-and-ai/energy-demand-from-ai,2024,0,fillna_to_zero_before_log1p_minmax
ZMB,Zambia,public project capacity,public_project_capacity_signal,public_project_capacity_raw_mw,0.0,MW,0.0,fillna->0; log1p min-max normalized,higher=stronger,0.15,country_data_centre_electricity_weighted_allocation_iea,https://www.iea.org/reports/energy-and-ai/energy-demand-from-ai,2024,0,fillna_to_zero_before_log1p_minmax
ZMB,Zambia,service endpoint,service_endpoint_signal,service_endpoint_raw,0.0,score,0.0,fillna->0; log1p min-max normalized,higher=stronger,0.05,ai_service_endpoint_country_score,project-local-derived-table,2024,0,fillna_to_zero_before_log1p_minmax
ZWE,Zimbabwe,AI compute,ai_compute_signal,ai_compute_raw,0.0,score,0.0,fillna->0; log1p min-max normalized,higher=stronger,0.2,country_data_centre_electricity_weighted_allocation_iea,https://www.iea.org/reports/energy-and-ai/energy-demand-from-ai,2024,0,fillna_to_zero_before_log1p_minmax
ZWE,Zimbabwe,data-center footprint,data_center_footprint_signal,data_center_footprint_raw,0.0,count,0.0,fillna->0; log1p min-max normalized,higher=stronger,0.2,country_data_centre_electricity_weighted_allocation_iea,https://www.iea.org/reports/energy-and-ai/energy-demand-from-ai,2024,0,fillna_to_zero_before_log1p_minmax
ZWE,Zimbabwe,power-grid evidence,power_grid_evidence_signal,power_grid_evidence_raw,0.0,score,0.0,fillna->0; log1p min-max normalized,higher=stronger,0.1,ai_power_grid_country_score,project-local-derived-table,2024,0,fillna_to_zero_before_log1p_minmax
ZWE,Zimbabwe,public load/capacity,public_load_capacity_signal,public_load_capacity_raw_twh,0.0,TWh,0.0,fillna->0; log1p min-max normalized,higher=stronger,0.3,country_data_centre_electricity_weighted_allocation_iea,https://www.iea.org/reports/energy-and-ai/energy-demand-from-ai,2024,0,fillna_to_zero_before_log1p_minmax
ZWE,Zimbabwe,public project capacity,public_project_capacity_signal,public_project_capacity_raw_mw,0.0,MW,0.0,fillna->0; log1p min-max normalized,higher=stronger,0.15,country_data_centre_electricity_weighted_allocation_iea,https://www.iea.org/reports/energy-and-ai/energy-demand-from-ai,2024,0,fillna_to_zero_before_log1p_minmax
ZWE,Zimbabwe,service endpoint,service_endpoint_signal,service_endpoint_raw,0.0,score,0.0,fillna->0; log1p min-max normalized,higher=stronger,0.05,ai_service_endpoint_country_score,project-local-derived-table,2024,0,fillna_to_zero_before_log1p_minmax
