iso3,country_name,evidence_class,component_name,raw_variable_name,raw_value,raw_unit,standardized_score,transform,direction,weight,source_id,source_url,source_year,missing_flag,imputation_rule
ARE,United Arab Emirates,AI cluster evidence,epoch_h100_equiv_sum,epoch_h100_equiv_sum,1748.9681657660233,H100-equivalent count,0.5318837338494609,fillna->0; log1p min-max normalized,higher=stronger,0.05,global_token_compute_side_validation_panel_2024_no_mrio,project-local-derived-table,2024,0,fillna_to_zero_before_normalization
ARE,United Arab Emirates,AI cluster evidence,epoch_power_mw_sum,epoch_power_mw_sum,3.04049136,MW,0.1834734547572452,fillna->0; log1p min-max normalized,higher=stronger,0.05,global_token_compute_side_validation_panel_2024_no_mrio,project-local-derived-table,2024,0,fillna_to_zero_before_normalization
ARE,United Arab Emirates,capacity prior,ai_accelerator_region_count,ai_accelerator_region_count,3.0,count,0.4362085839710631,fillna->0; log1p min-max normalized,higher=stronger,0.2,global_token_compute_side_validation_panel_2024_no_mrio,project-local-derived-table,2024,0,fillna_to_zero_before_normalization
ARE,United Arab Emirates,capacity prior,ai_compute_capacity_score,ai_compute_capacity_score,10.878604955288877,score,0.10214655204915991,fillna->0; linear min-max normalized,higher=stronger,0.35,global_token_compute_side_validation_panel_2024_no_mrio,project-local-derived-table,2024,0,fillna_to_zero_before_normalization
ARE,United Arab Emirates,capacity prior,cloud_region_count,cloud_region_count,4,count,0.3111936563662642,fillna->0; log1p min-max normalized,higher=stronger,0.15,global_token_compute_side_validation_panel_2024_no_mrio,project-local-derived-table,2024,0,fillna_to_zero_before_normalization
ARE,United Arab Emirates,capacity prior,frontier_accelerator_region_count,frontier_accelerator_region_count,1.0,count,0.26264953503719357,fillna->0; log1p min-max normalized,higher=stronger,0.2,global_token_compute_side_validation_panel_2024_no_mrio,project-local-derived-table,2024,0,fillna_to_zero_before_normalization
ARE,United Arab Emirates,cloud GPU regions,cloud_gpu_region_evidence_count,cloud_gpu_region_evidence_count,3.0,count,0.4362085839710631,fillna->0; log1p min-max normalized,higher=stronger,0.1,global_token_compute_side_validation_panel_2024_no_mrio,project-local-derived-table,2024,0,fillna_to_zero_before_normalization
ARE,United Arab Emirates,data-center footprint,osm_strict_data_center_count,osm_strict_data_center_count,15.0,count,0.37860495528887433,fillna->0; log1p min-max normalized,higher=stronger,0.1,global_token_compute_side_validation_panel_2024_no_mrio,project-local-derived-table,2024,0,fillna_to_zero_before_normalization
ARE,United Arab Emirates,direct measured AI load gate,measured_ai_load_available,measured_ai_load_available,False,binary,0.0,boolean identity,higher=stronger,0.0,global_token_compute_side_validation_panel_2024_no_mrio,project-local-derived-table,2024,0,no_imputation_boolean_gate
ARE,United Arab Emirates,hyperscale MW,accelerator_count_mixed_for_score,accelerator_count_mixed_for_score,0.0,count,0.0,fillna->0; log1p min-max normalized,higher=stronger,0.15,global_token_compute_side_validation_panel_2024_no_mrio,project-local-derived-table,2024,0,fillna_to_zero_before_normalization
ARE,United Arab Emirates,hyperscale MW,countable_project_capacity_mw,countable_project_capacity_mw,1000.0,MW,0.85114485507085,fillna->0; log1p min-max normalized,higher=stronger,0.25,global_token_compute_side_validation_panel_2024_no_mrio,project-local-derived-table,2024,0,fillna_to_zero_before_normalization
ARE,United Arab Emirates,hyperscale MW,hyperscale_project_row_count,hyperscale_project_row_count,1.0,count,0.2789429456511298,fillna->0; log1p min-max normalized,higher=stronger,0.15,global_token_compute_side_validation_panel_2024_no_mrio,project-local-derived-table,2024,0,fillna_to_zero_before_normalization
ARE,United Arab Emirates,public load/capacity,load_capacity_proxy_mw,load_capacity_proxy_mw,200.0,MW,0.6051093260307598,fillna->0; log1p min-max normalized,higher=stronger,0.1,global_token_compute_side_validation_panel_2024_no_mrio,project-local-derived-table,2024,0,fillna_to_zero_before_normalization
ARE,United Arab Emirates,public load/capacity,public_load_envelope_twh_mid,public_load_envelope_twh_mid,1.314,TWh,0.22299500615382112,fillna->0; log1p min-max normalized,higher=stronger,0.15,global_token_compute_side_validation_panel_2024_no_mrio,project-local-derived-table,2024,0,fillna_to_zero_before_normalization
AUS,Australia,AI cluster evidence,epoch_h100_equiv_sum,epoch_h100_equiv_sum,637.0570995546063,H100-equivalent count,0.46002013538396197,fillna->0; log1p min-max normalized,higher=stronger,0.05,global_token_compute_side_validation_panel_2024_no_mrio,project-local-derived-table,2024,0,fillna_to_zero_before_normalization
AUS,Australia,AI cluster evidence,epoch_power_mw_sum,epoch_power_mw_sum,1.89087024,MW,0.1394817642609068,fillna->0; log1p min-max normalized,higher=stronger,0.05,global_token_compute_side_validation_panel_2024_no_mrio,project-local-derived-table,2024,0,fillna_to_zero_before_normalization
AUS,Australia,capacity prior,ai_accelerator_region_count,ai_accelerator_region_count,7.0,count,0.6543128759565946,fillna->0; log1p min-max normalized,higher=stronger,0.2,global_token_compute_side_validation_panel_2024_no_mrio,project-local-derived-table,2024,0,fillna_to_zero_before_normalization
AUS,Australia,capacity prior,ai_compute_capacity_score,ai_compute_capacity_score,25.66040818836866,score,0.2618153472205185,fillna->0; linear min-max normalized,higher=stronger,0.35,global_token_compute_side_validation_panel_2024_no_mrio,project-local-derived-table,2024,0,fillna_to_zero_before_normalization
AUS,Australia,capacity prior,cloud_region_count,cloud_region_count,9,count,0.5466025697329026,fillna->0; log1p min-max normalized,higher=stronger,0.15,global_token_compute_side_validation_panel_2024_no_mrio,project-local-derived-table,2024,0,fillna_to_zero_before_normalization
AUS,Australia,capacity prior,frontier_accelerator_region_count,frontier_accelerator_region_count,3.0,count,0.5252990700743871,fillna->0; log1p min-max normalized,higher=stronger,0.2,global_token_compute_side_validation_panel_2024_no_mrio,project-local-derived-table,2024,0,fillna_to_zero_before_normalization
AUS,Australia,cloud GPU regions,cloud_gpu_region_evidence_count,cloud_gpu_region_evidence_count,7.0,count,0.6543128759565946,fillna->0; log1p min-max normalized,higher=stronger,0.1,global_token_compute_side_validation_panel_2024_no_mrio,project-local-derived-table,2024,0,fillna_to_zero_before_normalization
AUS,Australia,data-center footprint,osm_strict_data_center_count,osm_strict_data_center_count,125.0,count,0.6604081883686617,fillna->0; log1p min-max normalized,higher=stronger,0.1,global_token_compute_side_validation_panel_2024_no_mrio,project-local-derived-table,2024,0,fillna_to_zero_before_normalization
AUS,Australia,direct measured AI load gate,measured_ai_load_available,measured_ai_load_available,False,binary,0.0,boolean identity,higher=stronger,0.0,global_token_compute_side_validation_panel_2024_no_mrio,project-local-derived-table,2024,0,no_imputation_boolean_gate
AUS,Australia,hyperscale MW,accelerator_count_mixed_for_score,accelerator_count_mixed_for_score,0.0,count,0.0,fillna->0; log1p min-max normalized,higher=stronger,0.15,global_token_compute_side_validation_panel_2024_no_mrio,project-local-derived-table,2024,0,fillna_to_zero_before_normalization
AUS,Australia,hyperscale MW,countable_project_capacity_mw,countable_project_capacity_mw,0.0,MW,0.0,fillna->0; log1p min-max normalized,higher=stronger,0.25,global_token_compute_side_validation_panel_2024_no_mrio,project-local-derived-table,2024,0,fillna_to_zero_before_normalization
AUS,Australia,hyperscale MW,hyperscale_project_row_count,hyperscale_project_row_count,0.0,count,0.0,fillna->0; log1p min-max normalized,higher=stronger,0.15,global_token_compute_side_validation_panel_2024_no_mrio,project-local-derived-table,2024,0,fillna_to_zero_before_normalization
AUS,Australia,public load/capacity,load_capacity_proxy_mw,load_capacity_proxy_mw,0.0,MW,0.0,fillna->0; log1p min-max normalized,higher=stronger,0.1,global_token_compute_side_validation_panel_2024_no_mrio,project-local-derived-table,2024,0,fillna_to_zero_before_normalization
AUS,Australia,public load/capacity,public_load_envelope_twh_mid,public_load_envelope_twh_mid,0.0,TWh,0.0,fillna->0; log1p min-max normalized,higher=stronger,0.15,global_token_compute_side_validation_panel_2024_no_mrio,project-local-derived-table,2024,0,fillna_to_zero_before_normalization
BEL,Belgium,AI cluster evidence,epoch_h100_equiv_sum,epoch_h100_equiv_sum,0.0,H100-equivalent count,0.0,fillna->0; log1p min-max normalized,higher=stronger,0.05,global_token_compute_side_validation_panel_2024_no_mrio,project-local-derived-table,2024,0,fillna_to_zero_before_normalization
BEL,Belgium,AI cluster evidence,epoch_power_mw_sum,epoch_power_mw_sum,0.0,MW,0.0,fillna->0; log1p min-max normalized,higher=stronger,0.05,global_token_compute_side_validation_panel_2024_no_mrio,project-local-derived-table,2024,0,fillna_to_zero_before_normalization
BEL,Belgium,capacity prior,ai_accelerator_region_count,ai_accelerator_region_count,1.0,count,0.21810429198553155,fillna->0; log1p min-max normalized,higher=stronger,0.2,global_token_compute_side_validation_panel_2024_no_mrio,project-local-derived-table,2024,0,fillna_to_zero_before_normalization
BEL,Belgium,capacity prior,ai_compute_capacity_score,ai_compute_capacity_score,5.525748715959373,score,0.044326535574677466,fillna->0; linear min-max normalized,higher=stronger,0.35,global_token_compute_side_validation_panel_2024_no_mrio,project-local-derived-table,2024,0,fillna_to_zero_before_normalization
BEL,Belgium,capacity prior,cloud_region_count,cloud_region_count,1,count,0.0,fillna->0; log1p min-max normalized,higher=stronger,0.15,global_token_compute_side_validation_panel_2024_no_mrio,project-local-derived-table,2024,0,fillna_to_zero_before_normalization
BEL,Belgium,capacity prior,frontier_accelerator_region_count,frontier_accelerator_region_count,1.0,count,0.26264953503719357,fillna->0; log1p min-max normalized,higher=stronger,0.2,global_token_compute_side_validation_panel_2024_no_mrio,project-local-derived-table,2024,0,fillna_to_zero_before_normalization
BEL,Belgium,cloud GPU regions,cloud_gpu_region_evidence_count,cloud_gpu_region_evidence_count,1.0,count,0.21810429198553155,fillna->0; log1p min-max normalized,higher=stronger,0.1,global_token_compute_side_validation_panel_2024_no_mrio,project-local-derived-table,2024,0,fillna_to_zero_before_normalization
BEL,Belgium,data-center footprint,osm_strict_data_center_count,osm_strict_data_center_count,46.0,count,0.525748715959373,fillna->0; log1p min-max normalized,higher=stronger,0.1,global_token_compute_side_validation_panel_2024_no_mrio,project-local-derived-table,2024,0,fillna_to_zero_before_normalization
BEL,Belgium,direct measured AI load gate,measured_ai_load_available,measured_ai_load_available,False,binary,0.0,boolean identity,higher=stronger,0.0,global_token_compute_side_validation_panel_2024_no_mrio,project-local-derived-table,2024,0,no_imputation_boolean_gate
BEL,Belgium,hyperscale MW,accelerator_count_mixed_for_score,accelerator_count_mixed_for_score,0.0,count,0.0,fillna->0; log1p min-max normalized,higher=stronger,0.15,global_token_compute_side_validation_panel_2024_no_mrio,project-local-derived-table,2024,0,fillna_to_zero_before_normalization
BEL,Belgium,hyperscale MW,countable_project_capacity_mw,countable_project_capacity_mw,0.0,MW,0.0,fillna->0; log1p min-max normalized,higher=stronger,0.25,global_token_compute_side_validation_panel_2024_no_mrio,project-local-derived-table,2024,0,fillna_to_zero_before_normalization
BEL,Belgium,hyperscale MW,hyperscale_project_row_count,hyperscale_project_row_count,0.0,count,0.0,fillna->0; log1p min-max normalized,higher=stronger,0.15,global_token_compute_side_validation_panel_2024_no_mrio,project-local-derived-table,2024,0,fillna_to_zero_before_normalization
BEL,Belgium,public load/capacity,load_capacity_proxy_mw,load_capacity_proxy_mw,0.0,MW,0.0,fillna->0; log1p min-max normalized,higher=stronger,0.1,global_token_compute_side_validation_panel_2024_no_mrio,project-local-derived-table,2024,0,fillna_to_zero_before_normalization
BEL,Belgium,public load/capacity,public_load_envelope_twh_mid,public_load_envelope_twh_mid,0.0,TWh,0.0,fillna->0; log1p min-max normalized,higher=stronger,0.15,global_token_compute_side_validation_panel_2024_no_mrio,project-local-derived-table,2024,0,fillna_to_zero_before_normalization
BHR,Bahrain,AI cluster evidence,epoch_h100_equiv_sum,epoch_h100_equiv_sum,0.0,H100-equivalent count,0.0,fillna->0; log1p min-max normalized,higher=stronger,0.05,global_token_compute_side_validation_panel_2024_no_mrio,project-local-derived-table,2024,0,fillna_to_zero_before_normalization
BHR,Bahrain,AI cluster evidence,epoch_power_mw_sum,epoch_power_mw_sum,0.0,MW,0.0,fillna->0; log1p min-max normalized,higher=stronger,0.05,global_token_compute_side_validation_panel_2024_no_mrio,project-local-derived-table,2024,0,fillna_to_zero_before_normalization
BHR,Bahrain,capacity prior,ai_accelerator_region_count,ai_accelerator_region_count,1.0,count,0.21810429198553155,fillna->0; log1p min-max normalized,higher=stronger,0.2,global_token_compute_side_validation_panel_2024_no_mrio,project-local-derived-table,2024,0,fillna_to_zero_before_normalization
BHR,Bahrain,capacity prior,ai_compute_capacity_score,ai_compute_capacity_score,2.5,score,0.011643266534310123,fillna->0; linear min-max normalized,higher=stronger,0.35,global_token_compute_side_validation_panel_2024_no_mrio,project-local-derived-table,2024,0,fillna_to_zero_before_normalization
BHR,Bahrain,capacity prior,cloud_region_count,cloud_region_count,1,count,0.0,fillna->0; log1p min-max normalized,higher=stronger,0.15,global_token_compute_side_validation_panel_2024_no_mrio,project-local-derived-table,2024,0,fillna_to_zero_before_normalization
BHR,Bahrain,capacity prior,frontier_accelerator_region_count,frontier_accelerator_region_count,0.0,count,0.0,fillna->0; log1p min-max normalized,higher=stronger,0.2,global_token_compute_side_validation_panel_2024_no_mrio,project-local-derived-table,2024,0,fillna_to_zero_before_normalization
BHR,Bahrain,cloud GPU regions,cloud_gpu_region_evidence_count,cloud_gpu_region_evidence_count,1.0,count,0.21810429198553155,fillna->0; log1p min-max normalized,higher=stronger,0.1,global_token_compute_side_validation_panel_2024_no_mrio,project-local-derived-table,2024,0,fillna_to_zero_before_normalization
BHR,Bahrain,data-center footprint,osm_strict_data_center_count,osm_strict_data_center_count,0.0,count,0.0,fillna->0; log1p min-max normalized,higher=stronger,0.1,global_token_compute_side_validation_panel_2024_no_mrio,project-local-derived-table,2024,0,fillna_to_zero_before_normalization
BHR,Bahrain,direct measured AI load gate,measured_ai_load_available,measured_ai_load_available,False,binary,0.0,boolean identity,higher=stronger,0.0,global_token_compute_side_validation_panel_2024_no_mrio,project-local-derived-table,2024,0,no_imputation_boolean_gate
BHR,Bahrain,hyperscale MW,accelerator_count_mixed_for_score,accelerator_count_mixed_for_score,0.0,count,0.0,fillna->0; log1p min-max normalized,higher=stronger,0.15,global_token_compute_side_validation_panel_2024_no_mrio,project-local-derived-table,2024,0,fillna_to_zero_before_normalization
BHR,Bahrain,hyperscale MW,countable_project_capacity_mw,countable_project_capacity_mw,0.0,MW,0.0,fillna->0; log1p min-max normalized,higher=stronger,0.25,global_token_compute_side_validation_panel_2024_no_mrio,project-local-derived-table,2024,0,fillna_to_zero_before_normalization
BHR,Bahrain,hyperscale MW,hyperscale_project_row_count,hyperscale_project_row_count,0.0,count,0.0,fillna->0; log1p min-max normalized,higher=stronger,0.15,global_token_compute_side_validation_panel_2024_no_mrio,project-local-derived-table,2024,0,fillna_to_zero_before_normalization
BHR,Bahrain,public load/capacity,load_capacity_proxy_mw,load_capacity_proxy_mw,0.0,MW,0.0,fillna->0; log1p min-max normalized,higher=stronger,0.1,global_token_compute_side_validation_panel_2024_no_mrio,project-local-derived-table,2024,0,fillna_to_zero_before_normalization
BHR,Bahrain,public load/capacity,public_load_envelope_twh_mid,public_load_envelope_twh_mid,0.0,TWh,0.0,fillna->0; log1p min-max normalized,higher=stronger,0.15,global_token_compute_side_validation_panel_2024_no_mrio,project-local-derived-table,2024,0,fillna_to_zero_before_normalization
BRA,Brazil,AI cluster evidence,epoch_h100_equiv_sum,epoch_h100_equiv_sum,1251.6826680325817,H100-equivalent count,0.5080715254153326,fillna->0; log1p min-max normalized,higher=stronger,0.05,global_token_compute_side_validation_panel_2024_no_mrio,project-local-derived-table,2024,0,fillna_to_zero_before_normalization
BRA,Brazil,AI cluster evidence,epoch_power_mw_sum,epoch_power_mw_sum,7.265969600000001,MW,0.2775223891968371,fillna->0; log1p min-max normalized,higher=stronger,0.05,global_token_compute_side_validation_panel_2024_no_mrio,project-local-derived-table,2024,0,fillna_to_zero_before_normalization
BRA,Brazil,capacity prior,ai_accelerator_region_count,ai_accelerator_region_count,3.0,count,0.4362085839710631,fillna->0; log1p min-max normalized,higher=stronger,0.2,global_token_compute_side_validation_panel_2024_no_mrio,project-local-derived-table,2024,0,fillna_to_zero_before_normalization
BRA,Brazil,capacity prior,ai_compute_capacity_score,ai_compute_capacity_score,14.55209026575444,score,0.14182648584026308,fillna->0; linear min-max normalized,higher=stronger,0.35,global_token_compute_side_validation_panel_2024_no_mrio,project-local-derived-table,2024,0,fillna_to_zero_before_normalization
BRA,Brazil,capacity prior,cloud_region_count,cloud_region_count,6,count,0.4254674582694258,fillna->0; log1p min-max normalized,higher=stronger,0.15,global_token_compute_side_validation_panel_2024_no_mrio,project-local-derived-table,2024,0,fillna_to_zero_before_normalization
BRA,Brazil,capacity prior,frontier_accelerator_region_count,frontier_accelerator_region_count,1.0,count,0.26264953503719357,fillna->0; log1p min-max normalized,higher=stronger,0.2,global_token_compute_side_validation_panel_2024_no_mrio,project-local-derived-table,2024,0,fillna_to_zero_before_normalization
BRA,Brazil,cloud GPU regions,cloud_gpu_region_evidence_count,cloud_gpu_region_evidence_count,3.0,count,0.4362085839710631,fillna->0; log1p min-max normalized,higher=stronger,0.1,global_token_compute_side_validation_panel_2024_no_mrio,project-local-derived-table,2024,0,fillna_to_zero_before_normalization
BRA,Brazil,data-center footprint,osm_strict_data_center_count,osm_strict_data_center_count,56.0,count,0.552090265754441,fillna->0; log1p min-max normalized,higher=stronger,0.1,global_token_compute_side_validation_panel_2024_no_mrio,project-local-derived-table,2024,0,fillna_to_zero_before_normalization
BRA,Brazil,direct measured AI load gate,measured_ai_load_available,measured_ai_load_available,False,binary,0.0,boolean identity,higher=stronger,0.0,global_token_compute_side_validation_panel_2024_no_mrio,project-local-derived-table,2024,0,no_imputation_boolean_gate
BRA,Brazil,hyperscale MW,accelerator_count_mixed_for_score,accelerator_count_mixed_for_score,0.0,count,0.0,fillna->0; log1p min-max normalized,higher=stronger,0.15,global_token_compute_side_validation_panel_2024_no_mrio,project-local-derived-table,2024,0,fillna_to_zero_before_normalization
BRA,Brazil,hyperscale MW,countable_project_capacity_mw,countable_project_capacity_mw,0.0,MW,0.0,fillna->0; log1p min-max normalized,higher=stronger,0.25,global_token_compute_side_validation_panel_2024_no_mrio,project-local-derived-table,2024,0,fillna_to_zero_before_normalization
BRA,Brazil,hyperscale MW,hyperscale_project_row_count,hyperscale_project_row_count,0.0,count,0.0,fillna->0; log1p min-max normalized,higher=stronger,0.15,global_token_compute_side_validation_panel_2024_no_mrio,project-local-derived-table,2024,0,fillna_to_zero_before_normalization
BRA,Brazil,public load/capacity,load_capacity_proxy_mw,load_capacity_proxy_mw,0.0,MW,0.0,fillna->0; log1p min-max normalized,higher=stronger,0.1,global_token_compute_side_validation_panel_2024_no_mrio,project-local-derived-table,2024,0,fillna_to_zero_before_normalization
BRA,Brazil,public load/capacity,public_load_envelope_twh_mid,public_load_envelope_twh_mid,0.0,TWh,0.0,fillna->0; log1p min-max normalized,higher=stronger,0.15,global_token_compute_side_validation_panel_2024_no_mrio,project-local-derived-table,2024,0,fillna_to_zero_before_normalization
CAN,Canada,AI cluster evidence,epoch_h100_equiv_sum,epoch_h100_equiv_sum,3108.5032845328747,H100-equivalent count,0.5728301791387214,fillna->0; log1p min-max normalized,higher=stronger,0.05,global_token_compute_side_validation_panel_2024_no_mrio,project-local-derived-table,2024,0,fillna_to_zero_before_normalization
CAN,Canada,AI cluster evidence,epoch_power_mw_sum,epoch_power_mw_sum,5.52862464,MW,0.24651999607133998,fillna->0; log1p min-max normalized,higher=stronger,0.05,global_token_compute_side_validation_panel_2024_no_mrio,project-local-derived-table,2024,0,fillna_to_zero_before_normalization
CAN,Canada,capacity prior,ai_accelerator_region_count,ai_accelerator_region_count,5.0,count,0.5637914160289369,fillna->0; log1p min-max normalized,higher=stronger,0.2,global_token_compute_side_validation_panel_2024_no_mrio,project-local-derived-table,2024,0,fillna_to_zero_before_normalization
CAN,Canada,capacity prior,ai_compute_capacity_score,ai_compute_capacity_score,20.108253920032112,score,0.20184257064837974,fillna->0; linear min-max normalized,higher=stronger,0.35,global_token_compute_side_validation_panel_2024_no_mrio,project-local-derived-table,2024,0,fillna_to_zero_before_normalization
CAN,Canada,capacity prior,cloud_region_count,cloud_region_count,7,count,0.47081782673327643,fillna->0; log1p min-max normalized,higher=stronger,0.15,global_token_compute_side_validation_panel_2024_no_mrio,project-local-derived-table,2024,0,fillna_to_zero_before_normalization
CAN,Canada,capacity prior,frontier_accelerator_region_count,frontier_accelerator_region_count,2.0,count,0.4162896638657993,fillna->0; log1p min-max normalized,higher=stronger,0.2,global_token_compute_side_validation_panel_2024_no_mrio,project-local-derived-table,2024,0,fillna_to_zero_before_normalization
CAN,Canada,cloud GPU regions,cloud_gpu_region_evidence_count,cloud_gpu_region_evidence_count,5.0,count,0.5637914160289369,fillna->0; log1p min-max normalized,higher=stronger,0.1,global_token_compute_side_validation_panel_2024_no_mrio,project-local-derived-table,2024,0,fillna_to_zero_before_normalization
CAN,Canada,data-center footprint,osm_strict_data_center_count,osm_strict_data_center_count,85.0,count,0.6082539200321142,fillna->0; log1p min-max normalized,higher=stronger,0.1,global_token_compute_side_validation_panel_2024_no_mrio,project-local-derived-table,2024,0,fillna_to_zero_before_normalization
CAN,Canada,direct measured AI load gate,measured_ai_load_available,measured_ai_load_available,False,binary,0.0,boolean identity,higher=stronger,0.0,global_token_compute_side_validation_panel_2024_no_mrio,project-local-derived-table,2024,0,no_imputation_boolean_gate
CAN,Canada,hyperscale MW,accelerator_count_mixed_for_score,accelerator_count_mixed_for_score,0.0,count,0.0,fillna->0; log1p min-max normalized,higher=stronger,0.15,global_token_compute_side_validation_panel_2024_no_mrio,project-local-derived-table,2024,0,fillna_to_zero_before_normalization
CAN,Canada,hyperscale MW,countable_project_capacity_mw,countable_project_capacity_mw,0.0,MW,0.0,fillna->0; log1p min-max normalized,higher=stronger,0.25,global_token_compute_side_validation_panel_2024_no_mrio,project-local-derived-table,2024,0,fillna_to_zero_before_normalization
CAN,Canada,hyperscale MW,hyperscale_project_row_count,hyperscale_project_row_count,0.0,count,0.0,fillna->0; log1p min-max normalized,higher=stronger,0.15,global_token_compute_side_validation_panel_2024_no_mrio,project-local-derived-table,2024,0,fillna_to_zero_before_normalization
CAN,Canada,public load/capacity,load_capacity_proxy_mw,load_capacity_proxy_mw,0.0,MW,0.0,fillna->0; log1p min-max normalized,higher=stronger,0.1,global_token_compute_side_validation_panel_2024_no_mrio,project-local-derived-table,2024,0,fillna_to_zero_before_normalization
CAN,Canada,public load/capacity,public_load_envelope_twh_mid,public_load_envelope_twh_mid,0.0,TWh,0.0,fillna->0; log1p min-max normalized,higher=stronger,0.15,global_token_compute_side_validation_panel_2024_no_mrio,project-local-derived-table,2024,0,fillna_to_zero_before_normalization
CHE,Switzerland,AI cluster evidence,epoch_h100_equiv_sum,epoch_h100_equiv_sum,17236.17038933913,H100-equivalent count,0.6948154157788454,fillna->0; log1p min-max normalized,higher=stronger,0.05,global_token_compute_side_validation_panel_2024_no_mrio,project-local-derived-table,2024,0,fillna_to_zero_before_normalization
CHE,Switzerland,AI cluster evidence,epoch_power_mw_sum,epoch_power_mw_sum,30.660237760000005,MW,0.4539726272394629,fillna->0; log1p min-max normalized,higher=stronger,0.05,global_token_compute_side_validation_panel_2024_no_mrio,project-local-derived-table,2024,0,fillna_to_zero_before_normalization
CHE,Switzerland,capacity prior,ai_accelerator_region_count,ai_accelerator_region_count,4.0,count,0.5064224831767222,fillna->0; log1p min-max normalized,higher=stronger,0.2,global_token_compute_side_validation_panel_2024_no_mrio,project-local-derived-table,2024,0,fillna_to_zero_before_normalization
CHE,Switzerland,capacity prior,ai_compute_capacity_score,ai_compute_capacity_score,12.468920818146582,score,0.11932468747421689,fillna->0; linear min-max normalized,higher=stronger,0.35,global_token_compute_side_validation_panel_2024_no_mrio,project-local-derived-table,2024,0,fillna_to_zero_before_normalization
CHE,Switzerland,capacity prior,cloud_region_count,cloud_region_count,5,count,0.3731143000216369,fillna->0; log1p min-max normalized,higher=stronger,0.15,global_token_compute_side_validation_panel_2024_no_mrio,project-local-derived-table,2024,0,fillna_to_zero_before_normalization
CHE,Switzerland,capacity prior,frontier_accelerator_region_count,frontier_accelerator_region_count,0.0,count,0.0,fillna->0; log1p min-max normalized,higher=stronger,0.2,global_token_compute_side_validation_panel_2024_no_mrio,project-local-derived-table,2024,0,fillna_to_zero_before_normalization
CHE,Switzerland,cloud GPU regions,cloud_gpu_region_evidence_count,cloud_gpu_region_evidence_count,4.0,count,0.5064224831767222,fillna->0; log1p min-max normalized,higher=stronger,0.1,global_token_compute_side_validation_panel_2024_no_mrio,project-local-derived-table,2024,0,fillna_to_zero_before_normalization
CHE,Switzerland,data-center footprint,osm_strict_data_center_count,osm_strict_data_center_count,30.0,count,0.4689208181465823,fillna->0; log1p min-max normalized,higher=stronger,0.1,global_token_compute_side_validation_panel_2024_no_mrio,project-local-derived-table,2024,0,fillna_to_zero_before_normalization
CHE,Switzerland,direct measured AI load gate,measured_ai_load_available,measured_ai_load_available,False,binary,0.0,boolean identity,higher=stronger,0.0,global_token_compute_side_validation_panel_2024_no_mrio,project-local-derived-table,2024,0,no_imputation_boolean_gate
CHE,Switzerland,hyperscale MW,accelerator_count_mixed_for_score,accelerator_count_mixed_for_score,0.0,count,0.0,fillna->0; log1p min-max normalized,higher=stronger,0.15,global_token_compute_side_validation_panel_2024_no_mrio,project-local-derived-table,2024,0,fillna_to_zero_before_normalization
CHE,Switzerland,hyperscale MW,countable_project_capacity_mw,countable_project_capacity_mw,0.0,MW,0.0,fillna->0; log1p min-max normalized,higher=stronger,0.25,global_token_compute_side_validation_panel_2024_no_mrio,project-local-derived-table,2024,0,fillna_to_zero_before_normalization
CHE,Switzerland,hyperscale MW,hyperscale_project_row_count,hyperscale_project_row_count,0.0,count,0.0,fillna->0; log1p min-max normalized,higher=stronger,0.15,global_token_compute_side_validation_panel_2024_no_mrio,project-local-derived-table,2024,0,fillna_to_zero_before_normalization
CHE,Switzerland,public load/capacity,load_capacity_proxy_mw,load_capacity_proxy_mw,0.0,MW,0.0,fillna->0; log1p min-max normalized,higher=stronger,0.1,global_token_compute_side_validation_panel_2024_no_mrio,project-local-derived-table,2024,0,fillna_to_zero_before_normalization
CHE,Switzerland,public load/capacity,public_load_envelope_twh_mid,public_load_envelope_twh_mid,0.0,TWh,0.0,fillna->0; log1p min-max normalized,higher=stronger,0.15,global_token_compute_side_validation_panel_2024_no_mrio,project-local-derived-table,2024,0,fillna_to_zero_before_normalization
CHL,Chile,AI cluster evidence,epoch_h100_equiv_sum,epoch_h100_equiv_sum,0.0,H100-equivalent count,0.0,fillna->0; log1p min-max normalized,higher=stronger,0.05,global_token_compute_side_validation_panel_2024_no_mrio,project-local-derived-table,2024,0,fillna_to_zero_before_normalization
CHL,Chile,AI cluster evidence,epoch_power_mw_sum,epoch_power_mw_sum,0.0,MW,0.0,fillna->0; log1p min-max normalized,higher=stronger,0.05,global_token_compute_side_validation_panel_2024_no_mrio,project-local-derived-table,2024,0,fillna_to_zero_before_normalization
CHL,Chile,capacity prior,ai_accelerator_region_count,ai_accelerator_region_count,0.0,count,0.0,fillna->0; log1p min-max normalized,higher=stronger,0.2,global_token_compute_side_validation_panel_2024_no_mrio,project-local-derived-table,2024,0,fillna_to_zero_before_normalization
CHL,Chile,capacity prior,ai_compute_capacity_score,ai_compute_capacity_score,1.4220907271469918,score,0.0,fillna->0; linear min-max normalized,higher=stronger,0.35,global_token_compute_side_validation_panel_2024_no_mrio,project-local-derived-table,2024,0,fillna_to_zero_before_normalization
CHL,Chile,capacity prior,cloud_region_count,cloud_region_count,1,count,0.0,fillna->0; log1p min-max normalized,higher=stronger,0.15,global_token_compute_side_validation_panel_2024_no_mrio,project-local-derived-table,2024,0,fillna_to_zero_before_normalization
CHL,Chile,capacity prior,frontier_accelerator_region_count,frontier_accelerator_region_count,0.0,count,0.0,fillna->0; log1p min-max normalized,higher=stronger,0.2,global_token_compute_side_validation_panel_2024_no_mrio,project-local-derived-table,2024,0,fillna_to_zero_before_normalization
CHL,Chile,cloud GPU regions,cloud_gpu_region_evidence_count,cloud_gpu_region_evidence_count,0.0,count,0.0,fillna->0; log1p min-max normalized,higher=stronger,0.1,global_token_compute_side_validation_panel_2024_no_mrio,project-local-derived-table,2024,0,fillna_to_zero_before_normalization
CHL,Chile,data-center footprint,osm_strict_data_center_count,osm_strict_data_center_count,21.0,count,0.4220907271469917,fillna->0; log1p min-max normalized,higher=stronger,0.1,global_token_compute_side_validation_panel_2024_no_mrio,project-local-derived-table,2024,0,fillna_to_zero_before_normalization
CHL,Chile,direct measured AI load gate,measured_ai_load_available,measured_ai_load_available,False,binary,0.0,boolean identity,higher=stronger,0.0,global_token_compute_side_validation_panel_2024_no_mrio,project-local-derived-table,2024,0,no_imputation_boolean_gate
CHL,Chile,hyperscale MW,accelerator_count_mixed_for_score,accelerator_count_mixed_for_score,0.0,count,0.0,fillna->0; log1p min-max normalized,higher=stronger,0.15,global_token_compute_side_validation_panel_2024_no_mrio,project-local-derived-table,2024,0,fillna_to_zero_before_normalization
CHL,Chile,hyperscale MW,countable_project_capacity_mw,countable_project_capacity_mw,0.0,MW,0.0,fillna->0; log1p min-max normalized,higher=stronger,0.25,global_token_compute_side_validation_panel_2024_no_mrio,project-local-derived-table,2024,0,fillna_to_zero_before_normalization
CHL,Chile,hyperscale MW,hyperscale_project_row_count,hyperscale_project_row_count,0.0,count,0.0,fillna->0; log1p min-max normalized,higher=stronger,0.15,global_token_compute_side_validation_panel_2024_no_mrio,project-local-derived-table,2024,0,fillna_to_zero_before_normalization
CHL,Chile,public load/capacity,load_capacity_proxy_mw,load_capacity_proxy_mw,0.0,MW,0.0,fillna->0; log1p min-max normalized,higher=stronger,0.1,global_token_compute_side_validation_panel_2024_no_mrio,project-local-derived-table,2024,0,fillna_to_zero_before_normalization
CHL,Chile,public load/capacity,public_load_envelope_twh_mid,public_load_envelope_twh_mid,0.0,TWh,0.0,fillna->0; log1p min-max normalized,higher=stronger,0.15,global_token_compute_side_validation_panel_2024_no_mrio,project-local-derived-table,2024,0,fillna_to_zero_before_normalization
CHN,China,AI cluster evidence,epoch_h100_equiv_sum,epoch_h100_equiv_sum,109411.0,H100-equivalent count,0.8264482788372287,fillna->0; log1p min-max normalized,higher=stronger,0.05,global_token_compute_side_validation_panel_2024_no_mrio,project-local-derived-table,2024,0,fillna_to_zero_before_normalization
CHN,China,AI cluster evidence,epoch_power_mw_sum,epoch_power_mw_sum,306.9,MW,0.7528551913858595,fillna->0; log1p min-max normalized,higher=stronger,0.05,global_token_compute_side_validation_panel_2024_no_mrio,project-local-derived-table,2024,0,fillna_to_zero_before_normalization
CHN,China,capacity prior,ai_accelerator_region_count,ai_accelerator_region_count,2.0,count,0.34568712404340535,fillna->0; log1p min-max normalized,higher=stronger,0.2,global_token_compute_side_validation_panel_2024_no_mrio,project-local-derived-table,2024,0,fillna_to_zero_before_normalization
CHN,China,capacity prior,ai_compute_capacity_score,ai_compute_capacity_score,5.150288531869034,score,0.04027092244796758,fillna->0; linear min-max normalized,higher=stronger,0.35,global_token_compute_side_validation_panel_2024_no_mrio,project-local-derived-table,2024,0,fillna_to_zero_before_normalization
CHN,China,capacity prior,cloud_region_count,cloud_region_count,2,count,0.13770538665499876,fillna->0; log1p min-max normalized,higher=stronger,0.15,global_token_compute_side_validation_panel_2024_no_mrio,project-local-derived-table,2024,0,fillna_to_zero_before_normalization
CHN,China,capacity prior,frontier_accelerator_region_count,frontier_accelerator_region_count,0.0,count,0.0,fillna->0; log1p min-max normalized,higher=stronger,0.2,global_token_compute_side_validation_panel_2024_no_mrio,project-local-derived-table,2024,0,fillna_to_zero_before_normalization
CHN,China,cloud GPU regions,cloud_gpu_region_evidence_count,cloud_gpu_region_evidence_count,2.0,count,0.34568712404340535,fillna->0; log1p min-max normalized,higher=stronger,0.1,global_token_compute_side_validation_panel_2024_no_mrio,project-local-derived-table,2024,0,fillna_to_zero_before_normalization
CHN,China,data-center footprint,osm_strict_data_center_count,osm_strict_data_center_count,116.0,count,0.6502885318690337,fillna->0; log1p min-max normalized,higher=stronger,0.1,global_token_compute_side_validation_panel_2024_no_mrio,project-local-derived-table,2024,0,fillna_to_zero_before_normalization
CHN,China,direct measured AI load gate,measured_ai_load_available,measured_ai_load_available,False,binary,0.0,boolean identity,higher=stronger,0.0,global_token_compute_side_validation_panel_2024_no_mrio,project-local-derived-table,2024,0,no_imputation_boolean_gate
CHN,China,hyperscale MW,accelerator_count_mixed_for_score,accelerator_count_mixed_for_score,0.0,count,0.0,fillna->0; log1p min-max normalized,higher=stronger,0.15,global_token_compute_side_validation_panel_2024_no_mrio,project-local-derived-table,2024,0,fillna_to_zero_before_normalization
CHN,China,hyperscale MW,countable_project_capacity_mw,countable_project_capacity_mw,0.0,MW,0.0,fillna->0; log1p min-max normalized,higher=stronger,0.25,global_token_compute_side_validation_panel_2024_no_mrio,project-local-derived-table,2024,0,fillna_to_zero_before_normalization
CHN,China,hyperscale MW,hyperscale_project_row_count,hyperscale_project_row_count,0.0,count,0.0,fillna->0; log1p min-max normalized,higher=stronger,0.15,global_token_compute_side_validation_panel_2024_no_mrio,project-local-derived-table,2024,0,fillna_to_zero_before_normalization
CHN,China,public load/capacity,load_capacity_proxy_mw,load_capacity_proxy_mw,0.0,MW,0.0,fillna->0; log1p min-max normalized,higher=stronger,0.1,global_token_compute_side_validation_panel_2024_no_mrio,project-local-derived-table,2024,0,fillna_to_zero_before_normalization
CHN,China,public load/capacity,public_load_envelope_twh_mid,public_load_envelope_twh_mid,0.0,TWh,0.0,fillna->0; log1p min-max normalized,higher=stronger,0.15,global_token_compute_side_validation_panel_2024_no_mrio,project-local-derived-table,2024,0,fillna_to_zero_before_normalization
DEU,Germany,AI cluster evidence,epoch_h100_equiv_sum,epoch_h100_equiv_sum,26049.972713875184,H100-equivalent count,0.7242316043656492,fillna->0; log1p min-max normalized,higher=stronger,0.05,global_token_compute_side_validation_panel_2024_no_mrio,project-local-derived-table,2024,0,fillna_to_zero_before_normalization
DEU,Germany,AI cluster evidence,epoch_power_mw_sum,epoch_power_mw_sum,40.26977424,MW,0.48880094548573355,fillna->0; log1p min-max normalized,higher=stronger,0.05,global_token_compute_side_validation_panel_2024_no_mrio,project-local-derived-table,2024,0,fillna_to_zero_before_normalization
DEU,Germany,capacity prior,ai_accelerator_region_count,ai_accelerator_region_count,5.0,count,0.5637914160289369,fillna->0; log1p min-max normalized,higher=stronger,0.2,global_token_compute_side_validation_panel_2024_no_mrio,project-local-derived-table,2024,0,fillna_to_zero_before_normalization
DEU,Germany,capacity prior,ai_compute_capacity_score,ai_compute_capacity_score,18.7747085908117,score,0.18743799681759596,fillna->0; linear min-max normalized,higher=stronger,0.35,global_token_compute_side_validation_panel_2024_no_mrio,project-local-derived-table,2024,0,fillna_to_zero_before_normalization
DEU,Germany,capacity prior,cloud_region_count,cloud_region_count,6,count,0.4254674582694258,fillna->0; log1p min-max normalized,higher=stronger,0.15,global_token_compute_side_validation_panel_2024_no_mrio,project-local-derived-table,2024,0,fillna_to_zero_before_normalization
DEU,Germany,capacity prior,frontier_accelerator_region_count,frontier_accelerator_region_count,2.0,count,0.4162896638657993,fillna->0; log1p min-max normalized,higher=stronger,0.2,global_token_compute_side_validation_panel_2024_no_mrio,project-local-derived-table,2024,0,fillna_to_zero_before_normalization
DEU,Germany,cloud GPU regions,cloud_gpu_region_evidence_count,cloud_gpu_region_evidence_count,5.0,count,0.5637914160289369,fillna->0; log1p min-max normalized,higher=stronger,0.1,global_token_compute_side_validation_panel_2024_no_mrio,project-local-derived-table,2024,0,fillna_to_zero_before_normalization
DEU,Germany,data-center footprint,osm_strict_data_center_count,osm_strict_data_center_count,290.0,count,0.7747085908117003,fillna->0; log1p min-max normalized,higher=stronger,0.1,global_token_compute_side_validation_panel_2024_no_mrio,project-local-derived-table,2024,0,fillna_to_zero_before_normalization
DEU,Germany,direct measured AI load gate,measured_ai_load_available,measured_ai_load_available,False,binary,0.0,boolean identity,higher=stronger,0.0,global_token_compute_side_validation_panel_2024_no_mrio,project-local-derived-table,2024,0,no_imputation_boolean_gate
DEU,Germany,hyperscale MW,accelerator_count_mixed_for_score,accelerator_count_mixed_for_score,0.0,count,0.0,fillna->0; log1p min-max normalized,higher=stronger,0.15,global_token_compute_side_validation_panel_2024_no_mrio,project-local-derived-table,2024,0,fillna_to_zero_before_normalization
DEU,Germany,hyperscale MW,countable_project_capacity_mw,countable_project_capacity_mw,0.0,MW,0.0,fillna->0; log1p min-max normalized,higher=stronger,0.25,global_token_compute_side_validation_panel_2024_no_mrio,project-local-derived-table,2024,0,fillna_to_zero_before_normalization
DEU,Germany,hyperscale MW,hyperscale_project_row_count,hyperscale_project_row_count,0.0,count,0.0,fillna->0; log1p min-max normalized,higher=stronger,0.15,global_token_compute_side_validation_panel_2024_no_mrio,project-local-derived-table,2024,0,fillna_to_zero_before_normalization
DEU,Germany,public load/capacity,load_capacity_proxy_mw,load_capacity_proxy_mw,0.0,MW,0.0,fillna->0; log1p min-max normalized,higher=stronger,0.1,global_token_compute_side_validation_panel_2024_no_mrio,project-local-derived-table,2024,0,fillna_to_zero_before_normalization
DEU,Germany,public load/capacity,public_load_envelope_twh_mid,public_load_envelope_twh_mid,0.0,TWh,0.0,fillna->0; log1p min-max normalized,higher=stronger,0.15,global_token_compute_side_validation_panel_2024_no_mrio,project-local-derived-table,2024,0,fillna_to_zero_before_normalization
ESP,Spain,AI cluster evidence,epoch_h100_equiv_sum,epoch_h100_equiv_sum,4480.000000065971,H100-equivalent count,0.5988556535109215,fillna->0; log1p min-max normalized,higher=stronger,0.05,global_token_compute_side_validation_panel_2024_no_mrio,project-local-derived-table,2024,0,fillna_to_zero_before_normalization
ESP,Spain,AI cluster evidence,epoch_power_mw_sum,epoch_power_mw_sum,6.5065728,MW,0.2648602567954277,fillna->0; log1p min-max normalized,higher=stronger,0.05,global_token_compute_side_validation_panel_2024_no_mrio,project-local-derived-table,2024,0,fillna_to_zero_before_normalization
ESP,Spain,capacity prior,ai_accelerator_region_count,ai_accelerator_region_count,2.0,count,0.34568712404340535,fillna->0; log1p min-max normalized,higher=stronger,0.2,global_token_compute_side_validation_panel_2024_no_mrio,project-local-derived-table,2024,0,fillna_to_zero_before_normalization
ESP,Spain,capacity prior,ai_compute_capacity_score,ai_compute_capacity_score,9.468920818146582,score,0.08691954867206311,fillna->0; linear min-max normalized,higher=stronger,0.35,global_token_compute_side_validation_panel_2024_no_mrio,project-local-derived-table,2024,0,fillna_to_zero_before_normalization
ESP,Spain,capacity prior,cloud_region_count,cloud_region_count,3,count,0.23540891336663824,fillna->0; log1p min-max normalized,higher=stronger,0.15,global_token_compute_side_validation_panel_2024_no_mrio,project-local-derived-table,2024,0,fillna_to_zero_before_normalization
ESP,Spain,capacity prior,frontier_accelerator_region_count,frontier_accelerator_region_count,1.0,count,0.26264953503719357,fillna->0; log1p min-max normalized,higher=stronger,0.2,global_token_compute_side_validation_panel_2024_no_mrio,project-local-derived-table,2024,0,fillna_to_zero_before_normalization
ESP,Spain,cloud GPU regions,cloud_gpu_region_evidence_count,cloud_gpu_region_evidence_count,2.0,count,0.34568712404340535,fillna->0; log1p min-max normalized,higher=stronger,0.1,global_token_compute_side_validation_panel_2024_no_mrio,project-local-derived-table,2024,0,fillna_to_zero_before_normalization
ESP,Spain,data-center footprint,osm_strict_data_center_count,osm_strict_data_center_count,30.0,count,0.4689208181465823,fillna->0; log1p min-max normalized,higher=stronger,0.1,global_token_compute_side_validation_panel_2024_no_mrio,project-local-derived-table,2024,0,fillna_to_zero_before_normalization
ESP,Spain,direct measured AI load gate,measured_ai_load_available,measured_ai_load_available,False,binary,0.0,boolean identity,higher=stronger,0.0,global_token_compute_side_validation_panel_2024_no_mrio,project-local-derived-table,2024,0,no_imputation_boolean_gate
ESP,Spain,hyperscale MW,accelerator_count_mixed_for_score,accelerator_count_mixed_for_score,0.0,count,0.0,fillna->0; log1p min-max normalized,higher=stronger,0.15,global_token_compute_side_validation_panel_2024_no_mrio,project-local-derived-table,2024,0,fillna_to_zero_before_normalization
ESP,Spain,hyperscale MW,countable_project_capacity_mw,countable_project_capacity_mw,0.0,MW,0.0,fillna->0; log1p min-max normalized,higher=stronger,0.25,global_token_compute_side_validation_panel_2024_no_mrio,project-local-derived-table,2024,0,fillna_to_zero_before_normalization
ESP,Spain,hyperscale MW,hyperscale_project_row_count,hyperscale_project_row_count,0.0,count,0.0,fillna->0; log1p min-max normalized,higher=stronger,0.15,global_token_compute_side_validation_panel_2024_no_mrio,project-local-derived-table,2024,0,fillna_to_zero_before_normalization
ESP,Spain,public load/capacity,load_capacity_proxy_mw,load_capacity_proxy_mw,0.0,MW,0.0,fillna->0; log1p min-max normalized,higher=stronger,0.1,global_token_compute_side_validation_panel_2024_no_mrio,project-local-derived-table,2024,0,fillna_to_zero_before_normalization
ESP,Spain,public load/capacity,public_load_envelope_twh_mid,public_load_envelope_twh_mid,0.0,TWh,0.0,fillna->0; log1p min-max normalized,higher=stronger,0.15,global_token_compute_side_validation_panel_2024_no_mrio,project-local-derived-table,2024,0,fillna_to_zero_before_normalization
FIN,Finland,AI cluster evidence,epoch_h100_equiv_sum,epoch_h100_equiv_sum,11845.566447875275,H100-equivalent count,0.6681028196359206,fillna->0; log1p min-max normalized,higher=stronger,0.05,global_token_compute_side_validation_panel_2024_no_mrio,project-local-derived-table,2024,0,fillna_to_zero_before_normalization
FIN,Finland,AI cluster evidence,epoch_power_mw_sum,epoch_power_mw_sum,26.5569048,MW,0.4357341016969755,fillna->0; log1p min-max normalized,higher=stronger,0.05,global_token_compute_side_validation_panel_2024_no_mrio,project-local-derived-table,2024,0,fillna_to_zero_before_normalization
FIN,Finland,capacity prior,ai_accelerator_region_count,ai_accelerator_region_count,1.0,count,0.21810429198553155,fillna->0; log1p min-max normalized,higher=stronger,0.2,global_token_compute_side_validation_panel_2024_no_mrio,project-local-derived-table,2024,0,fillna_to_zero_before_normalization
FIN,Finland,capacity prior,ai_compute_capacity_score,ai_compute_capacity_score,5.455022098830843,score,0.04356256695965853,fillna->0; linear min-max normalized,higher=stronger,0.35,global_token_compute_side_validation_panel_2024_no_mrio,project-local-derived-table,2024,0,fillna_to_zero_before_normalization
FIN,Finland,capacity prior,cloud_region_count,cloud_region_count,1,count,0.0,fillna->0; log1p min-max normalized,higher=stronger,0.15,global_token_compute_side_validation_panel_2024_no_mrio,project-local-derived-table,2024,0,fillna_to_zero_before_normalization
FIN,Finland,capacity prior,frontier_accelerator_region_count,frontier_accelerator_region_count,1.0,count,0.26264953503719357,fillna->0; log1p min-max normalized,higher=stronger,0.2,global_token_compute_side_validation_panel_2024_no_mrio,project-local-derived-table,2024,0,fillna_to_zero_before_normalization
FIN,Finland,cloud GPU regions,cloud_gpu_region_evidence_count,cloud_gpu_region_evidence_count,1.0,count,0.21810429198553155,fillna->0; log1p min-max normalized,higher=stronger,0.1,global_token_compute_side_validation_panel_2024_no_mrio,project-local-derived-table,2024,0,fillna_to_zero_before_normalization
FIN,Finland,data-center footprint,osm_strict_data_center_count,osm_strict_data_center_count,27.0,count,0.4550220988308423,fillna->0; log1p min-max normalized,higher=stronger,0.1,global_token_compute_side_validation_panel_2024_no_mrio,project-local-derived-table,2024,0,fillna_to_zero_before_normalization
FIN,Finland,direct measured AI load gate,measured_ai_load_available,measured_ai_load_available,False,binary,0.0,boolean identity,higher=stronger,0.0,global_token_compute_side_validation_panel_2024_no_mrio,project-local-derived-table,2024,0,no_imputation_boolean_gate
FIN,Finland,hyperscale MW,accelerator_count_mixed_for_score,accelerator_count_mixed_for_score,0.0,count,0.0,fillna->0; log1p min-max normalized,higher=stronger,0.15,global_token_compute_side_validation_panel_2024_no_mrio,project-local-derived-table,2024,0,fillna_to_zero_before_normalization
FIN,Finland,hyperscale MW,countable_project_capacity_mw,countable_project_capacity_mw,0.0,MW,0.0,fillna->0; log1p min-max normalized,higher=stronger,0.25,global_token_compute_side_validation_panel_2024_no_mrio,project-local-derived-table,2024,0,fillna_to_zero_before_normalization
FIN,Finland,hyperscale MW,hyperscale_project_row_count,hyperscale_project_row_count,0.0,count,0.0,fillna->0; log1p min-max normalized,higher=stronger,0.15,global_token_compute_side_validation_panel_2024_no_mrio,project-local-derived-table,2024,0,fillna_to_zero_before_normalization
FIN,Finland,public load/capacity,load_capacity_proxy_mw,load_capacity_proxy_mw,0.0,MW,0.0,fillna->0; log1p min-max normalized,higher=stronger,0.1,global_token_compute_side_validation_panel_2024_no_mrio,project-local-derived-table,2024,0,fillna_to_zero_before_normalization
FIN,Finland,public load/capacity,public_load_envelope_twh_mid,public_load_envelope_twh_mid,0.0,TWh,0.0,fillna->0; log1p min-max normalized,higher=stronger,0.15,global_token_compute_side_validation_panel_2024_no_mrio,project-local-derived-table,2024,0,fillna_to_zero_before_normalization
FRA,France,AI cluster evidence,epoch_h100_equiv_sum,epoch_h100_equiv_sum,18403.04800431343,H100-equivalent count,0.6994810215422717,fillna->0; log1p min-max normalized,higher=stronger,0.05,global_token_compute_side_validation_panel_2024_no_mrio,project-local-derived-table,2024,0,fillna_to_zero_before_normalization
FRA,France,AI cluster evidence,epoch_power_mw_sum,epoch_power_mw_sum,33.8798352,MW,0.46669773414827886,fillna->0; log1p min-max normalized,higher=stronger,0.05,global_token_compute_side_validation_panel_2024_no_mrio,project-local-derived-table,2024,0,fillna_to_zero_before_normalization
FRA,France,capacity prior,ai_accelerator_region_count,ai_accelerator_region_count,3.0,count,0.4362085839710631,fillna->0; log1p min-max normalized,higher=stronger,0.2,global_token_compute_side_validation_panel_2024_no_mrio,project-local-derived-table,2024,0,fillna_to_zero_before_normalization
FRA,France,capacity prior,ai_compute_capacity_score,ai_compute_capacity_score,12.804520943010363,score,0.1229497436836272,fillna->0; linear min-max normalized,higher=stronger,0.35,global_token_compute_side_validation_panel_2024_no_mrio,project-local-derived-table,2024,0,fillna_to_zero_before_normalization
FRA,France,capacity prior,cloud_region_count,cloud_region_count,5,count,0.3731143000216369,fillna->0; log1p min-max normalized,higher=stronger,0.15,global_token_compute_side_validation_panel_2024_no_mrio,project-local-derived-table,2024,0,fillna_to_zero_before_normalization
FRA,France,capacity prior,frontier_accelerator_region_count,frontier_accelerator_region_count,1.0,count,0.26264953503719357,fillna->0; log1p min-max normalized,higher=stronger,0.2,global_token_compute_side_validation_panel_2024_no_mrio,project-local-derived-table,2024,0,fillna_to_zero_before_normalization
FRA,France,cloud GPU regions,cloud_gpu_region_evidence_count,cloud_gpu_region_evidence_count,3.0,count,0.4362085839710631,fillna->0; log1p min-max normalized,higher=stronger,0.1,global_token_compute_side_validation_panel_2024_no_mrio,project-local-derived-table,2024,0,fillna_to_zero_before_normalization
FRA,France,data-center footprint,osm_strict_data_center_count,osm_strict_data_center_count,361.0,count,0.804520943010365,fillna->0; log1p min-max normalized,higher=stronger,0.1,global_token_compute_side_validation_panel_2024_no_mrio,project-local-derived-table,2024,0,fillna_to_zero_before_normalization
FRA,France,direct measured AI load gate,measured_ai_load_available,measured_ai_load_available,False,binary,0.0,boolean identity,higher=stronger,0.0,global_token_compute_side_validation_panel_2024_no_mrio,project-local-derived-table,2024,0,no_imputation_boolean_gate
FRA,France,hyperscale MW,accelerator_count_mixed_for_score,accelerator_count_mixed_for_score,18000.0,count,0.7250175848565984,fillna->0; log1p min-max normalized,higher=stronger,0.15,global_token_compute_side_validation_panel_2024_no_mrio,project-local-derived-table,2024,0,fillna_to_zero_before_normalization
FRA,France,hyperscale MW,countable_project_capacity_mw,countable_project_capacity_mw,1440.0,MW,0.896030549828325,fillna->0; log1p min-max normalized,higher=stronger,0.25,global_token_compute_side_validation_panel_2024_no_mrio,project-local-derived-table,2024,0,fillna_to_zero_before_normalization
FRA,France,hyperscale MW,hyperscale_project_row_count,hyperscale_project_row_count,2.0,count,0.4421141086977403,fillna->0; log1p min-max normalized,higher=stronger,0.15,global_token_compute_side_validation_panel_2024_no_mrio,project-local-derived-table,2024,0,fillna_to_zero_before_normalization
FRA,France,public load/capacity,load_capacity_proxy_mw,load_capacity_proxy_mw,1400.0,MW,0.8266508851064164,fillna->0; log1p min-max normalized,higher=stronger,0.1,global_token_compute_side_validation_panel_2024_no_mrio,project-local-derived-table,2024,0,fillna_to_zero_before_normalization
FRA,France,public load/capacity,public_load_envelope_twh_mid,public_load_envelope_twh_mid,9.198,TWh,0.617224008627809,fillna->0; log1p min-max normalized,higher=stronger,0.15,global_token_compute_side_validation_panel_2024_no_mrio,project-local-derived-table,2024,0,fillna_to_zero_before_normalization
GBR,United Kingdom,AI cluster evidence,epoch_h100_equiv_sum,epoch_h100_equiv_sum,0.0,H100-equivalent count,0.0,fillna->0; log1p min-max normalized,higher=stronger,0.05,global_token_compute_side_validation_panel_2024_no_mrio,project-local-derived-table,2024,0,fillna_to_zero_before_normalization
GBR,United Kingdom,AI cluster evidence,epoch_power_mw_sum,epoch_power_mw_sum,0.0,MW,0.0,fillna->0; log1p min-max normalized,higher=stronger,0.05,global_token_compute_side_validation_panel_2024_no_mrio,project-local-derived-table,2024,0,fillna_to_zero_before_normalization
GBR,United Kingdom,capacity prior,ai_accelerator_region_count,ai_accelerator_region_count,4.0,count,0.5064224831767222,fillna->0; log1p min-max normalized,higher=stronger,0.2,global_token_compute_side_validation_panel_2024_no_mrio,project-local-derived-table,2024,0,fillna_to_zero_before_normalization
GBR,United Kingdom,capacity prior,ai_compute_capacity_score,ai_compute_capacity_score,14.746101929815447,score,0.1439221441413077,fillna->0; linear min-max normalized,higher=stronger,0.35,global_token_compute_side_validation_panel_2024_no_mrio,project-local-derived-table,2024,0,fillna_to_zero_before_normalization
GBR,United Kingdom,capacity prior,cloud_region_count,cloud_region_count,5,count,0.3731143000216369,fillna->0; log1p min-max normalized,higher=stronger,0.15,global_token_compute_side_validation_panel_2024_no_mrio,project-local-derived-table,2024,0,fillna_to_zero_before_normalization
GBR,United Kingdom,capacity prior,frontier_accelerator_region_count,frontier_accelerator_region_count,1.0,count,0.26264953503719357,fillna->0; log1p min-max normalized,higher=stronger,0.2,global_token_compute_side_validation_panel_2024_no_mrio,project-local-derived-table,2024,0,fillna_to_zero_before_normalization
GBR,United Kingdom,cloud GPU regions,cloud_gpu_region_evidence_count,cloud_gpu_region_evidence_count,4.0,count,0.5064224831767222,fillna->0; log1p min-max normalized,higher=stronger,0.1,global_token_compute_side_validation_panel_2024_no_mrio,project-local-derived-table,2024,0,fillna_to_zero_before_normalization
GBR,United Kingdom,data-center footprint,osm_strict_data_center_count,osm_strict_data_center_count,235.0,count,0.7461019298154491,fillna->0; log1p min-max normalized,higher=stronger,0.1,global_token_compute_side_validation_panel_2024_no_mrio,project-local-derived-table,2024,0,fillna_to_zero_before_normalization
GBR,United Kingdom,direct measured AI load gate,measured_ai_load_available,measured_ai_load_available,False,binary,0.0,boolean identity,higher=stronger,0.0,global_token_compute_side_validation_panel_2024_no_mrio,project-local-derived-table,2024,0,no_imputation_boolean_gate
GBR,United Kingdom,hyperscale MW,accelerator_count_mixed_for_score,accelerator_count_mixed_for_score,120000.0,count,0.8653916900560656,fillna->0; log1p min-max normalized,higher=stronger,0.15,global_token_compute_side_validation_panel_2024_no_mrio,project-local-derived-table,2024,0,fillna_to_zero_before_normalization
GBR,United Kingdom,hyperscale MW,countable_project_capacity_mw,countable_project_capacity_mw,0.0,MW,0.0,fillna->0; log1p min-max normalized,higher=stronger,0.25,global_token_compute_side_validation_panel_2024_no_mrio,project-local-derived-table,2024,0,fillna_to_zero_before_normalization
GBR,United Kingdom,hyperscale MW,hyperscale_project_row_count,hyperscale_project_row_count,1.0,count,0.2789429456511298,fillna->0; log1p min-max normalized,higher=stronger,0.15,global_token_compute_side_validation_panel_2024_no_mrio,project-local-derived-table,2024,0,fillna_to_zero_before_normalization
GBR,United Kingdom,public load/capacity,load_capacity_proxy_mw,load_capacity_proxy_mw,0.0,MW,0.0,fillna->0; log1p min-max normalized,higher=stronger,0.1,global_token_compute_side_validation_panel_2024_no_mrio,project-local-derived-table,2024,0,fillna_to_zero_before_normalization
GBR,United Kingdom,public load/capacity,public_load_envelope_twh_mid,public_load_envelope_twh_mid,0.0,TWh,0.0,fillna->0; log1p min-max normalized,higher=stronger,0.15,global_token_compute_side_validation_panel_2024_no_mrio,project-local-derived-table,2024,0,fillna_to_zero_before_normalization
HKG,Hong Kong,AI cluster evidence,epoch_h100_equiv_sum,epoch_h100_equiv_sum,400.0,H100-equivalent count,0.4269371807583759,fillna->0; log1p min-max normalized,higher=stronger,0.05,global_token_compute_side_validation_panel_2024_no_mrio,project-local-derived-table,2024,0,fillna_to_zero_before_normalization
HKG,Hong Kong,AI cluster evidence,epoch_power_mw_sum,epoch_power_mw_sum,0.6,MW,0.06175542126097332,fillna->0; log1p min-max normalized,higher=stronger,0.05,global_token_compute_side_validation_panel_2024_no_mrio,project-local-derived-table,2024,0,fillna_to_zero_before_normalization
HKG,Hong Kong,capacity prior,ai_accelerator_region_count,ai_accelerator_region_count,3.0,count,0.4362085839710631,fillna->0; log1p min-max normalized,higher=stronger,0.2,global_token_compute_side_validation_panel_2024_no_mrio,project-local-derived-table,2024,0,fillna_to_zero_before_normalization
HKG,Hong Kong,capacity prior,ai_compute_capacity_score,ai_compute_capacity_score,11.0,score,0.1034578264737458,fillna->0; linear min-max normalized,higher=stronger,0.35,global_token_compute_side_validation_panel_2024_no_mrio,project-local-derived-table,2024,0,fillna_to_zero_before_normalization
HKG,Hong Kong,capacity prior,cloud_region_count,cloud_region_count,5,count,0.3731143000216369,fillna->0; log1p min-max normalized,higher=stronger,0.15,global_token_compute_side_validation_panel_2024_no_mrio,project-local-derived-table,2024,0,fillna_to_zero_before_normalization
HKG,Hong Kong,capacity prior,frontier_accelerator_region_count,frontier_accelerator_region_count,0.0,count,0.0,fillna->0; log1p min-max normalized,higher=stronger,0.2,global_token_compute_side_validation_panel_2024_no_mrio,project-local-derived-table,2024,0,fillna_to_zero_before_normalization
HKG,Hong Kong,cloud GPU regions,cloud_gpu_region_evidence_count,cloud_gpu_region_evidence_count,3.0,count,0.4362085839710631,fillna->0; log1p min-max normalized,higher=stronger,0.1,global_token_compute_side_validation_panel_2024_no_mrio,project-local-derived-table,2024,0,fillna_to_zero_before_normalization
HKG,Hong Kong,data-center footprint,osm_strict_data_center_count,osm_strict_data_center_count,0.0,count,0.0,fillna->0; log1p min-max normalized,higher=stronger,0.1,global_token_compute_side_validation_panel_2024_no_mrio,project-local-derived-table,2024,0,fillna_to_zero_before_normalization
HKG,Hong Kong,direct measured AI load gate,measured_ai_load_available,measured_ai_load_available,False,binary,0.0,boolean identity,higher=stronger,0.0,global_token_compute_side_validation_panel_2024_no_mrio,project-local-derived-table,2024,0,no_imputation_boolean_gate
HKG,Hong Kong,hyperscale MW,accelerator_count_mixed_for_score,accelerator_count_mixed_for_score,0.0,count,0.0,fillna->0; log1p min-max normalized,higher=stronger,0.15,global_token_compute_side_validation_panel_2024_no_mrio,project-local-derived-table,2024,0,fillna_to_zero_before_normalization
HKG,Hong Kong,hyperscale MW,countable_project_capacity_mw,countable_project_capacity_mw,0.0,MW,0.0,fillna->0; log1p min-max normalized,higher=stronger,0.25,global_token_compute_side_validation_panel_2024_no_mrio,project-local-derived-table,2024,0,fillna_to_zero_before_normalization
HKG,Hong Kong,hyperscale MW,hyperscale_project_row_count,hyperscale_project_row_count,0.0,count,0.0,fillna->0; log1p min-max normalized,higher=stronger,0.15,global_token_compute_side_validation_panel_2024_no_mrio,project-local-derived-table,2024,0,fillna_to_zero_before_normalization
HKG,Hong Kong,public load/capacity,load_capacity_proxy_mw,load_capacity_proxy_mw,0.0,MW,0.0,fillna->0; log1p min-max normalized,higher=stronger,0.1,global_token_compute_side_validation_panel_2024_no_mrio,project-local-derived-table,2024,0,fillna_to_zero_before_normalization
HKG,Hong Kong,public load/capacity,public_load_envelope_twh_mid,public_load_envelope_twh_mid,0.0,TWh,0.0,fillna->0; log1p min-max normalized,higher=stronger,0.15,global_token_compute_side_validation_panel_2024_no_mrio,project-local-derived-table,2024,0,fillna_to_zero_before_normalization
IDN,Indonesia,AI cluster evidence,epoch_h100_equiv_sum,epoch_h100_equiv_sum,0.0,H100-equivalent count,0.0,fillna->0; log1p min-max normalized,higher=stronger,0.05,global_token_compute_side_validation_panel_2024_no_mrio,project-local-derived-table,2024,0,fillna_to_zero_before_normalization
IDN,Indonesia,AI cluster evidence,epoch_power_mw_sum,epoch_power_mw_sum,0.0,MW,0.0,fillna->0; log1p min-max normalized,higher=stronger,0.05,global_token_compute_side_validation_panel_2024_no_mrio,project-local-derived-table,2024,0,fillna_to_zero_before_normalization
IDN,Indonesia,capacity prior,ai_accelerator_region_count,ai_accelerator_region_count,2.0,count,0.34568712404340535,fillna->0; log1p min-max normalized,higher=stronger,0.2,global_token_compute_side_validation_panel_2024_no_mrio,project-local-derived-table,2024,0,fillna_to_zero_before_normalization
IDN,Indonesia,capacity prior,ai_compute_capacity_score,ai_compute_capacity_score,8.394688567182257,score,0.07531600027264677,fillna->0; linear min-max normalized,higher=stronger,0.35,global_token_compute_side_validation_panel_2024_no_mrio,project-local-derived-table,2024,0,fillna_to_zero_before_normalization
IDN,Indonesia,capacity prior,cloud_region_count,cloud_region_count,2,count,0.13770538665499876,fillna->0; log1p min-max normalized,higher=stronger,0.15,global_token_compute_side_validation_panel_2024_no_mrio,project-local-derived-table,2024,0,fillna_to_zero_before_normalization
IDN,Indonesia,capacity prior,frontier_accelerator_region_count,frontier_accelerator_region_count,1.0,count,0.26264953503719357,fillna->0; log1p min-max normalized,higher=stronger,0.2,global_token_compute_side_validation_panel_2024_no_mrio,project-local-derived-table,2024,0,fillna_to_zero_before_normalization
IDN,Indonesia,cloud GPU regions,cloud_gpu_region_evidence_count,cloud_gpu_region_evidence_count,2.0,count,0.34568712404340535,fillna->0; log1p min-max normalized,higher=stronger,0.1,global_token_compute_side_validation_panel_2024_no_mrio,project-local-derived-table,2024,0,fillna_to_zero_before_normalization
IDN,Indonesia,data-center footprint,osm_strict_data_center_count,osm_strict_data_center_count,17.0,count,0.3946885671822565,fillna->0; log1p min-max normalized,higher=stronger,0.1,global_token_compute_side_validation_panel_2024_no_mrio,project-local-derived-table,2024,0,fillna_to_zero_before_normalization
IDN,Indonesia,direct measured AI load gate,measured_ai_load_available,measured_ai_load_available,False,binary,0.0,boolean identity,higher=stronger,0.0,global_token_compute_side_validation_panel_2024_no_mrio,project-local-derived-table,2024,0,no_imputation_boolean_gate
IDN,Indonesia,hyperscale MW,accelerator_count_mixed_for_score,accelerator_count_mixed_for_score,0.0,count,0.0,fillna->0; log1p min-max normalized,higher=stronger,0.15,global_token_compute_side_validation_panel_2024_no_mrio,project-local-derived-table,2024,0,fillna_to_zero_before_normalization
IDN,Indonesia,hyperscale MW,countable_project_capacity_mw,countable_project_capacity_mw,0.0,MW,0.0,fillna->0; log1p min-max normalized,higher=stronger,0.25,global_token_compute_side_validation_panel_2024_no_mrio,project-local-derived-table,2024,0,fillna_to_zero_before_normalization
IDN,Indonesia,hyperscale MW,hyperscale_project_row_count,hyperscale_project_row_count,0.0,count,0.0,fillna->0; log1p min-max normalized,higher=stronger,0.15,global_token_compute_side_validation_panel_2024_no_mrio,project-local-derived-table,2024,0,fillna_to_zero_before_normalization
IDN,Indonesia,public load/capacity,load_capacity_proxy_mw,load_capacity_proxy_mw,0.0,MW,0.0,fillna->0; log1p min-max normalized,higher=stronger,0.1,global_token_compute_side_validation_panel_2024_no_mrio,project-local-derived-table,2024,0,fillna_to_zero_before_normalization
IDN,Indonesia,public load/capacity,public_load_envelope_twh_mid,public_load_envelope_twh_mid,0.0,TWh,0.0,fillna->0; log1p min-max normalized,higher=stronger,0.15,global_token_compute_side_validation_panel_2024_no_mrio,project-local-derived-table,2024,0,fillna_to_zero_before_normalization
IND,India,AI cluster evidence,epoch_h100_equiv_sum,epoch_h100_equiv_sum,4408.788276972455,H100-equivalent count,0.5977146143666936,fillna->0; log1p min-max normalized,higher=stronger,0.05,global_token_compute_side_validation_panel_2024_no_mrio,project-local-derived-table,2024,0,fillna_to_zero_before_normalization
IND,India,AI cluster evidence,epoch_power_mw_sum,epoch_power_mw_sum,6.682457600000001,MW,0.2679033940681797,fillna->0; log1p min-max normalized,higher=stronger,0.05,global_token_compute_side_validation_panel_2024_no_mrio,project-local-derived-table,2024,0,fillna_to_zero_before_normalization
IND,India,capacity prior,ai_accelerator_region_count,ai_accelerator_region_count,7.0,count,0.6543128759565946,fillna->0; log1p min-max normalized,higher=stronger,0.2,global_token_compute_side_validation_panel_2024_no_mrio,project-local-derived-table,2024,0,fillna_to_zero_before_normalization
IND,India,capacity prior,ai_compute_capacity_score,ai_compute_capacity_score,27.05446515818584,score,0.2768735504221971,fillna->0; linear min-max normalized,higher=stronger,0.35,global_token_compute_side_validation_panel_2024_no_mrio,project-local-derived-table,2024,0,fillna_to_zero_before_normalization
IND,India,capacity prior,cloud_region_count,cloud_region_count,10,count,0.5789721248429585,fillna->0; log1p min-max normalized,higher=stronger,0.15,global_token_compute_side_validation_panel_2024_no_mrio,project-local-derived-table,2024,0,fillna_to_zero_before_normalization
IND,India,capacity prior,frontier_accelerator_region_count,frontier_accelerator_region_count,3.0,count,0.5252990700743871,fillna->0; log1p min-max normalized,higher=stronger,0.2,global_token_compute_side_validation_panel_2024_no_mrio,project-local-derived-table,2024,0,fillna_to_zero_before_normalization
IND,India,cloud GPU regions,cloud_gpu_region_evidence_count,cloud_gpu_region_evidence_count,7.0,count,0.6543128759565946,fillna->0; log1p min-max normalized,higher=stronger,0.1,global_token_compute_side_validation_panel_2024_no_mrio,project-local-derived-table,2024,0,fillna_to_zero_before_normalization
IND,India,data-center footprint,osm_strict_data_center_count,osm_strict_data_center_count,57.0,count,0.5544651581858375,fillna->0; log1p min-max normalized,higher=stronger,0.1,global_token_compute_side_validation_panel_2024_no_mrio,project-local-derived-table,2024,0,fillna_to_zero_before_normalization
IND,India,direct measured AI load gate,measured_ai_load_available,measured_ai_load_available,False,binary,0.0,boolean identity,higher=stronger,0.0,global_token_compute_side_validation_panel_2024_no_mrio,project-local-derived-table,2024,0,no_imputation_boolean_gate
IND,India,hyperscale MW,accelerator_count_mixed_for_score,accelerator_count_mixed_for_score,20736.0,count,0.7354873179590579,fillna->0; log1p min-max normalized,higher=stronger,0.15,global_token_compute_side_validation_panel_2024_no_mrio,project-local-derived-table,2024,0,fillna_to_zero_before_normalization
IND,India,hyperscale MW,countable_project_capacity_mw,countable_project_capacity_mw,60.0,MW,0.5064514881628417,fillna->0; log1p min-max normalized,higher=stronger,0.25,global_token_compute_side_validation_panel_2024_no_mrio,project-local-derived-table,2024,0,fillna_to_zero_before_normalization
IND,India,hyperscale MW,hyperscale_project_row_count,hyperscale_project_row_count,1.0,count,0.2789429456511298,fillna->0; log1p min-max normalized,higher=stronger,0.15,global_token_compute_side_validation_panel_2024_no_mrio,project-local-derived-table,2024,0,fillna_to_zero_before_normalization
IND,India,public load/capacity,load_capacity_proxy_mw,load_capacity_proxy_mw,60.0,MW,0.4690524411612179,fillna->0; log1p min-max normalized,higher=stronger,0.1,global_token_compute_side_validation_panel_2024_no_mrio,project-local-derived-table,2024,0,fillna_to_zero_before_normalization
IND,India,public load/capacity,public_load_envelope_twh_mid,public_load_envelope_twh_mid,0.3942,TWh,0.08832878317307634,fillna->0; log1p min-max normalized,higher=stronger,0.15,global_token_compute_side_validation_panel_2024_no_mrio,project-local-derived-table,2024,0,fillna_to_zero_before_normalization
IRL,Ireland,AI cluster evidence,epoch_h100_equiv_sum,epoch_h100_equiv_sum,0.0,H100-equivalent count,0.0,fillna->0; log1p min-max normalized,higher=stronger,0.05,global_token_compute_side_validation_panel_2024_no_mrio,project-local-derived-table,2024,0,fillna_to_zero_before_normalization
IRL,Ireland,AI cluster evidence,epoch_power_mw_sum,epoch_power_mw_sum,0.0,MW,0.0,fillna->0; log1p min-max normalized,higher=stronger,0.05,global_token_compute_side_validation_panel_2024_no_mrio,project-local-derived-table,2024,0,fillna_to_zero_before_normalization
IRL,Ireland,capacity prior,ai_accelerator_region_count,ai_accelerator_region_count,2.0,count,0.34568712404340535,fillna->0; log1p min-max normalized,higher=stronger,0.2,global_token_compute_side_validation_panel_2024_no_mrio,project-local-derived-table,2024,0,fillna_to_zero_before_normalization
IRL,Ireland,capacity prior,ai_compute_capacity_score,ai_compute_capacity_score,8.10340537971748,score,0.0721696428991368,fillna->0; linear min-max normalized,higher=stronger,0.35,global_token_compute_side_validation_panel_2024_no_mrio,project-local-derived-table,2024,0,fillna_to_zero_before_normalization
IRL,Ireland,capacity prior,cloud_region_count,cloud_region_count,2,count,0.13770538665499876,fillna->0; log1p min-max normalized,higher=stronger,0.15,global_token_compute_side_validation_panel_2024_no_mrio,project-local-derived-table,2024,0,fillna_to_zero_before_normalization
IRL,Ireland,capacity prior,frontier_accelerator_region_count,frontier_accelerator_region_count,1.0,count,0.26264953503719357,fillna->0; log1p min-max normalized,higher=stronger,0.2,global_token_compute_side_validation_panel_2024_no_mrio,project-local-derived-table,2024,0,fillna_to_zero_before_normalization
IRL,Ireland,cloud GPU regions,cloud_gpu_region_evidence_count,cloud_gpu_region_evidence_count,2.0,count,0.34568712404340535,fillna->0; log1p min-max normalized,higher=stronger,0.1,global_token_compute_side_validation_panel_2024_no_mrio,project-local-derived-table,2024,0,fillna_to_zero_before_normalization
IRL,Ireland,data-center footprint,osm_strict_data_center_count,osm_strict_data_center_count,82.0,count,0.6034053797174784,fillna->0; log1p min-max normalized,higher=stronger,0.1,global_token_compute_side_validation_panel_2024_no_mrio,project-local-derived-table,2024,0,fillna_to_zero_before_normalization
IRL,Ireland,direct measured AI load gate,measured_ai_load_available,measured_ai_load_available,False,binary,0.0,boolean identity,higher=stronger,0.0,global_token_compute_side_validation_panel_2024_no_mrio,project-local-derived-table,2024,0,no_imputation_boolean_gate
IRL,Ireland,hyperscale MW,accelerator_count_mixed_for_score,accelerator_count_mixed_for_score,0.0,count,0.0,fillna->0; log1p min-max normalized,higher=stronger,0.15,global_token_compute_side_validation_panel_2024_no_mrio,project-local-derived-table,2024,0,fillna_to_zero_before_normalization
IRL,Ireland,hyperscale MW,countable_project_capacity_mw,countable_project_capacity_mw,0.0,MW,0.0,fillna->0; log1p min-max normalized,higher=stronger,0.25,global_token_compute_side_validation_panel_2024_no_mrio,project-local-derived-table,2024,0,fillna_to_zero_before_normalization
IRL,Ireland,hyperscale MW,hyperscale_project_row_count,hyperscale_project_row_count,0.0,count,0.0,fillna->0; log1p min-max normalized,higher=stronger,0.15,global_token_compute_side_validation_panel_2024_no_mrio,project-local-derived-table,2024,0,fillna_to_zero_before_normalization
IRL,Ireland,public load/capacity,load_capacity_proxy_mw,load_capacity_proxy_mw,0.0,MW,0.0,fillna->0; log1p min-max normalized,higher=stronger,0.1,global_token_compute_side_validation_panel_2024_no_mrio,project-local-derived-table,2024,0,fillna_to_zero_before_normalization
IRL,Ireland,public load/capacity,public_load_envelope_twh_mid,public_load_envelope_twh_mid,12.0,TWh,0.6817474961625759,fillna->0; log1p min-max normalized,higher=stronger,0.15,global_token_compute_side_validation_panel_2024_no_mrio,project-local-derived-table,2024,0,fillna_to_zero_before_normalization
ISR,Israel,AI cluster evidence,epoch_h100_equiv_sum,epoch_h100_equiv_sum,3072.000000045239,H100-equivalent count,0.5719890693954617,fillna->0; log1p min-max normalized,higher=stronger,0.05,global_token_compute_side_validation_panel_2024_no_mrio,project-local-derived-table,2024,0,fillna_to_zero_before_normalization
ISR,Israel,AI cluster evidence,epoch_power_mw_sum,epoch_power_mw_sum,4.40946688,MW,0.22181200642818996,fillna->0; log1p min-max normalized,higher=stronger,0.05,global_token_compute_side_validation_panel_2024_no_mrio,project-local-derived-table,2024,0,fillna_to_zero_before_normalization
ISR,Israel,capacity prior,ai_accelerator_region_count,ai_accelerator_region_count,3.0,count,0.4362085839710631,fillna->0; log1p min-max normalized,higher=stronger,0.2,global_token_compute_side_validation_panel_2024_no_mrio,project-local-derived-table,2024,0,fillna_to_zero_before_normalization
ISR,Israel,capacity prior,ai_compute_capacity_score,ai_compute_capacity_score,14.244669903002237,score,0.1385058193317319,fillna->0; linear min-max normalized,higher=stronger,0.35,global_token_compute_side_validation_panel_2024_no_mrio,project-local-derived-table,2024,0,fillna_to_zero_before_normalization
ISR,Israel,capacity prior,cloud_region_count,cloud_region_count,4,count,0.3111936563662642,fillna->0; log1p min-max normalized,higher=stronger,0.15,global_token_compute_side_validation_panel_2024_no_mrio,project-local-derived-table,2024,0,fillna_to_zero_before_normalization
ISR,Israel,capacity prior,frontier_accelerator_region_count,frontier_accelerator_region_count,2.0,count,0.4162896638657993,fillna->0; log1p min-max normalized,higher=stronger,0.2,global_token_compute_side_validation_panel_2024_no_mrio,project-local-derived-table,2024,0,fillna_to_zero_before_normalization
ISR,Israel,cloud GPU regions,cloud_gpu_region_evidence_count,cloud_gpu_region_evidence_count,3.0,count,0.4362085839710631,fillna->0; log1p min-max normalized,higher=stronger,0.1,global_token_compute_side_validation_panel_2024_no_mrio,project-local-derived-table,2024,0,fillna_to_zero_before_normalization
ISR,Israel,data-center footprint,osm_strict_data_center_count,osm_strict_data_center_count,5.0,count,0.24466990300223754,fillna->0; log1p min-max normalized,higher=stronger,0.1,global_token_compute_side_validation_panel_2024_no_mrio,project-local-derived-table,2024,0,fillna_to_zero_before_normalization
ISR,Israel,direct measured AI load gate,measured_ai_load_available,measured_ai_load_available,False,binary,0.0,boolean identity,higher=stronger,0.0,global_token_compute_side_validation_panel_2024_no_mrio,project-local-derived-table,2024,0,no_imputation_boolean_gate
ISR,Israel,hyperscale MW,accelerator_count_mixed_for_score,accelerator_count_mixed_for_score,0.0,count,0.0,fillna->0; log1p min-max normalized,higher=stronger,0.15,global_token_compute_side_validation_panel_2024_no_mrio,project-local-derived-table,2024,0,fillna_to_zero_before_normalization
ISR,Israel,hyperscale MW,countable_project_capacity_mw,countable_project_capacity_mw,0.0,MW,0.0,fillna->0; log1p min-max normalized,higher=stronger,0.25,global_token_compute_side_validation_panel_2024_no_mrio,project-local-derived-table,2024,0,fillna_to_zero_before_normalization
ISR,Israel,hyperscale MW,hyperscale_project_row_count,hyperscale_project_row_count,0.0,count,0.0,fillna->0; log1p min-max normalized,higher=stronger,0.15,global_token_compute_side_validation_panel_2024_no_mrio,project-local-derived-table,2024,0,fillna_to_zero_before_normalization
ISR,Israel,public load/capacity,load_capacity_proxy_mw,load_capacity_proxy_mw,0.0,MW,0.0,fillna->0; log1p min-max normalized,higher=stronger,0.1,global_token_compute_side_validation_panel_2024_no_mrio,project-local-derived-table,2024,0,fillna_to_zero_before_normalization
ISR,Israel,public load/capacity,public_load_envelope_twh_mid,public_load_envelope_twh_mid,0.0,TWh,0.0,fillna->0; log1p min-max normalized,higher=stronger,0.15,global_token_compute_side_validation_panel_2024_no_mrio,project-local-derived-table,2024,0,fillna_to_zero_before_normalization
ITA,Italy,AI cluster evidence,epoch_h100_equiv_sum,epoch_h100_equiv_sum,8219.725113814804,H100-equivalent count,0.6420776004122355,fillna->0; log1p min-max normalized,higher=stronger,0.05,global_token_compute_side_validation_panel_2024_no_mrio,project-local-derived-table,2024,0,fillna_to_zero_before_normalization
ITA,Italy,AI cluster evidence,epoch_power_mw_sum,epoch_power_mw_sum,40.68036384,MW,0.49010170871380826,fillna->0; log1p min-max normalized,higher=stronger,0.05,global_token_compute_side_validation_panel_2024_no_mrio,project-local-derived-table,2024,0,fillna_to_zero_before_normalization
ITA,Italy,capacity prior,ai_accelerator_region_count,ai_accelerator_region_count,3.0,count,0.4362085839710631,fillna->0; log1p min-max normalized,higher=stronger,0.2,global_token_compute_side_validation_panel_2024_no_mrio,project-local-derived-table,2024,0,fillna_to_zero_before_normalization
ITA,Italy,capacity prior,ai_compute_capacity_score,ai_compute_capacity_score,11.580144230645828,score,0.10972437791352806,fillna->0; linear min-max normalized,higher=stronger,0.35,global_token_compute_side_validation_panel_2024_no_mrio,project-local-derived-table,2024,0,fillna_to_zero_before_normalization
ITA,Italy,capacity prior,cloud_region_count,cloud_region_count,5,count,0.3731143000216369,fillna->0; log1p min-max normalized,higher=stronger,0.15,global_token_compute_side_validation_panel_2024_no_mrio,project-local-derived-table,2024,0,fillna_to_zero_before_normalization
ITA,Italy,capacity prior,frontier_accelerator_region_count,frontier_accelerator_region_count,0.0,count,0.0,fillna->0; log1p min-max normalized,higher=stronger,0.2,global_token_compute_side_validation_panel_2024_no_mrio,project-local-derived-table,2024,0,fillna_to_zero_before_normalization
ITA,Italy,cloud GPU regions,cloud_gpu_region_evidence_count,cloud_gpu_region_evidence_count,3.0,count,0.4362085839710631,fillna->0; log1p min-max normalized,higher=stronger,0.1,global_token_compute_side_validation_panel_2024_no_mrio,project-local-derived-table,2024,0,fillna_to_zero_before_normalization
ITA,Italy,data-center footprint,osm_strict_data_center_count,osm_strict_data_center_count,69.0,count,0.5801442306458265,fillna->0; log1p min-max normalized,higher=stronger,0.1,global_token_compute_side_validation_panel_2024_no_mrio,project-local-derived-table,2024,0,fillna_to_zero_before_normalization
ITA,Italy,direct measured AI load gate,measured_ai_load_available,measured_ai_load_available,False,binary,0.0,boolean identity,higher=stronger,0.0,global_token_compute_side_validation_panel_2024_no_mrio,project-local-derived-table,2024,0,no_imputation_boolean_gate
ITA,Italy,hyperscale MW,accelerator_count_mixed_for_score,accelerator_count_mixed_for_score,0.0,count,0.0,fillna->0; log1p min-max normalized,higher=stronger,0.15,global_token_compute_side_validation_panel_2024_no_mrio,project-local-derived-table,2024,0,fillna_to_zero_before_normalization
ITA,Italy,hyperscale MW,countable_project_capacity_mw,countable_project_capacity_mw,0.0,MW,0.0,fillna->0; log1p min-max normalized,higher=stronger,0.25,global_token_compute_side_validation_panel_2024_no_mrio,project-local-derived-table,2024,0,fillna_to_zero_before_normalization
ITA,Italy,hyperscale MW,hyperscale_project_row_count,hyperscale_project_row_count,0.0,count,0.0,fillna->0; log1p min-max normalized,higher=stronger,0.15,global_token_compute_side_validation_panel_2024_no_mrio,project-local-derived-table,2024,0,fillna_to_zero_before_normalization
ITA,Italy,public load/capacity,load_capacity_proxy_mw,load_capacity_proxy_mw,0.0,MW,0.0,fillna->0; log1p min-max normalized,higher=stronger,0.1,global_token_compute_side_validation_panel_2024_no_mrio,project-local-derived-table,2024,0,fillna_to_zero_before_normalization
ITA,Italy,public load/capacity,public_load_envelope_twh_mid,public_load_envelope_twh_mid,0.0,TWh,0.0,fillna->0; log1p min-max normalized,higher=stronger,0.15,global_token_compute_side_validation_panel_2024_no_mrio,project-local-derived-table,2024,0,fillna_to_zero_before_normalization
JPN,Japan,AI cluster evidence,epoch_h100_equiv_sum,epoch_h100_equiv_sum,18746.481940649952,H100-equivalent count,0.7007979400627053,fillna->0; log1p min-max normalized,higher=stronger,0.05,global_token_compute_side_validation_panel_2024_no_mrio,project-local-derived-table,2024,0,fillna_to_zero_before_normalization
JPN,Japan,AI cluster evidence,epoch_power_mw_sum,epoch_power_mw_sum,45.9912536,MW,0.5058599102371109,fillna->0; log1p min-max normalized,higher=stronger,0.05,global_token_compute_side_validation_panel_2024_no_mrio,project-local-derived-table,2024,0,fillna_to_zero_before_normalization
JPN,Japan,capacity prior,ai_accelerator_region_count,ai_accelerator_region_count,5.0,count,0.5637914160289369,fillna->0; log1p min-max normalized,higher=stronger,0.2,global_token_compute_side_validation_panel_2024_no_mrio,project-local-derived-table,2024,0,fillna_to_zero_before_normalization
JPN,Japan,capacity prior,ai_compute_capacity_score,ai_compute_capacity_score,19.647934113667056,score,0.19687032824216633,fillna->0; linear min-max normalized,higher=stronger,0.35,global_token_compute_side_validation_panel_2024_no_mrio,project-local-derived-table,2024,0,fillna_to_zero_before_normalization
JPN,Japan,capacity prior,cloud_region_count,cloud_region_count,7,count,0.47081782673327643,fillna->0; log1p min-max normalized,higher=stronger,0.15,global_token_compute_side_validation_panel_2024_no_mrio,project-local-derived-table,2024,0,fillna_to_zero_before_normalization
JPN,Japan,capacity prior,frontier_accelerator_region_count,frontier_accelerator_region_count,2.0,count,0.4162896638657993,fillna->0; log1p min-max normalized,higher=stronger,0.2,global_token_compute_side_validation_panel_2024_no_mrio,project-local-derived-table,2024,0,fillna_to_zero_before_normalization
JPN,Japan,cloud GPU regions,cloud_gpu_region_evidence_count,cloud_gpu_region_evidence_count,5.0,count,0.5637914160289369,fillna->0; log1p min-max normalized,higher=stronger,0.1,global_token_compute_side_validation_panel_2024_no_mrio,project-local-derived-table,2024,0,fillna_to_zero_before_normalization
JPN,Japan,data-center footprint,osm_strict_data_center_count,osm_strict_data_center_count,114.0,count,0.6479341136670574,fillna->0; log1p min-max normalized,higher=stronger,0.1,global_token_compute_side_validation_panel_2024_no_mrio,project-local-derived-table,2024,0,fillna_to_zero_before_normalization
JPN,Japan,direct measured AI load gate,measured_ai_load_available,measured_ai_load_available,False,binary,0.0,boolean identity,higher=stronger,0.0,global_token_compute_side_validation_panel_2024_no_mrio,project-local-derived-table,2024,0,no_imputation_boolean_gate
JPN,Japan,hyperscale MW,accelerator_count_mixed_for_score,accelerator_count_mixed_for_score,0.0,count,0.0,fillna->0; log1p min-max normalized,higher=stronger,0.15,global_token_compute_side_validation_panel_2024_no_mrio,project-local-derived-table,2024,0,fillna_to_zero_before_normalization
JPN,Japan,hyperscale MW,countable_project_capacity_mw,countable_project_capacity_mw,0.0,MW,0.0,fillna->0; log1p min-max normalized,higher=stronger,0.25,global_token_compute_side_validation_panel_2024_no_mrio,project-local-derived-table,2024,0,fillna_to_zero_before_normalization
JPN,Japan,hyperscale MW,hyperscale_project_row_count,hyperscale_project_row_count,0.0,count,0.0,fillna->0; log1p min-max normalized,higher=stronger,0.15,global_token_compute_side_validation_panel_2024_no_mrio,project-local-derived-table,2024,0,fillna_to_zero_before_normalization
JPN,Japan,public load/capacity,load_capacity_proxy_mw,load_capacity_proxy_mw,0.0,MW,0.0,fillna->0; log1p min-max normalized,higher=stronger,0.1,global_token_compute_side_validation_panel_2024_no_mrio,project-local-derived-table,2024,0,fillna_to_zero_before_normalization
JPN,Japan,public load/capacity,public_load_envelope_twh_mid,public_load_envelope_twh_mid,0.0,TWh,0.0,fillna->0; log1p min-max normalized,higher=stronger,0.15,global_token_compute_side_validation_panel_2024_no_mrio,project-local-derived-table,2024,0,fillna_to_zero_before_normalization
KOR,South Korea,AI cluster evidence,epoch_h100_equiv_sum,epoch_h100_equiv_sum,6285.6836787181055,H100-equivalent count,0.6229725212684958,fillna->0; log1p min-max normalized,higher=stronger,0.05,global_token_compute_side_validation_panel_2024_no_mrio,project-local-derived-table,2024,0,fillna_to_zero_before_normalization
KOR,South Korea,AI cluster evidence,epoch_power_mw_sum,epoch_power_mw_sum,12.73567264,MW,0.3442504793321803,fillna->0; log1p min-max normalized,higher=stronger,0.05,global_token_compute_side_validation_panel_2024_no_mrio,project-local-derived-table,2024,0,fillna_to_zero_before_normalization
KOR,South Korea,capacity prior,ai_accelerator_region_count,ai_accelerator_region_count,4.0,count,0.5064224831767222,fillna->0; log1p min-max normalized,higher=stronger,0.2,global_token_compute_side_validation_panel_2024_no_mrio,project-local-derived-table,2024,0,fillna_to_zero_before_normalization
KOR,South Korea,capacity prior,ai_compute_capacity_score,ai_compute_capacity_score,16.350251203508996,score,0.1612497040991122,fillna->0; linear min-max normalized,higher=stronger,0.35,global_token_compute_side_validation_panel_2024_no_mrio,project-local-derived-table,2024,0,fillna_to_zero_before_normalization
KOR,South Korea,capacity prior,cloud_region_count,cloud_region_count,5,count,0.3731143000216369,fillna->0; log1p min-max normalized,higher=stronger,0.15,global_token_compute_side_validation_panel_2024_no_mrio,project-local-derived-table,2024,0,fillna_to_zero_before_normalization
KOR,South Korea,capacity prior,frontier_accelerator_region_count,frontier_accelerator_region_count,2.0,count,0.4162896638657993,fillna->0; log1p min-max normalized,higher=stronger,0.2,global_token_compute_side_validation_panel_2024_no_mrio,project-local-derived-table,2024,0,fillna_to_zero_before_normalization
KOR,South Korea,cloud GPU regions,cloud_gpu_region_evidence_count,cloud_gpu_region_evidence_count,4.0,count,0.5064224831767222,fillna->0; log1p min-max normalized,higher=stronger,0.1,global_token_compute_side_validation_panel_2024_no_mrio,project-local-derived-table,2024,0,fillna_to_zero_before_normalization
KOR,South Korea,data-center footprint,osm_strict_data_center_count,osm_strict_data_center_count,12.0,count,0.35025120350899575,fillna->0; log1p min-max normalized,higher=stronger,0.1,global_token_compute_side_validation_panel_2024_no_mrio,project-local-derived-table,2024,0,fillna_to_zero_before_normalization
KOR,South Korea,direct measured AI load gate,measured_ai_load_available,measured_ai_load_available,False,binary,0.0,boolean identity,higher=stronger,0.0,global_token_compute_side_validation_panel_2024_no_mrio,project-local-derived-table,2024,0,no_imputation_boolean_gate
KOR,South Korea,hyperscale MW,accelerator_count_mixed_for_score,accelerator_count_mixed_for_score,260000.0,count,0.9226036277739358,fillna->0; log1p min-max normalized,higher=stronger,0.15,global_token_compute_side_validation_panel_2024_no_mrio,project-local-derived-table,2024,0,fillna_to_zero_before_normalization
KOR,South Korea,hyperscale MW,countable_project_capacity_mw,countable_project_capacity_mw,0.0,MW,0.0,fillna->0; log1p min-max normalized,higher=stronger,0.25,global_token_compute_side_validation_panel_2024_no_mrio,project-local-derived-table,2024,0,fillna_to_zero_before_normalization
KOR,South Korea,hyperscale MW,hyperscale_project_row_count,hyperscale_project_row_count,1.0,count,0.2789429456511298,fillna->0; log1p min-max normalized,higher=stronger,0.15,global_token_compute_side_validation_panel_2024_no_mrio,project-local-derived-table,2024,0,fillna_to_zero_before_normalization
KOR,South Korea,public load/capacity,load_capacity_proxy_mw,load_capacity_proxy_mw,0.0,MW,0.0,fillna->0; log1p min-max normalized,higher=stronger,0.1,global_token_compute_side_validation_panel_2024_no_mrio,project-local-derived-table,2024,0,fillna_to_zero_before_normalization
KOR,South Korea,public load/capacity,public_load_envelope_twh_mid,public_load_envelope_twh_mid,0.0,TWh,0.0,fillna->0; log1p min-max normalized,higher=stronger,0.15,global_token_compute_side_validation_panel_2024_no_mrio,project-local-derived-table,2024,0,fillna_to_zero_before_normalization
MEX,Mexico,AI cluster evidence,epoch_h100_equiv_sum,epoch_h100_equiv_sum,0.0,H100-equivalent count,0.0,fillna->0; log1p min-max normalized,higher=stronger,0.05,global_token_compute_side_validation_panel_2024_no_mrio,project-local-derived-table,2024,0,fillna_to_zero_before_normalization
MEX,Mexico,AI cluster evidence,epoch_power_mw_sum,epoch_power_mw_sum,0.0,MW,0.0,fillna->0; log1p min-max normalized,higher=stronger,0.05,global_token_compute_side_validation_panel_2024_no_mrio,project-local-derived-table,2024,0,fillna_to_zero_before_normalization
MEX,Mexico,capacity prior,ai_accelerator_region_count,ai_accelerator_region_count,1.0,count,0.21810429198553155,fillna->0; log1p min-max normalized,higher=stronger,0.2,global_token_compute_side_validation_panel_2024_no_mrio,project-local-derived-table,2024,0,fillna_to_zero_before_normalization
MEX,Mexico,capacity prior,ai_compute_capacity_score,ai_compute_capacity_score,4.473256194111093,score,0.03295781348843667,fillna->0; linear min-max normalized,higher=stronger,0.35,global_token_compute_side_validation_panel_2024_no_mrio,project-local-derived-table,2024,0,fillna_to_zero_before_normalization
MEX,Mexico,capacity prior,cloud_region_count,cloud_region_count,2,count,0.13770538665499876,fillna->0; log1p min-max normalized,higher=stronger,0.15,global_token_compute_side_validation_panel_2024_no_mrio,project-local-derived-table,2024,0,fillna_to_zero_before_normalization
MEX,Mexico,capacity prior,frontier_accelerator_region_count,frontier_accelerator_region_count,0.0,count,0.0,fillna->0; log1p min-max normalized,higher=stronger,0.2,global_token_compute_side_validation_panel_2024_no_mrio,project-local-derived-table,2024,0,fillna_to_zero_before_normalization
MEX,Mexico,cloud GPU regions,cloud_gpu_region_evidence_count,cloud_gpu_region_evidence_count,1.0,count,0.21810429198553155,fillna->0; log1p min-max normalized,higher=stronger,0.1,global_token_compute_side_validation_panel_2024_no_mrio,project-local-derived-table,2024,0,fillna_to_zero_before_normalization
MEX,Mexico,data-center footprint,osm_strict_data_center_count,osm_strict_data_center_count,31.0,count,0.473256194111093,fillna->0; log1p min-max normalized,higher=stronger,0.1,global_token_compute_side_validation_panel_2024_no_mrio,project-local-derived-table,2024,0,fillna_to_zero_before_normalization
MEX,Mexico,direct measured AI load gate,measured_ai_load_available,measured_ai_load_available,False,binary,0.0,boolean identity,higher=stronger,0.0,global_token_compute_side_validation_panel_2024_no_mrio,project-local-derived-table,2024,0,no_imputation_boolean_gate
MEX,Mexico,hyperscale MW,accelerator_count_mixed_for_score,accelerator_count_mixed_for_score,0.0,count,0.0,fillna->0; log1p min-max normalized,higher=stronger,0.15,global_token_compute_side_validation_panel_2024_no_mrio,project-local-derived-table,2024,0,fillna_to_zero_before_normalization
MEX,Mexico,hyperscale MW,countable_project_capacity_mw,countable_project_capacity_mw,0.0,MW,0.0,fillna->0; log1p min-max normalized,higher=stronger,0.25,global_token_compute_side_validation_panel_2024_no_mrio,project-local-derived-table,2024,0,fillna_to_zero_before_normalization
MEX,Mexico,hyperscale MW,hyperscale_project_row_count,hyperscale_project_row_count,0.0,count,0.0,fillna->0; log1p min-max normalized,higher=stronger,0.15,global_token_compute_side_validation_panel_2024_no_mrio,project-local-derived-table,2024,0,fillna_to_zero_before_normalization
MEX,Mexico,public load/capacity,load_capacity_proxy_mw,load_capacity_proxy_mw,0.0,MW,0.0,fillna->0; log1p min-max normalized,higher=stronger,0.1,global_token_compute_side_validation_panel_2024_no_mrio,project-local-derived-table,2024,0,fillna_to_zero_before_normalization
MEX,Mexico,public load/capacity,public_load_envelope_twh_mid,public_load_envelope_twh_mid,0.0,TWh,0.0,fillna->0; log1p min-max normalized,higher=stronger,0.15,global_token_compute_side_validation_panel_2024_no_mrio,project-local-derived-table,2024,0,fillna_to_zero_before_normalization
MYS,Malaysia,AI cluster evidence,epoch_h100_equiv_sum,epoch_h100_equiv_sum,0.0,H100-equivalent count,0.0,fillna->0; log1p min-max normalized,higher=stronger,0.05,global_token_compute_side_validation_panel_2024_no_mrio,project-local-derived-table,2024,0,fillna_to_zero_before_normalization
MYS,Malaysia,AI cluster evidence,epoch_power_mw_sum,epoch_power_mw_sum,0.0,MW,0.0,fillna->0; log1p min-max normalized,higher=stronger,0.05,global_token_compute_side_validation_panel_2024_no_mrio,project-local-derived-table,2024,0,fillna_to_zero_before_normalization
MYS,Malaysia,capacity prior,ai_accelerator_region_count,ai_accelerator_region_count,0.0,count,0.0,fillna->0; log1p min-max normalized,higher=stronger,0.2,global_token_compute_side_validation_panel_2024_no_mrio,project-local-derived-table,2024,0,fillna_to_zero_before_normalization
MYS,Malaysia,capacity prior,ai_compute_capacity_score,ai_compute_capacity_score,1.598378325926077,score,0.0019042080358448838,fillna->0; linear min-max normalized,higher=stronger,0.35,global_token_compute_side_validation_panel_2024_no_mrio,project-local-derived-table,2024,0,fillna_to_zero_before_normalization
MYS,Malaysia,capacity prior,cloud_region_count,cloud_region_count,1,count,0.0,fillna->0; log1p min-max normalized,higher=stronger,0.15,global_token_compute_side_validation_panel_2024_no_mrio,project-local-derived-table,2024,0,fillna_to_zero_before_normalization
MYS,Malaysia,capacity prior,frontier_accelerator_region_count,frontier_accelerator_region_count,0.0,count,0.0,fillna->0; log1p min-max normalized,higher=stronger,0.2,global_token_compute_side_validation_panel_2024_no_mrio,project-local-derived-table,2024,0,fillna_to_zero_before_normalization
MYS,Malaysia,cloud GPU regions,cloud_gpu_region_evidence_count,cloud_gpu_region_evidence_count,0.0,count,0.0,fillna->0; log1p min-max normalized,higher=stronger,0.1,global_token_compute_side_validation_panel_2024_no_mrio,project-local-derived-table,2024,0,fillna_to_zero_before_normalization
MYS,Malaysia,data-center footprint,osm_strict_data_center_count,osm_strict_data_center_count,79.0,count,0.5983783259260771,fillna->0; log1p min-max normalized,higher=stronger,0.1,global_token_compute_side_validation_panel_2024_no_mrio,project-local-derived-table,2024,0,fillna_to_zero_before_normalization
MYS,Malaysia,direct measured AI load gate,measured_ai_load_available,measured_ai_load_available,False,binary,0.0,boolean identity,higher=stronger,0.0,global_token_compute_side_validation_panel_2024_no_mrio,project-local-derived-table,2024,0,no_imputation_boolean_gate
MYS,Malaysia,hyperscale MW,accelerator_count_mixed_for_score,accelerator_count_mixed_for_score,0.0,count,0.0,fillna->0; log1p min-max normalized,higher=stronger,0.15,global_token_compute_side_validation_panel_2024_no_mrio,project-local-derived-table,2024,0,fillna_to_zero_before_normalization
MYS,Malaysia,hyperscale MW,countable_project_capacity_mw,countable_project_capacity_mw,0.0,MW,0.0,fillna->0; log1p min-max normalized,higher=stronger,0.25,global_token_compute_side_validation_panel_2024_no_mrio,project-local-derived-table,2024,0,fillna_to_zero_before_normalization
MYS,Malaysia,hyperscale MW,hyperscale_project_row_count,hyperscale_project_row_count,1.0,count,0.2789429456511298,fillna->0; log1p min-max normalized,higher=stronger,0.15,global_token_compute_side_validation_panel_2024_no_mrio,project-local-derived-table,2024,0,fillna_to_zero_before_normalization
MYS,Malaysia,public load/capacity,load_capacity_proxy_mw,load_capacity_proxy_mw,6400.0,MW,1.0,fillna->0; log1p min-max normalized,higher=stronger,0.1,global_token_compute_side_validation_panel_2024_no_mrio,project-local-derived-table,2024,0,fillna_to_zero_before_normalization
MYS,Malaysia,public load/capacity,public_load_envelope_twh_mid,public_load_envelope_twh_mid,42.048,TWh,1.0,fillna->0; log1p min-max normalized,higher=stronger,0.15,global_token_compute_side_validation_panel_2024_no_mrio,project-local-derived-table,2024,0,fillna_to_zero_before_normalization
NLD,Netherlands,AI cluster evidence,epoch_h100_equiv_sum,epoch_h100_equiv_sum,947.3067205798932,H100-equivalent count,0.48824419936899893,fillna->0; log1p min-max normalized,higher=stronger,0.05,global_token_compute_side_validation_panel_2024_no_mrio,project-local-derived-table,2024,0,fillna_to_zero_before_normalization
NLD,Netherlands,AI cluster evidence,epoch_power_mw_sum,epoch_power_mw_sum,2.11154944,MW,0.14914749527437834,fillna->0; log1p min-max normalized,higher=stronger,0.05,global_token_compute_side_validation_panel_2024_no_mrio,project-local-derived-table,2024,0,fillna_to_zero_before_normalization
NLD,Netherlands,capacity prior,ai_accelerator_region_count,ai_accelerator_region_count,2.0,count,0.34568712404340535,fillna->0; log1p min-max normalized,higher=stronger,0.2,global_token_compute_side_validation_panel_2024_no_mrio,project-local-derived-table,2024,0,fillna_to_zero_before_normalization
NLD,Netherlands,capacity prior,ai_compute_capacity_score,ai_compute_capacity_score,8.691311895900833,score,0.07852004031900756,fillna->0; linear min-max normalized,higher=stronger,0.35,global_token_compute_side_validation_panel_2024_no_mrio,project-local-derived-table,2024,0,fillna_to_zero_before_normalization
NLD,Netherlands,capacity prior,cloud_region_count,cloud_region_count,2,count,0.13770538665499876,fillna->0; log1p min-max normalized,higher=stronger,0.15,global_token_compute_side_validation_panel_2024_no_mrio,project-local-derived-table,2024,0,fillna_to_zero_before_normalization
NLD,Netherlands,capacity prior,frontier_accelerator_region_count,frontier_accelerator_region_count,1.0,count,0.26264953503719357,fillna->0; log1p min-max normalized,higher=stronger,0.2,global_token_compute_side_validation_panel_2024_no_mrio,project-local-derived-table,2024,0,fillna_to_zero_before_normalization
NLD,Netherlands,cloud GPU regions,cloud_gpu_region_evidence_count,cloud_gpu_region_evidence_count,2.0,count,0.34568712404340535,fillna->0; log1p min-max normalized,higher=stronger,0.1,global_token_compute_side_validation_panel_2024_no_mrio,project-local-derived-table,2024,0,fillna_to_zero_before_normalization
NLD,Netherlands,data-center footprint,osm_strict_data_center_count,osm_strict_data_center_count,157.0,count,0.6913118959008334,fillna->0; log1p min-max normalized,higher=stronger,0.1,global_token_compute_side_validation_panel_2024_no_mrio,project-local-derived-table,2024,0,fillna_to_zero_before_normalization
NLD,Netherlands,direct measured AI load gate,measured_ai_load_available,measured_ai_load_available,False,binary,0.0,boolean identity,higher=stronger,0.0,global_token_compute_side_validation_panel_2024_no_mrio,project-local-derived-table,2024,0,no_imputation_boolean_gate
NLD,Netherlands,hyperscale MW,accelerator_count_mixed_for_score,accelerator_count_mixed_for_score,0.0,count,0.0,fillna->0; log1p min-max normalized,higher=stronger,0.15,global_token_compute_side_validation_panel_2024_no_mrio,project-local-derived-table,2024,0,fillna_to_zero_before_normalization
NLD,Netherlands,hyperscale MW,countable_project_capacity_mw,countable_project_capacity_mw,0.0,MW,0.0,fillna->0; log1p min-max normalized,higher=stronger,0.25,global_token_compute_side_validation_panel_2024_no_mrio,project-local-derived-table,2024,0,fillna_to_zero_before_normalization
NLD,Netherlands,hyperscale MW,hyperscale_project_row_count,hyperscale_project_row_count,0.0,count,0.0,fillna->0; log1p min-max normalized,higher=stronger,0.15,global_token_compute_side_validation_panel_2024_no_mrio,project-local-derived-table,2024,0,fillna_to_zero_before_normalization
NLD,Netherlands,public load/capacity,load_capacity_proxy_mw,load_capacity_proxy_mw,0.0,MW,0.0,fillna->0; log1p min-max normalized,higher=stronger,0.1,global_token_compute_side_validation_panel_2024_no_mrio,project-local-derived-table,2024,0,fillna_to_zero_before_normalization
NLD,Netherlands,public load/capacity,public_load_envelope_twh_mid,public_load_envelope_twh_mid,0.0,TWh,0.0,fillna->0; log1p min-max normalized,higher=stronger,0.15,global_token_compute_side_validation_panel_2024_no_mrio,project-local-derived-table,2024,0,fillna_to_zero_before_normalization
NOR,Norway,AI cluster evidence,epoch_h100_equiv_sum,epoch_h100_equiv_sum,20480.0000003016,H100-equivalent count,0.7070972043793617,fillna->0; log1p min-max normalized,higher=stronger,0.05,global_token_compute_side_validation_panel_2024_no_mrio,project-local-derived-table,2024,0,fillna_to_zero_before_normalization
NOR,Norway,AI cluster evidence,epoch_power_mw_sum,epoch_power_mw_sum,29.222502400000003,MW,0.4478661400458105,fillna->0; log1p min-max normalized,higher=stronger,0.05,global_token_compute_side_validation_panel_2024_no_mrio,project-local-derived-table,2024,0,fillna_to_zero_before_normalization
NOR,Norway,capacity prior,ai_accelerator_region_count,ai_accelerator_region_count,2.0,count,0.34568712404340535,fillna->0; log1p min-max normalized,higher=stronger,0.2,global_token_compute_side_validation_panel_2024_no_mrio,project-local-derived-table,2024,0,fillna_to_zero_before_normalization
NOR,Norway,capacity prior,ai_compute_capacity_score,ai_compute_capacity_score,5.860370860008624,score,0.047941027916074214,fillna->0; linear min-max normalized,higher=stronger,0.35,global_token_compute_side_validation_panel_2024_no_mrio,project-local-derived-table,2024,0,fillna_to_zero_before_normalization
NOR,Norway,capacity prior,cloud_region_count,cloud_region_count,3,count,0.23540891336663824,fillna->0; log1p min-max normalized,higher=stronger,0.15,global_token_compute_side_validation_panel_2024_no_mrio,project-local-derived-table,2024,0,fillna_to_zero_before_normalization
NOR,Norway,capacity prior,frontier_accelerator_region_count,frontier_accelerator_region_count,0.0,count,0.0,fillna->0; log1p min-max normalized,higher=stronger,0.2,global_token_compute_side_validation_panel_2024_no_mrio,project-local-derived-table,2024,0,fillna_to_zero_before_normalization
NOR,Norway,cloud GPU regions,cloud_gpu_region_evidence_count,cloud_gpu_region_evidence_count,2.0,count,0.34568712404340535,fillna->0; log1p min-max normalized,higher=stronger,0.1,global_token_compute_side_validation_panel_2024_no_mrio,project-local-derived-table,2024,0,fillna_to_zero_before_normalization
NOR,Norway,data-center footprint,osm_strict_data_center_count,osm_strict_data_center_count,13.0,count,0.36037086000862373,fillna->0; log1p min-max normalized,higher=stronger,0.1,global_token_compute_side_validation_panel_2024_no_mrio,project-local-derived-table,2024,0,fillna_to_zero_before_normalization
NOR,Norway,direct measured AI load gate,measured_ai_load_available,measured_ai_load_available,False,binary,0.0,boolean identity,higher=stronger,0.0,global_token_compute_side_validation_panel_2024_no_mrio,project-local-derived-table,2024,0,no_imputation_boolean_gate
NOR,Norway,hyperscale MW,accelerator_count_mixed_for_score,accelerator_count_mixed_for_score,100000.0,count,0.851900909985752,fillna->0; log1p min-max normalized,higher=stronger,0.15,global_token_compute_side_validation_panel_2024_no_mrio,project-local-derived-table,2024,0,fillna_to_zero_before_normalization
NOR,Norway,hyperscale MW,countable_project_capacity_mw,countable_project_capacity_mw,230.0,MW,0.6704950430902745,fillna->0; log1p min-max normalized,higher=stronger,0.25,global_token_compute_side_validation_panel_2024_no_mrio,project-local-derived-table,2024,0,fillna_to_zero_before_normalization
NOR,Norway,hyperscale MW,hyperscale_project_row_count,hyperscale_project_row_count,1.0,count,0.2789429456511298,fillna->0; log1p min-max normalized,higher=stronger,0.15,global_token_compute_side_validation_panel_2024_no_mrio,project-local-derived-table,2024,0,fillna_to_zero_before_normalization
NOR,Norway,public load/capacity,load_capacity_proxy_mw,load_capacity_proxy_mw,230.0,MW,0.6209821554455922,fillna->0; log1p min-max normalized,higher=stronger,0.1,global_token_compute_side_validation_panel_2024_no_mrio,project-local-derived-table,2024,0,fillna_to_zero_before_normalization
NOR,Norway,public load/capacity,public_load_envelope_twh_mid,public_load_envelope_twh_mid,1.5111,TWh,0.24472185746871392,fillna->0; log1p min-max normalized,higher=stronger,0.15,global_token_compute_side_validation_panel_2024_no_mrio,project-local-derived-table,2024,0,fillna_to_zero_before_normalization
NZL,New Zealand,AI cluster evidence,epoch_h100_equiv_sum,epoch_h100_equiv_sum,0.0,H100-equivalent count,0.0,fillna->0; log1p min-max normalized,higher=stronger,0.05,global_token_compute_side_validation_panel_2024_no_mrio,project-local-derived-table,2024,0,fillna_to_zero_before_normalization
NZL,New Zealand,AI cluster evidence,epoch_power_mw_sum,epoch_power_mw_sum,0.0,MW,0.0,fillna->0; log1p min-max normalized,higher=stronger,0.05,global_token_compute_side_validation_panel_2024_no_mrio,project-local-derived-table,2024,0,fillna_to_zero_before_normalization
NZL,New Zealand,capacity prior,ai_accelerator_region_count,ai_accelerator_region_count,1.0,count,0.21810429198553155,fillna->0; log1p min-max normalized,higher=stronger,0.2,global_token_compute_side_validation_panel_2024_no_mrio,project-local-derived-table,2024,0,fillna_to_zero_before_normalization
NZL,New Zealand,capacity prior,ai_compute_capacity_score,ai_compute_capacity_score,5.489339806004475,score,0.043933256981102925,fillna->0; linear min-max normalized,higher=stronger,0.35,global_token_compute_side_validation_panel_2024_no_mrio,project-local-derived-table,2024,0,fillna_to_zero_before_normalization
NZL,New Zealand,capacity prior,cloud_region_count,cloud_region_count,3,count,0.23540891336663824,fillna->0; log1p min-max normalized,higher=stronger,0.15,global_token_compute_side_validation_panel_2024_no_mrio,project-local-derived-table,2024,0,fillna_to_zero_before_normalization
NZL,New Zealand,capacity prior,frontier_accelerator_region_count,frontier_accelerator_region_count,0.0,count,0.0,fillna->0; log1p min-max normalized,higher=stronger,0.2,global_token_compute_side_validation_panel_2024_no_mrio,project-local-derived-table,2024,0,fillna_to_zero_before_normalization
NZL,New Zealand,cloud GPU regions,cloud_gpu_region_evidence_count,cloud_gpu_region_evidence_count,1.0,count,0.21810429198553155,fillna->0; log1p min-max normalized,higher=stronger,0.1,global_token_compute_side_validation_panel_2024_no_mrio,project-local-derived-table,2024,0,fillna_to_zero_before_normalization
NZL,New Zealand,data-center footprint,osm_strict_data_center_count,osm_strict_data_center_count,35.0,count,0.4893398060044751,fillna->0; log1p min-max normalized,higher=stronger,0.1,global_token_compute_side_validation_panel_2024_no_mrio,project-local-derived-table,2024,0,fillna_to_zero_before_normalization
NZL,New Zealand,direct measured AI load gate,measured_ai_load_available,measured_ai_load_available,False,binary,0.0,boolean identity,higher=stronger,0.0,global_token_compute_side_validation_panel_2024_no_mrio,project-local-derived-table,2024,0,no_imputation_boolean_gate
NZL,New Zealand,hyperscale MW,accelerator_count_mixed_for_score,accelerator_count_mixed_for_score,0.0,count,0.0,fillna->0; log1p min-max normalized,higher=stronger,0.15,global_token_compute_side_validation_panel_2024_no_mrio,project-local-derived-table,2024,0,fillna_to_zero_before_normalization
NZL,New Zealand,hyperscale MW,countable_project_capacity_mw,countable_project_capacity_mw,0.0,MW,0.0,fillna->0; log1p min-max normalized,higher=stronger,0.25,global_token_compute_side_validation_panel_2024_no_mrio,project-local-derived-table,2024,0,fillna_to_zero_before_normalization
NZL,New Zealand,hyperscale MW,hyperscale_project_row_count,hyperscale_project_row_count,0.0,count,0.0,fillna->0; log1p min-max normalized,higher=stronger,0.15,global_token_compute_side_validation_panel_2024_no_mrio,project-local-derived-table,2024,0,fillna_to_zero_before_normalization
NZL,New Zealand,public load/capacity,load_capacity_proxy_mw,load_capacity_proxy_mw,0.0,MW,0.0,fillna->0; log1p min-max normalized,higher=stronger,0.1,global_token_compute_side_validation_panel_2024_no_mrio,project-local-derived-table,2024,0,fillna_to_zero_before_normalization
NZL,New Zealand,public load/capacity,public_load_envelope_twh_mid,public_load_envelope_twh_mid,0.0,TWh,0.0,fillna->0; log1p min-max normalized,higher=stronger,0.15,global_token_compute_side_validation_panel_2024_no_mrio,project-local-derived-table,2024,0,fillna_to_zero_before_normalization
POL,Poland,AI cluster evidence,epoch_h100_equiv_sum,epoch_h100_equiv_sum,1237.0793330146755,H100-equivalent count,0.5072362978421882,fillna->0; log1p min-max normalized,higher=stronger,0.05,global_token_compute_side_validation_panel_2024_no_mrio,project-local-derived-table,2024,0,fillna_to_zero_before_normalization
POL,Poland,AI cluster evidence,epoch_power_mw_sum,epoch_power_mw_sum,1.91947392,MW,0.1407754459601362,fillna->0; log1p min-max normalized,higher=stronger,0.05,global_token_compute_side_validation_panel_2024_no_mrio,project-local-derived-table,2024,0,fillna_to_zero_before_normalization
POL,Poland,capacity prior,ai_accelerator_region_count,ai_accelerator_region_count,2.0,count,0.34568712404340535,fillna->0; log1p min-max normalized,higher=stronger,0.2,global_token_compute_side_validation_panel_2024_no_mrio,project-local-derived-table,2024,0,fillna_to_zero_before_normalization
POL,Poland,capacity prior,ai_compute_capacity_score,ai_compute_capacity_score,7.450055992540057,score,0.06511235037320799,fillna->0; linear min-max normalized,higher=stronger,0.35,global_token_compute_side_validation_panel_2024_no_mrio,project-local-derived-table,2024,0,fillna_to_zero_before_normalization
POL,Poland,capacity prior,cloud_region_count,cloud_region_count,3,count,0.23540891336663824,fillna->0; log1p min-max normalized,higher=stronger,0.15,global_token_compute_side_validation_panel_2024_no_mrio,project-local-derived-table,2024,0,fillna_to_zero_before_normalization
POL,Poland,capacity prior,frontier_accelerator_region_count,frontier_accelerator_region_count,0.0,count,0.0,fillna->0; log1p min-max normalized,higher=stronger,0.2,global_token_compute_side_validation_panel_2024_no_mrio,project-local-derived-table,2024,0,fillna_to_zero_before_normalization
POL,Poland,cloud GPU regions,cloud_gpu_region_evidence_count,cloud_gpu_region_evidence_count,2.0,count,0.34568712404340535,fillna->0; log1p min-max normalized,higher=stronger,0.1,global_token_compute_side_validation_panel_2024_no_mrio,project-local-derived-table,2024,0,fillna_to_zero_before_normalization
POL,Poland,data-center footprint,osm_strict_data_center_count,osm_strict_data_center_count,26.0,count,0.4500559925400569,fillna->0; log1p min-max normalized,higher=stronger,0.1,global_token_compute_side_validation_panel_2024_no_mrio,project-local-derived-table,2024,0,fillna_to_zero_before_normalization
POL,Poland,direct measured AI load gate,measured_ai_load_available,measured_ai_load_available,False,binary,0.0,boolean identity,higher=stronger,0.0,global_token_compute_side_validation_panel_2024_no_mrio,project-local-derived-table,2024,0,no_imputation_boolean_gate
POL,Poland,hyperscale MW,accelerator_count_mixed_for_score,accelerator_count_mixed_for_score,0.0,count,0.0,fillna->0; log1p min-max normalized,higher=stronger,0.15,global_token_compute_side_validation_panel_2024_no_mrio,project-local-derived-table,2024,0,fillna_to_zero_before_normalization
POL,Poland,hyperscale MW,countable_project_capacity_mw,countable_project_capacity_mw,0.0,MW,0.0,fillna->0; log1p min-max normalized,higher=stronger,0.25,global_token_compute_side_validation_panel_2024_no_mrio,project-local-derived-table,2024,0,fillna_to_zero_before_normalization
POL,Poland,hyperscale MW,hyperscale_project_row_count,hyperscale_project_row_count,0.0,count,0.0,fillna->0; log1p min-max normalized,higher=stronger,0.15,global_token_compute_side_validation_panel_2024_no_mrio,project-local-derived-table,2024,0,fillna_to_zero_before_normalization
POL,Poland,public load/capacity,load_capacity_proxy_mw,load_capacity_proxy_mw,0.0,MW,0.0,fillna->0; log1p min-max normalized,higher=stronger,0.1,global_token_compute_side_validation_panel_2024_no_mrio,project-local-derived-table,2024,0,fillna_to_zero_before_normalization
POL,Poland,public load/capacity,public_load_envelope_twh_mid,public_load_envelope_twh_mid,0.0,TWh,0.0,fillna->0; log1p min-max normalized,higher=stronger,0.15,global_token_compute_side_validation_panel_2024_no_mrio,project-local-derived-table,2024,0,fillna_to_zero_before_normalization
QAT,Qatar,AI cluster evidence,epoch_h100_equiv_sum,epoch_h100_equiv_sum,0.0,H100-equivalent count,0.0,fillna->0; log1p min-max normalized,higher=stronger,0.05,global_token_compute_side_validation_panel_2024_no_mrio,project-local-derived-table,2024,0,fillna_to_zero_before_normalization
QAT,Qatar,AI cluster evidence,epoch_power_mw_sum,epoch_power_mw_sum,0.0,MW,0.0,fillna->0; log1p min-max normalized,higher=stronger,0.05,global_token_compute_side_validation_panel_2024_no_mrio,project-local-derived-table,2024,0,fillna_to_zero_before_normalization
QAT,Qatar,capacity prior,ai_accelerator_region_count,ai_accelerator_region_count,1.0,count,0.21810429198553155,fillna->0; log1p min-max normalized,higher=stronger,0.2,global_token_compute_side_validation_panel_2024_no_mrio,project-local-derived-table,2024,0,fillna_to_zero_before_normalization
QAT,Qatar,capacity prior,ai_compute_capacity_score,ai_compute_capacity_score,5.0,score,0.03864754886943826,fillna->0; linear min-max normalized,higher=stronger,0.35,global_token_compute_side_validation_panel_2024_no_mrio,project-local-derived-table,2024,0,fillna_to_zero_before_normalization
QAT,Qatar,capacity prior,cloud_region_count,cloud_region_count,3,count,0.23540891336663824,fillna->0; log1p min-max normalized,higher=stronger,0.15,global_token_compute_side_validation_panel_2024_no_mrio,project-local-derived-table,2024,0,fillna_to_zero_before_normalization
QAT,Qatar,capacity prior,frontier_accelerator_region_count,frontier_accelerator_region_count,0.0,count,0.0,fillna->0; log1p min-max normalized,higher=stronger,0.2,global_token_compute_side_validation_panel_2024_no_mrio,project-local-derived-table,2024,0,fillna_to_zero_before_normalization
QAT,Qatar,cloud GPU regions,cloud_gpu_region_evidence_count,cloud_gpu_region_evidence_count,1.0,count,0.21810429198553155,fillna->0; log1p min-max normalized,higher=stronger,0.1,global_token_compute_side_validation_panel_2024_no_mrio,project-local-derived-table,2024,0,fillna_to_zero_before_normalization
QAT,Qatar,data-center footprint,osm_strict_data_center_count,osm_strict_data_center_count,0.0,count,0.0,fillna->0; log1p min-max normalized,higher=stronger,0.1,global_token_compute_side_validation_panel_2024_no_mrio,project-local-derived-table,2024,0,fillna_to_zero_before_normalization
QAT,Qatar,direct measured AI load gate,measured_ai_load_available,measured_ai_load_available,False,binary,0.0,boolean identity,higher=stronger,0.0,global_token_compute_side_validation_panel_2024_no_mrio,project-local-derived-table,2024,0,no_imputation_boolean_gate
QAT,Qatar,hyperscale MW,accelerator_count_mixed_for_score,accelerator_count_mixed_for_score,0.0,count,0.0,fillna->0; log1p min-max normalized,higher=stronger,0.15,global_token_compute_side_validation_panel_2024_no_mrio,project-local-derived-table,2024,0,fillna_to_zero_before_normalization
QAT,Qatar,hyperscale MW,countable_project_capacity_mw,countable_project_capacity_mw,0.0,MW,0.0,fillna->0; log1p min-max normalized,higher=stronger,0.25,global_token_compute_side_validation_panel_2024_no_mrio,project-local-derived-table,2024,0,fillna_to_zero_before_normalization
QAT,Qatar,hyperscale MW,hyperscale_project_row_count,hyperscale_project_row_count,0.0,count,0.0,fillna->0; log1p min-max normalized,higher=stronger,0.15,global_token_compute_side_validation_panel_2024_no_mrio,project-local-derived-table,2024,0,fillna_to_zero_before_normalization
QAT,Qatar,public load/capacity,load_capacity_proxy_mw,load_capacity_proxy_mw,0.0,MW,0.0,fillna->0; log1p min-max normalized,higher=stronger,0.1,global_token_compute_side_validation_panel_2024_no_mrio,project-local-derived-table,2024,0,fillna_to_zero_before_normalization
QAT,Qatar,public load/capacity,public_load_envelope_twh_mid,public_load_envelope_twh_mid,0.0,TWh,0.0,fillna->0; log1p min-max normalized,higher=stronger,0.15,global_token_compute_side_validation_panel_2024_no_mrio,project-local-derived-table,2024,0,fillna_to_zero_before_normalization
SAU,Saudi Arabia,AI cluster evidence,epoch_h100_equiv_sum,epoch_h100_equiv_sum,8391.113693908272,H100-equivalent count,0.6435473165669113,fillna->0; log1p min-max normalized,higher=stronger,0.05,global_token_compute_side_validation_panel_2024_no_mrio,project-local-derived-table,2024,0,fillna_to_zero_before_normalization
SAU,Saudi Arabia,AI cluster evidence,epoch_power_mw_sum,epoch_power_mw_sum,14.18135719,MW,0.35739927421383744,fillna->0; log1p min-max normalized,higher=stronger,0.05,global_token_compute_side_validation_panel_2024_no_mrio,project-local-derived-table,2024,0,fillna_to_zero_before_normalization
SAU,Saudi Arabia,capacity prior,ai_accelerator_region_count,ai_accelerator_region_count,1.0,count,0.21810429198553155,fillna->0; log1p min-max normalized,higher=stronger,0.2,global_token_compute_side_validation_panel_2024_no_mrio,project-local-derived-table,2024,0,fillna_to_zero_before_normalization
SAU,Saudi Arabia,capacity prior,ai_compute_capacity_score,ai_compute_capacity_score,3.0946512388222187,score,0.018066518511945684,fillna->0; linear min-max normalized,higher=stronger,0.35,global_token_compute_side_validation_panel_2024_no_mrio,project-local-derived-table,2024,0,fillna_to_zero_before_normalization
SAU,Saudi Arabia,capacity prior,cloud_region_count,cloud_region_count,1,count,0.0,fillna->0; log1p min-max normalized,higher=stronger,0.15,global_token_compute_side_validation_panel_2024_no_mrio,project-local-derived-table,2024,0,fillna_to_zero_before_normalization
SAU,Saudi Arabia,capacity prior,frontier_accelerator_region_count,frontier_accelerator_region_count,0.0,count,0.0,fillna->0; log1p min-max normalized,higher=stronger,0.2,global_token_compute_side_validation_panel_2024_no_mrio,project-local-derived-table,2024,0,fillna_to_zero_before_normalization
SAU,Saudi Arabia,cloud GPU regions,cloud_gpu_region_evidence_count,cloud_gpu_region_evidence_count,1.0,count,0.21810429198553155,fillna->0; log1p min-max normalized,higher=stronger,0.1,global_token_compute_side_validation_panel_2024_no_mrio,project-local-derived-table,2024,0,fillna_to_zero_before_normalization
SAU,Saudi Arabia,data-center footprint,osm_strict_data_center_count,osm_strict_data_center_count,1.0,count,0.09465123882221858,fillna->0; log1p min-max normalized,higher=stronger,0.1,global_token_compute_side_validation_panel_2024_no_mrio,project-local-derived-table,2024,0,fillna_to_zero_before_normalization
SAU,Saudi Arabia,direct measured AI load gate,measured_ai_load_available,measured_ai_load_available,False,binary,0.0,boolean identity,higher=stronger,0.0,global_token_compute_side_validation_panel_2024_no_mrio,project-local-derived-table,2024,0,no_imputation_boolean_gate
SAU,Saudi Arabia,hyperscale MW,accelerator_count_mixed_for_score,accelerator_count_mixed_for_score,18000.0,count,0.7250175848565984,fillna->0; log1p min-max normalized,higher=stronger,0.15,global_token_compute_side_validation_panel_2024_no_mrio,project-local-derived-table,2024,0,fillna_to_zero_before_normalization
SAU,Saudi Arabia,hyperscale MW,countable_project_capacity_mw,countable_project_capacity_mw,100.0,MW,0.5685736733922271,fillna->0; log1p min-max normalized,higher=stronger,0.25,global_token_compute_side_validation_panel_2024_no_mrio,project-local-derived-table,2024,0,fillna_to_zero_before_normalization
SAU,Saudi Arabia,hyperscale MW,hyperscale_project_row_count,hyperscale_project_row_count,2.0,count,0.4421141086977403,fillna->0; log1p min-max normalized,higher=stronger,0.15,global_token_compute_side_validation_panel_2024_no_mrio,project-local-derived-table,2024,0,fillna_to_zero_before_normalization
SAU,Saudi Arabia,public load/capacity,load_capacity_proxy_mw,load_capacity_proxy_mw,300.0,MW,0.6511836874846635,fillna->0; log1p min-max normalized,higher=stronger,0.1,global_token_compute_side_validation_panel_2024_no_mrio,project-local-derived-table,2024,0,fillna_to_zero_before_normalization
SAU,Saudi Arabia,public load/capacity,public_load_envelope_twh_mid,public_load_envelope_twh_mid,1.971,TWh,0.2894224361841562,fillna->0; log1p min-max normalized,higher=stronger,0.15,global_token_compute_side_validation_panel_2024_no_mrio,project-local-derived-table,2024,0,fillna_to_zero_before_normalization
SGP,Singapore,AI cluster evidence,epoch_h100_equiv_sum,epoch_h100_equiv_sum,1215.7089439289678,H100-equivalent count,0.5059961045152864,fillna->0; log1p min-max normalized,higher=stronger,0.05,global_token_compute_side_validation_panel_2024_no_mrio,project-local-derived-table,2024,0,fillna_to_zero_before_normalization
SGP,Singapore,AI cluster evidence,epoch_power_mw_sum,epoch_power_mw_sum,1.9789952,MW,0.14342731190702557,fillna->0; log1p min-max normalized,higher=stronger,0.05,global_token_compute_side_validation_panel_2024_no_mrio,project-local-derived-table,2024,0,fillna_to_zero_before_normalization
SGP,Singapore,capacity prior,ai_accelerator_region_count,ai_accelerator_region_count,3.0,count,0.4362085839710631,fillna->0; log1p min-max normalized,higher=stronger,0.2,global_token_compute_side_validation_panel_2024_no_mrio,project-local-derived-table,2024,0,fillna_to_zero_before_normalization
SGP,Singapore,capacity prior,ai_compute_capacity_score,ai_compute_capacity_score,14.0,score,0.13586296527589956,fillna->0; linear min-max normalized,higher=stronger,0.35,global_token_compute_side_validation_panel_2024_no_mrio,project-local-derived-table,2024,0,fillna_to_zero_before_normalization
SGP,Singapore,capacity prior,cloud_region_count,cloud_region_count,4,count,0.3111936563662642,fillna->0; log1p min-max normalized,higher=stronger,0.15,global_token_compute_side_validation_panel_2024_no_mrio,project-local-derived-table,2024,0,fillna_to_zero_before_normalization
SGP,Singapore,capacity prior,frontier_accelerator_region_count,frontier_accelerator_region_count,2.0,count,0.4162896638657993,fillna->0; log1p min-max normalized,higher=stronger,0.2,global_token_compute_side_validation_panel_2024_no_mrio,project-local-derived-table,2024,0,fillna_to_zero_before_normalization
SGP,Singapore,cloud GPU regions,cloud_gpu_region_evidence_count,cloud_gpu_region_evidence_count,3.0,count,0.4362085839710631,fillna->0; log1p min-max normalized,higher=stronger,0.1,global_token_compute_side_validation_panel_2024_no_mrio,project-local-derived-table,2024,0,fillna_to_zero_before_normalization
SGP,Singapore,data-center footprint,osm_strict_data_center_count,osm_strict_data_center_count,0.0,count,0.0,fillna->0; log1p min-max normalized,higher=stronger,0.1,global_token_compute_side_validation_panel_2024_no_mrio,project-local-derived-table,2024,0,fillna_to_zero_before_normalization
SGP,Singapore,direct measured AI load gate,measured_ai_load_available,measured_ai_load_available,False,binary,0.0,boolean identity,higher=stronger,0.0,global_token_compute_side_validation_panel_2024_no_mrio,project-local-derived-table,2024,0,no_imputation_boolean_gate
SGP,Singapore,hyperscale MW,accelerator_count_mixed_for_score,accelerator_count_mixed_for_score,0.0,count,0.0,fillna->0; log1p min-max normalized,higher=stronger,0.15,global_token_compute_side_validation_panel_2024_no_mrio,project-local-derived-table,2024,0,fillna_to_zero_before_normalization
SGP,Singapore,hyperscale MW,countable_project_capacity_mw,countable_project_capacity_mw,0.0,MW,0.0,fillna->0; log1p min-max normalized,higher=stronger,0.25,global_token_compute_side_validation_panel_2024_no_mrio,project-local-derived-table,2024,0,fillna_to_zero_before_normalization
SGP,Singapore,hyperscale MW,hyperscale_project_row_count,hyperscale_project_row_count,0.0,count,0.0,fillna->0; log1p min-max normalized,higher=stronger,0.15,global_token_compute_side_validation_panel_2024_no_mrio,project-local-derived-table,2024,0,fillna_to_zero_before_normalization
SGP,Singapore,public load/capacity,load_capacity_proxy_mw,load_capacity_proxy_mw,300.0,MW,0.6511836874846635,fillna->0; log1p min-max normalized,higher=stronger,0.1,global_token_compute_side_validation_panel_2024_no_mrio,project-local-derived-table,2024,0,fillna_to_zero_before_normalization
SGP,Singapore,public load/capacity,public_load_envelope_twh_mid,public_load_envelope_twh_mid,1.971,TWh,0.2894224361841562,fillna->0; log1p min-max normalized,higher=stronger,0.15,global_token_compute_side_validation_panel_2024_no_mrio,project-local-derived-table,2024,0,fillna_to_zero_before_normalization
SWE,Sweden,AI cluster evidence,epoch_h100_equiv_sum,epoch_h100_equiv_sum,4932.462860102945,H100-equivalent count,0.605707413362813,fillna->0; log1p min-max normalized,higher=stronger,0.05,global_token_compute_side_validation_panel_2024_no_mrio,project-local-derived-table,2024,0,fillna_to_zero_before_normalization
SWE,Sweden,AI cluster evidence,epoch_power_mw_sum,epoch_power_mw_sum,7.43212288,MW,0.280137320378046,fillna->0; log1p min-max normalized,higher=stronger,0.05,global_token_compute_side_validation_panel_2024_no_mrio,project-local-derived-table,2024,0,fillna_to_zero_before_normalization
SWE,Sweden,capacity prior,ai_accelerator_region_count,ai_accelerator_region_count,2.0,count,0.34568712404340535,fillna->0; log1p min-max normalized,higher=stronger,0.2,global_token_compute_side_validation_panel_2024_no_mrio,project-local-derived-table,2024,0,fillna_to_zero_before_normalization
SWE,Sweden,capacity prior,ai_compute_capacity_score,ai_compute_capacity_score,10.433972380646676,score,0.09734375861674675,fillna->0; linear min-max normalized,higher=stronger,0.35,global_token_compute_side_validation_panel_2024_no_mrio,project-local-derived-table,2024,0,fillna_to_zero_before_normalization
SWE,Sweden,capacity prior,cloud_region_count,cloud_region_count,4,count,0.3111936563662642,fillna->0; log1p min-max normalized,higher=stronger,0.15,global_token_compute_side_validation_panel_2024_no_mrio,project-local-derived-table,2024,0,fillna_to_zero_before_normalization
SWE,Sweden,capacity prior,frontier_accelerator_region_count,frontier_accelerator_region_count,1.0,count,0.26264953503719357,fillna->0; log1p min-max normalized,higher=stronger,0.2,global_token_compute_side_validation_panel_2024_no_mrio,project-local-derived-table,2024,0,fillna_to_zero_before_normalization
SWE,Sweden,cloud GPU regions,cloud_gpu_region_evidence_count,cloud_gpu_region_evidence_count,2.0,count,0.34568712404340535,fillna->0; log1p min-max normalized,higher=stronger,0.1,global_token_compute_side_validation_panel_2024_no_mrio,project-local-derived-table,2024,0,fillna_to_zero_before_normalization
SWE,Sweden,data-center footprint,osm_strict_data_center_count,osm_strict_data_center_count,23.0,count,0.43397238064667476,fillna->0; log1p min-max normalized,higher=stronger,0.1,global_token_compute_side_validation_panel_2024_no_mrio,project-local-derived-table,2024,0,fillna_to_zero_before_normalization
SWE,Sweden,direct measured AI load gate,measured_ai_load_available,measured_ai_load_available,False,binary,0.0,boolean identity,higher=stronger,0.0,global_token_compute_side_validation_panel_2024_no_mrio,project-local-derived-table,2024,0,no_imputation_boolean_gate
SWE,Sweden,hyperscale MW,accelerator_count_mixed_for_score,accelerator_count_mixed_for_score,0.0,count,0.0,fillna->0; log1p min-max normalized,higher=stronger,0.15,global_token_compute_side_validation_panel_2024_no_mrio,project-local-derived-table,2024,0,fillna_to_zero_before_normalization
SWE,Sweden,hyperscale MW,countable_project_capacity_mw,countable_project_capacity_mw,0.0,MW,0.0,fillna->0; log1p min-max normalized,higher=stronger,0.25,global_token_compute_side_validation_panel_2024_no_mrio,project-local-derived-table,2024,0,fillna_to_zero_before_normalization
SWE,Sweden,hyperscale MW,hyperscale_project_row_count,hyperscale_project_row_count,0.0,count,0.0,fillna->0; log1p min-max normalized,higher=stronger,0.15,global_token_compute_side_validation_panel_2024_no_mrio,project-local-derived-table,2024,0,fillna_to_zero_before_normalization
SWE,Sweden,public load/capacity,load_capacity_proxy_mw,load_capacity_proxy_mw,0.0,MW,0.0,fillna->0; log1p min-max normalized,higher=stronger,0.1,global_token_compute_side_validation_panel_2024_no_mrio,project-local-derived-table,2024,0,fillna_to_zero_before_normalization
SWE,Sweden,public load/capacity,public_load_envelope_twh_mid,public_load_envelope_twh_mid,0.0,TWh,0.0,fillna->0; log1p min-max normalized,higher=stronger,0.15,global_token_compute_side_validation_panel_2024_no_mrio,project-local-derived-table,2024,0,fillna_to_zero_before_normalization
TWN,Taiwan,AI cluster evidence,epoch_h100_equiv_sum,epoch_h100_equiv_sum,1710.164729686626,H100-equivalent count,0.5302865675576081,fillna->0; log1p min-max normalized,higher=stronger,0.05,global_token_compute_side_validation_panel_2024_no_mrio,project-local-derived-table,2024,0,fillna_to_zero_before_normalization
TWN,Taiwan,AI cluster evidence,epoch_power_mw_sum,epoch_power_mw_sum,4.16931168,MW,0.21584529596336618,fillna->0; log1p min-max normalized,higher=stronger,0.05,global_token_compute_side_validation_panel_2024_no_mrio,project-local-derived-table,2024,0,fillna_to_zero_before_normalization
TWN,Taiwan,capacity prior,ai_accelerator_region_count,ai_accelerator_region_count,1.0,count,0.21810429198553155,fillna->0; log1p min-max normalized,higher=stronger,0.2,global_token_compute_side_validation_panel_2024_no_mrio,project-local-derived-table,2024,0,fillna_to_zero_before_normalization
TWN,Taiwan,capacity prior,ai_compute_capacity_score,ai_compute_capacity_score,3.265719621186405,score,0.01991435007033614,fillna->0; linear min-max normalized,higher=stronger,0.35,global_token_compute_side_validation_panel_2024_no_mrio,project-local-derived-table,2024,0,fillna_to_zero_before_normalization
TWN,Taiwan,capacity prior,cloud_region_count,cloud_region_count,1,count,0.0,fillna->0; log1p min-max normalized,higher=stronger,0.15,global_token_compute_side_validation_panel_2024_no_mrio,project-local-derived-table,2024,0,fillna_to_zero_before_normalization
TWN,Taiwan,capacity prior,frontier_accelerator_region_count,frontier_accelerator_region_count,0.0,count,0.0,fillna->0; log1p min-max normalized,higher=stronger,0.2,global_token_compute_side_validation_panel_2024_no_mrio,project-local-derived-table,2024,0,fillna_to_zero_before_normalization
TWN,Taiwan,cloud GPU regions,cloud_gpu_region_evidence_count,cloud_gpu_region_evidence_count,1.0,count,0.21810429198553155,fillna->0; log1p min-max normalized,higher=stronger,0.1,global_token_compute_side_validation_panel_2024_no_mrio,project-local-derived-table,2024,0,fillna_to_zero_before_normalization
TWN,Taiwan,data-center footprint,osm_strict_data_center_count,osm_strict_data_center_count,6.0,count,0.26571962118640513,fillna->0; log1p min-max normalized,higher=stronger,0.1,global_token_compute_side_validation_panel_2024_no_mrio,project-local-derived-table,2024,0,fillna_to_zero_before_normalization
TWN,Taiwan,direct measured AI load gate,measured_ai_load_available,measured_ai_load_available,False,binary,0.0,boolean identity,higher=stronger,0.0,global_token_compute_side_validation_panel_2024_no_mrio,project-local-derived-table,2024,0,no_imputation_boolean_gate
TWN,Taiwan,hyperscale MW,accelerator_count_mixed_for_score,accelerator_count_mixed_for_score,0.0,count,0.0,fillna->0; log1p min-max normalized,higher=stronger,0.15,global_token_compute_side_validation_panel_2024_no_mrio,project-local-derived-table,2024,0,fillna_to_zero_before_normalization
TWN,Taiwan,hyperscale MW,countable_project_capacity_mw,countable_project_capacity_mw,0.0,MW,0.0,fillna->0; log1p min-max normalized,higher=stronger,0.25,global_token_compute_side_validation_panel_2024_no_mrio,project-local-derived-table,2024,0,fillna_to_zero_before_normalization
TWN,Taiwan,hyperscale MW,hyperscale_project_row_count,hyperscale_project_row_count,0.0,count,0.0,fillna->0; log1p min-max normalized,higher=stronger,0.15,global_token_compute_side_validation_panel_2024_no_mrio,project-local-derived-table,2024,0,fillna_to_zero_before_normalization
TWN,Taiwan,public load/capacity,load_capacity_proxy_mw,load_capacity_proxy_mw,0.0,MW,0.0,fillna->0; log1p min-max normalized,higher=stronger,0.1,global_token_compute_side_validation_panel_2024_no_mrio,project-local-derived-table,2024,0,fillna_to_zero_before_normalization
TWN,Taiwan,public load/capacity,public_load_envelope_twh_mid,public_load_envelope_twh_mid,0.0,TWh,0.0,fillna->0; log1p min-max normalized,higher=stronger,0.15,global_token_compute_side_validation_panel_2024_no_mrio,project-local-derived-table,2024,0,fillna_to_zero_before_normalization
USA,United States,AI cluster evidence,epoch_h100_equiv_sum,epoch_h100_equiv_sum,1250989.0581124031,H100-equivalent count,1.0,fillna->0; log1p min-max normalized,higher=stronger,0.05,global_token_compute_side_validation_panel_2024_no_mrio,project-local-derived-table,2024,0,fillna_to_zero_before_normalization
USA,United States,AI cluster evidence,epoch_power_mw_sum,epoch_power_mw_sum,2018.745175608,MW,1.0,fillna->0; log1p min-max normalized,higher=stronger,0.05,global_token_compute_side_validation_panel_2024_no_mrio,project-local-derived-table,2024,0,fillna_to_zero_before_normalization
USA,United States,capacity prior,ai_accelerator_region_count,ai_accelerator_region_count,23.0,count,1.0,fillna->0; log1p min-max normalized,higher=stronger,0.2,global_token_compute_side_validation_panel_2024_no_mrio,project-local-derived-table,2024,0,fillna_to_zero_before_normalization
USA,United States,capacity prior,ai_compute_capacity_score,ai_compute_capacity_score,94.0,score,1.0,fillna->0; linear min-max normalized,higher=stronger,0.35,global_token_compute_side_validation_panel_2024_no_mrio,project-local-derived-table,2024,0,fillna_to_zero_before_normalization
USA,United States,capacity prior,cloud_region_count,cloud_region_count,37,count,1.0,fillna->0; log1p min-max normalized,higher=stronger,0.15,global_token_compute_side_validation_panel_2024_no_mrio,project-local-derived-table,2024,0,fillna_to_zero_before_normalization
USA,United States,capacity prior,frontier_accelerator_region_count,frontier_accelerator_region_count,13.0,count,1.0,fillna->0; log1p min-max normalized,higher=stronger,0.2,global_token_compute_side_validation_panel_2024_no_mrio,project-local-derived-table,2024,0,fillna_to_zero_before_normalization
USA,United States,cloud GPU regions,cloud_gpu_region_evidence_count,cloud_gpu_region_evidence_count,23.0,count,1.0,fillna->0; log1p min-max normalized,higher=stronger,0.1,global_token_compute_side_validation_panel_2024_no_mrio,project-local-derived-table,2024,0,fillna_to_zero_before_normalization
USA,United States,data-center footprint,osm_strict_data_center_count,osm_strict_data_center_count,1514.0,count,1.0,fillna->0; log1p min-max normalized,higher=stronger,0.1,global_token_compute_side_validation_panel_2024_no_mrio,project-local-derived-table,2024,0,fillna_to_zero_before_normalization
USA,United States,direct measured AI load gate,measured_ai_load_available,measured_ai_load_available,False,binary,0.0,boolean identity,higher=stronger,0.0,global_token_compute_side_validation_panel_2024_no_mrio,project-local-derived-table,2024,0,no_imputation_boolean_gate
USA,United States,hyperscale MW,accelerator_count_mixed_for_score,accelerator_count_mixed_for_score,740000.0,count,1.0,fillna->0; log1p min-max normalized,higher=stronger,0.15,global_token_compute_side_validation_panel_2024_no_mrio,project-local-derived-table,2024,0,fillna_to_zero_before_normalization
USA,United States,hyperscale MW,countable_project_capacity_mw,countable_project_capacity_mw,3350.0,MW,1.0,fillna->0; log1p min-max normalized,higher=stronger,0.25,global_token_compute_side_validation_panel_2024_no_mrio,project-local-derived-table,2024,0,fillna_to_zero_before_normalization
USA,United States,hyperscale MW,hyperscale_project_row_count,hyperscale_project_row_count,11.0,count,1.0,fillna->0; log1p min-max normalized,higher=stronger,0.15,global_token_compute_side_validation_panel_2024_no_mrio,project-local-derived-table,2024,0,fillna_to_zero_before_normalization
USA,United States,public load/capacity,load_capacity_proxy_mw,load_capacity_proxy_mw,2522.0,MW,0.8937718732371397,fillna->0; log1p min-max normalized,higher=stronger,0.1,global_token_compute_side_validation_panel_2024_no_mrio,project-local-derived-table,2024,0,fillna_to_zero_before_normalization
USA,United States,public load/capacity,public_load_envelope_twh_mid,public_load_envelope_twh_mid,25.8484824,TWh,0.8745170520414706,fillna->0; log1p min-max normalized,higher=stronger,0.15,global_token_compute_side_validation_panel_2024_no_mrio,project-local-derived-table,2024,0,fillna_to_zero_before_normalization
ZAF,South Africa,AI cluster evidence,epoch_h100_equiv_sum,epoch_h100_equiv_sum,0.0,H100-equivalent count,0.0,fillna->0; log1p min-max normalized,higher=stronger,0.05,global_token_compute_side_validation_panel_2024_no_mrio,project-local-derived-table,2024,0,fillna_to_zero_before_normalization
ZAF,South Africa,AI cluster evidence,epoch_power_mw_sum,epoch_power_mw_sum,0.0,MW,0.0,fillna->0; log1p min-max normalized,higher=stronger,0.05,global_token_compute_side_validation_panel_2024_no_mrio,project-local-derived-table,2024,0,fillna_to_zero_before_normalization
ZAF,South Africa,capacity prior,ai_accelerator_region_count,ai_accelerator_region_count,3.0,count,0.4362085839710631,fillna->0; log1p min-max normalized,higher=stronger,0.2,global_token_compute_side_validation_panel_2024_no_mrio,project-local-derived-table,2024,0,fillna_to_zero_before_normalization
ZAF,South Africa,capacity prior,ai_compute_capacity_score,ai_compute_capacity_score,10.547212858961975,score,0.09856694975602327,fillna->0; linear min-max normalized,higher=stronger,0.35,global_token_compute_side_validation_panel_2024_no_mrio,project-local-derived-table,2024,0,fillna_to_zero_before_normalization
ZAF,South Africa,capacity prior,cloud_region_count,cloud_region_count,5,count,0.3731143000216369,fillna->0; log1p min-max normalized,higher=stronger,0.15,global_token_compute_side_validation_panel_2024_no_mrio,project-local-derived-table,2024,0,fillna_to_zero_before_normalization
ZAF,South Africa,capacity prior,frontier_accelerator_region_count,frontier_accelerator_region_count,0.0,count,0.0,fillna->0; log1p min-max normalized,higher=stronger,0.2,global_token_compute_side_validation_panel_2024_no_mrio,project-local-derived-table,2024,0,fillna_to_zero_before_normalization
ZAF,South Africa,cloud GPU regions,cloud_gpu_region_evidence_count,cloud_gpu_region_evidence_count,3.0,count,0.4362085839710631,fillna->0; log1p min-max normalized,higher=stronger,0.1,global_token_compute_side_validation_panel_2024_no_mrio,project-local-derived-table,2024,0,fillna_to_zero_before_normalization
ZAF,South Africa,data-center footprint,osm_strict_data_center_count,osm_strict_data_center_count,54.0,count,0.5472128589619759,fillna->0; log1p min-max normalized,higher=stronger,0.1,global_token_compute_side_validation_panel_2024_no_mrio,project-local-derived-table,2024,0,fillna_to_zero_before_normalization
ZAF,South Africa,direct measured AI load gate,measured_ai_load_available,measured_ai_load_available,False,binary,0.0,boolean identity,higher=stronger,0.0,global_token_compute_side_validation_panel_2024_no_mrio,project-local-derived-table,2024,0,no_imputation_boolean_gate
ZAF,South Africa,hyperscale MW,accelerator_count_mixed_for_score,accelerator_count_mixed_for_score,0.0,count,0.0,fillna->0; log1p min-max normalized,higher=stronger,0.15,global_token_compute_side_validation_panel_2024_no_mrio,project-local-derived-table,2024,0,fillna_to_zero_before_normalization
ZAF,South Africa,hyperscale MW,countable_project_capacity_mw,countable_project_capacity_mw,0.0,MW,0.0,fillna->0; log1p min-max normalized,higher=stronger,0.25,global_token_compute_side_validation_panel_2024_no_mrio,project-local-derived-table,2024,0,fillna_to_zero_before_normalization
ZAF,South Africa,hyperscale MW,hyperscale_project_row_count,hyperscale_project_row_count,0.0,count,0.0,fillna->0; log1p min-max normalized,higher=stronger,0.15,global_token_compute_side_validation_panel_2024_no_mrio,project-local-derived-table,2024,0,fillna_to_zero_before_normalization
ZAF,South Africa,public load/capacity,load_capacity_proxy_mw,load_capacity_proxy_mw,0.0,MW,0.0,fillna->0; log1p min-max normalized,higher=stronger,0.1,global_token_compute_side_validation_panel_2024_no_mrio,project-local-derived-table,2024,0,fillna_to_zero_before_normalization
ZAF,South Africa,public load/capacity,public_load_envelope_twh_mid,public_load_envelope_twh_mid,0.0,TWh,0.0,fillna->0; log1p min-max normalized,higher=stronger,0.15,global_token_compute_side_validation_panel_2024_no_mrio,project-local-derived-table,2024,0,fillna_to_zero_before_normalization
